Select all keywords,Keyword,Intent,Relevance,Related %,Volume,Trend,Pot. Traffic,PKD %,KD %,CPC (USD),Com.,SERP Features,Results,Updated
how to start a website,how to start a website​,I,n/a,0,"9,900",,n/a,n/a,79,5.80,0.75,,182,3 weeks
how to start a website for free,how to start a website for free​,I,n/a,0,720,,n/a,n/a,100,4.65,0.74,+3,5.3B,1 month
how to start up a website,how to start up a website​,I,n/a,0,720,,n/a,n/a,69,5.80,0.75,+3,194,1 month
how to start a website from scratch,how to start a website from scratch​,I,n/a,0,590,,n/a,n/a,61,5.33,0.59,+3,520M,1 month
how to start a website business,how to start a website business​,I,n/a,0,480,,n/a,n/a,50,6.70,0.79,+2,3.9B,1 month
how to start a website for my business,how to start a website for my business​,I,n/a,0,480,,n/a,n/a,65,10.03,0.82,+2,5.3B,1 month
how much does it cost to start a website,how much does it cost to start a website​,I,n/a,0,320,,n/a,n/a,47,3.51,0.62,+2,2.9B,1 month
how to start a website for your business,how to start a website for your business​,I,n/a,0,320,,n/a,n/a,50,8.61,0.81,,148,1 month
how to start a wordpress blog website,how to start a wordpress blog website​,I,n/a,0,320,,n/a,n/a,19,3.41,0.45,+2,236M,1 month
how to start a wordpress website,how to start a wordpress website​,I,n/a,0,320,,n/a,n/a,59,4.96,0.83,+2,237M,1 month
how to start a blog website for free,how to start a blog website for free​,I,n/a,0,260,,n/a,n/a,69,1.92,0.67,,4B,1 month
how to start a porn website,how to start a porn website​,I,n/a,0,260,,n/a,n/a,21,1.68,0.05,,153M,1 month
how to start a business website,how to start a business website​,I,n/a,0,210,,n/a,n/a,50,6.70,0.79,,4.3B,1 month
how to start a blog website,how to start a blog website​,I,n/a,0,170,,n/a,n/a,67,4.17,0.69,,2.8B,1 month
how to start a wedding website,how to start a wedding website​,I,n/a,0,170,,n/a,n/a,38,8.95,0.88,+2,976M,1 month
how to start a affiliate website,how to start a affiliate website​,I,n/a,0,140,,n/a,n/a,44,5.14,0.89,+2,665M,1 month
how to start a dating website,how to start a dating website​,I,n/a,0,140,,n/a,n/a,20,2.15,0.12,,167,1 month
how to start a website company,how to start a website company​,I,n/a,0,140,,n/a,n/a,46,6.70,0.79,+2,4.4B,1 month
how to start a website for a small business,how to start a website for a small business​,I,n/a,0,140,,n/a,n/a,59,8.32,0.74,+3,2.8B,1 month
how to start a website in wordpress,how to start a website in wordpress​,I,n/a,0,140,,n/a,n/a,67,4.96,0.83,+2,233M,1 month
how to start a photography website,how to start a photography website​,I,n/a,0,110,,n/a,n/a,25,3.54,0.77,,161,1 month
how to start a website for a business,how to start a website for a business​,I,n/a,0,110,,n/a,n/a,90,6.70,0.79,+2,5.3B,1 month
how to start a website for business,how to start a website for business​,I,n/a,0,110,,n/a,n/a,56,6.70,0.79,+2,4.9B,1 month
how to start a website wordpress,how to start a website wordpress​,I,n/a,0,110,,n/a,n/a,67,4.96,0.83,,259M,1 month
how much to start a website,how much to start a website​,I,n/a,0,90,,n/a,n/a,50,3.47,0.73,,5.9B,1 month
how to start a news website,how to start a news website​,I,n/a,0,90,,n/a,n/a,17,3.18,0.35,,2.5K,1 month
how to start a website free,how to start a website free​,I,n/a,0,90,,n/a,n/a,100,4.65,0.74,,5.1B,1 month
how to start a affiliate marketing website,how to start a affiliate marketing website​,I,n/a,0,70,,n/a,n/a,39,5.14,0.89,+2,625M,1 month
how to start a conversation on a dating website,how to start a conversation on a dating website​,I,n/a,0,70,,n/a,n/a,35,0.03,0.35,,110,1 month
how to start a crowdfunding website,how to start a crowdfunding website​,n/a,n/a,0,70,,n/a,n/a,n/a,3.76,0.12,n/a,n/a,"For metrics, refresh"
how to start a free website,how to start a free website​,I,n/a,0,70,,n/a,n/a,95,5.20,0.83,+2,5.6B,1 month
how to start a subscription website,how to start a subscription website​,IC,n/a,0,70,,n/a,n/a,25,6.02,0.78,,965M,1 month
how to start a website and earn money,how to start a website and earn money​,I,n/a,0,70,,n/a,n/a,16,2.82,0.76,+2,879M,1 month
how to start a website designing business,how to start a website designing business​,I,n/a,0,70,,n/a,n/a,24,1.88,0.39,+2,3.8B,1 month
how to start a website on godaddy,how to start a website on godaddy​,I,n/a,0,70,,n/a,n/a,37,4.62,0.67,,10.5M,1 month
how to start a website on wordpress,how to start a website on wordpress​,I,n/a,0,70,,n/a,n/a,61,4.96,0.83,+4,235M,1 month
how to start a website with wordpress,how to start a website with wordpress​,I,n/a,0,70,,n/a,n/a,54,4.96,0.83,,241M,1 month
how to get started with affiliate marketing without a website,how to get started with affiliate marketing without a website​,I,n/a,0,50,,n/a,n/a,16,0.00,0.33,+2,128,1 month
how to start a online dating website,how to start a online dating website​,I,n/a,0,50,,n/a,n/a,10,2.48,0.61,+2,876M,1 month
how to start a social media website,how to start a social media website​,I,n/a,0,50,,n/a,n/a,17,3.24,0.25,+2,5B,1 month
how to start a sports blog website,how to start a sports blog website​,I,n/a,0,50,,n/a,n/a,6,2.56,0.80,+2,125,1 month
how to start a website design business,how to start a website design business​,I,n/a,0,50,,n/a,n/a,26,1.88,0.39,,1.7B,1 month
how to start a website for affiliate marketing,how to start a website for affiliate marketing​,I,n/a,0,50,,n/a,n/a,31,5.14,0.89,+2,146,1 month
how to start a website hosting company,how to start a website hosting company​,I,n/a,0,50,,n/a,n/a,16,0.00,0.08,,481M,1 month
how to start building a website,how to start building a website​,I,n/a,0,50,,n/a,n/a,50,6.18,0.70,+2,2.8B,1 month
how to start a blogging website,how to start a blogging website​,I,n/a,0,40,,n/a,n/a,63,4.17,0.69,,39.8M,1 month
how to start a dating website business,how to start a dating website business​,I,n/a,0,40,,n/a,n/a,0,0.00,0.02,,143,1 month
how to start a website business for free,how to start a website business for free​,I,n/a,0,40,,n/a,n/a,100,8.48,0.78,+2,5.8B,1 month
how to start a website like amazon,how to start a website like amazon​,I,n/a,0,40,,n/a,n/a,1,3.45,0.13,+2,1.6B,1 month
how to start affiliate marketing without a website,how to start affiliate marketing without a website​,I,n/a,0,40,,n/a,n/a,22,0.00,0.33,+2,411M,1 month
virgil website on how to start a brand,virgil website on how to start a brand​,I,n/a,0,40,,n/a,n/a,11,0.00,0.17,+2,4.9M,1 month
how much does it cost to start a dating website,how much does it cost to start a dating website​,n/a,n/a,0,30,,n/a,n/a,n/a,0.00,0.18,n/a,n/a,"For metrics, refresh"
how to start a bookie website,how to start a bookie website​,n/a,n/a,0,30,,n/a,n/a,n/a,0.00,0.18,n/a,n/a,"For metrics, refresh"
how to start a business blog website,how to start a business blog website​,n/a,n/a,0,30,,n/a,n/a,n/a,0.00,0.00,n/a,n/a,"For metrics, refresh"
how to start a casino affiliate website,how to start a casino affiliate website​,n/a,n/a,0,30,,n/a,n/a,n/a,0.00,0.33,n/a,n/a,"For metrics, refresh"
how to start a casino website,how to start a casino website​,n/a,n/a,0,30,,n/a,n/a,n/a,0.00,0.33,n/a,n/a,"For metrics, refresh"
how to start a church website,how to start a church website​,I,n/a,0,30,,n/a,n/a,24,5.04,0.91,+2,169,1 month
how to start a coupon website,how to start a coupon website​,n/a,n/a,0,30,,n/a,n/a,n/a,0.00,0.06,n/a,n/a,"For metrics, refresh"
how to start a directory website,how to start a directory website​,I,n/a,0,30,,n/a,n/a,9,2.89,0.79,+2,108,1 month
how to start a gambling website,how to start a gambling website​,n/a,n/a,0,30,,n/a,n/a,n/a,0.00,0.33,n/a,n/a,"For metrics, refresh"
how to start a hotel booking website,how to start a hotel booking website​,n/a,n/a,0,30,,n/a,n/a,n/a,0.00,0.33,n/a,n/a,"For metrics, refresh"
how to start a listing website,how to start a listing website​,n/a,n/a,0,30,,n/a,n/a,n/a,0.00,0.33,n/a,n/a,"For metrics, refresh"
how to start a multi vendor website,how to start a multi vendor website​,n/a,n/a,0,30,,n/a,n/a,n/a,0.00,0.00,n/a,n/a,"For metrics, refresh"
how to start a small business website,how to start a small business website​,I,n/a,0,30,,n/a,n/a,57,6.02,0.89,+3,145,1 month
how to start a small business website for free,how to start a small business website for free​,n/a,n/a,0,30,,n/a,n/a,n/a,12.91,0.16,n/a,n/a,"For metrics, refresh"
how to start a sports betting website,how to start a sports betting website​,n/a,n/a,0,30,,n/a,n/a,n/a,0.00,0.02,n/a,n/a,"For metrics, refresh"
how to start a squarespace website,how to start a squarespace website​,n/a,n/a,0,30,,n/a,n/a,n/a,0.00,0.43,n/a,n/a,"For metrics, refresh"
how to start a website blog,how to start a website blog​,I,n/a,0,30,,n/a,n/a,41,4.97,0.60,+2,148,4 weeks
how to start a website like airbnb,how to start a website like airbnb​,n/a,n/a,0,30,,n/a,n/a,n/a,0.00,0.33,n/a,n/a,"For metrics, refresh"
how to start a website like facebook,how to start a website like facebook​,I,n/a,0,30,,n/a,n/a,13,3.93,0.63,+2,147,1 month
how to start an seo company without a website,how to start an seo company without a website​,n/a,n/a,0,30,,n/a,n/a,n/a,2.27,0.06,n/a,n/a,"For metrics, refresh"
how to start making a website,how to start making a website​,I,n/a,0,30,,n/a,n/a,65,6.18,0.70,+3,4.1B,1 month
how do you start a website to make money,how do you start a website to make money​,n/a,n/a,0,20,,n/a,n/a,n/a,2.78,0.74,n/a,n/a,"For metrics, refresh"
how hard is it to start a website,how hard is it to start a website​,n/a,n/a,0,20,,n/a,n/a,n/a,6.34,0.82,n/a,n/a,"For metrics, refresh"
how long does it take to start a website,how long does it take to start a website​,n/a,n/a,0,20,,n/a,n/a,n/a,13.34,0.51,n/a,n/a,"For metrics, refresh"
how much does it cost to start a blog website,how much does it cost to start a blog website​,n/a,n/a,0,20,,n/a,n/a,n/a,0.00,0.86,n/a,n/a,"For metrics, refresh"
how much does it cost to start a crowdfunding website,how much does it cost to start a crowdfunding website​,n/a,n/a,0,20,,n/a,n/a,n/a,0.00,0.33,n/a,n/a,"For metrics, refresh"
how much does it cost to start a website business,how much does it cost to start a website business​,n/a,n/a,0,20,,n/a,n/a,n/a,4.86,0.71,n/a,n/a,"For metrics, refresh"
how much does it cost to start up a website,how much does it cost to start up a website​,n/a,n/a,0,20,,n/a,n/a,n/a,3.67,0.36,n/a,n/a,"For metrics, refresh"
how much does it take to start a website,how much does it take to start a website​,n/a,n/a,0,20,,n/a,n/a,n/a,1.56,1.00,n/a,n/a,"For metrics, refresh"
how much is it to start a website,how much is it to start a website​,n/a,n/a,0,20,,n/a,n/a,n/a,4.34,0.57,n/a,n/a,"For metrics, refresh"
how much is it to start a website business,how much is it to start a website business​,n/a,n/a,0,20,,n/a,n/a,n/a,4.48,0.39,n/a,n/a,"For metrics, refresh"
how much is it to start up a website,how much is it to start up a website​,n/a,n/a,0,20,,n/a,n/a,n/a,3.99,0.56,n/a,n/a,"For metrics, refresh"
how much it cost to start a website,how much it cost to start a website​,n/a,n/a,0,20,,n/a,n/a,n/a,4.39,0.69,n/a,n/a,"For metrics, refresh"
how much money does it cost to start a website,how much money does it cost to start a website​,n/a,n/a,0,20,,n/a,n/a,n/a,0.00,0.46,n/a,n/a,"For metrics, refresh"
how much money does it take to start a website,how much money does it take to start a website​,n/a,n/a,0,20,,n/a,n/a,n/a,0.00,0.57,n/a,n/a,"For metrics, refresh"
how much money to start a website,how much money to start a website​,n/a,n/a,0,20,,n/a,n/a,n/a,2.04,0.38,n/a,n/a,"For metrics, refresh"
how much to start a website business,how much to start a website business​,n/a,n/a,0,20,,n/a,n/a,n/a,4.46,0.48,n/a,n/a,"For metrics, refresh"
how much would it cost to start a website,how much would it cost to start a website​,n/a,n/a,0,20,,n/a,n/a,n/a,3.88,0.46,n/a,n/a,"For metrics, refresh"
how to build a website from start to finish,how to build a website from start to finish​,n/a,n/a,0,20,,n/a,n/a,n/a,0.00,0.86,n/a,n/a,"For metrics, refresh"
how to create a website from start to finish,how to create a website from start to finish​,n/a,n/a,0,20,,n/a,n/a,n/a,0.00,0.52,n/a,n/a,"For metrics, refresh"
how to delete a wordpress website and start again,how to delete a wordpress website and start again​,n/a,n/a,0,20,,n/a,n/a,n/a,0.00,0.71,n/a,n/a,"For metrics, refresh"
how to get a website started,how to get a website started​,n/a,n/a,0,20,,n/a,n/a,n/a,5.81,0.43,n/a,n/a,"For metrics, refresh"
how to get started building a website,how to get started building a website​,n/a,n/a,0,20,,n/a,n/a,n/a,0.00,0.86,n/a,n/a,"For metrics, refresh"
how to make a website from start to finish,how to make a website from start to finish​,n/a,n/a,0,20,,n/a,n/a,n/a,0.00,0.86,n/a,n/a,"For metrics, refresh"
how to make a website start to finish,how to make a website start to finish​,n/a,n/a,0,20,,n/a,n/a,n/a,0.00,0.52,n/a,n/a,"For metrics, refresh"
how to make money by starting a website,how to make money by starting a website​,n/a,n/a,0,20,,n/a,n/a,n/a,2.78,0.74,n/a,n/a,"For metrics, refresh"
how to make money starting a website,how to make money starting a website​,n/a,n/a,0,20,,n/a,n/a,n/a,0.00,0.29,n/a,n/a,"For metrics, refresh"
how to pin a website to start,how to pin a website to start​,n/a,n/a,0,20,,n/a,n/a,n/a,0.00,0.33,n/a,n/a,"For metrics, refresh"
how to pin a website to start menu,how to pin a website to start menu​,n/a,n/a,0,20,,n/a,n/a,n/a,0.00,0.33,n/a,n/a,"For metrics, refresh"
how to pin a website to start menu windows 10,how to pin a website to start menu windows 10​,n/a,n/a,0,20,,n/a,n/a,n/a,0.00,0.00,n/a,n/a,"For metrics, refresh"
how to start a auction website,how to start a auction website​,n/a,n/a,0,20,,n/a,n/a,n/a,9.33,0.52,n/a,n/a,"For metrics, refresh"
how to start a band website,how to start a band website​,n/a,n/a,0,20,,n/a,n/a,n/a,0.00,1.00,n/a,n/a,"For metrics, refresh"
how to start a betting website,how to start a betting website​,n/a,n/a,0,20,,n/a,n/a,n/a,0.00,0.33,n/a,n/a,"For metrics, refresh"
how to start a bidding website,how to start a bidding website​,n/a,n/a,0,20,,n/a,n/a,n/a,0.00,1.00,n/a,n/a,"For metrics, refresh"
how to start a blog on a website,how to start a blog on a website​,n/a,n/a,0,20,,n/a,n/a,n/a,0.00,0.36,n/a,n/a,"For metrics, refresh"
how to start a blog on my website,how to start a blog on my website​,n/a,n/a,0,20,,n/a,n/a,n/a,3.13,0.29,n/a,n/a,"For metrics, refresh"
how to start a blog on your website,how to start a blog on your website​,n/a,n/a,0,20,,n/a,n/a,n/a,0.00,0.86,n/a,n/a,"For metrics, refresh"
how to start a blog or website,how to start a blog or website​,n/a,n/a,0,20,,n/a,n/a,n/a,0.00,0.00,n/a,n/a,"For metrics, refresh"
how to start a blog website and make money,how to start a blog website and make money​,n/a,n/a,0,20,,n/a,n/a,n/a,0.00,0.33,n/a,n/a,"For metrics, refresh"
how to start a blog without a website,how to start a blog without a website​,n/a,n/a,0,20,,n/a,n/a,n/a,0.00,0.62,n/a,n/a,"For metrics, refresh"
how to start a booking website,how to start a booking website​,n/a,n/a,0,20,,n/a,n/a,n/a,19.28,0.33,n/a,n/a,"For metrics, refresh"
how to start a boutique website,how to start a boutique website​,n/a,n/a,0,20,,n/a,n/a,n/a,0.00,1.00,n/a,n/a,"For metrics, refresh"
how to start a business making websites,how to start a business making websites​,n/a,n/a,0,20,,n/a,n/a,n/a,0.00,0.86,n/a,n/a,"For metrics, refresh"
how to start a business website for free,how to start a business website for free​,n/a,n/a,0,20,,n/a,n/a,n/a,9.44,0.65,n/a,n/a,"For metrics, refresh"
how to start a business without a website,how to start a business without a website​,n/a,n/a,0,20,,n/a,n/a,n/a,0.00,0.00,n/a,n/a,"For metrics, refresh"
how to start a cashback website,how to start a cashback website​,n/a,n/a,0,20,,n/a,n/a,n/a,0.00,0.33,n/a,n/a,"For metrics, refresh"
how to start a charity website,how to start a charity website​,n/a,n/a,0,20,,n/a,n/a,n/a,0.00,0.99,n/a,n/a,"For metrics, refresh"
how to start a christian website,how to start a christian website​,n/a,n/a,0,20,,n/a,n/a,n/a,0.00,1.00,n/a,n/a,"For metrics, refresh"
how to start a church website for free,how to start a church website for free​,n/a,n/a,0,20,,n/a,n/a,n/a,0.00,0.71,n/a,n/a,"For metrics, refresh"
how to start a classified ad website,how to start a classified ad website​,n/a,n/a,0,20,,n/a,n/a,n/a,0.00,0.86,n/a,n/a,"For metrics, refresh"
how to start a classified website,how to start a classified website​,n/a,n/a,0,20,,n/a,n/a,n/a,0.00,0.86,n/a,n/a,"For metrics, refresh"
how to start a classified website business,how to start a classified website business​,n/a,n/a,0,20,,n/a,n/a,n/a,0.00,0.71,n/a,n/a,"For metrics, refresh"
how to start a classifieds website,how to start a classifieds website​,n/a,n/a,0,20,,n/a,n/a,n/a,0.00,0.00,n/a,n/a,"For metrics, refresh"
how to start a clothing brand website,how to start a clothing brand website​,n/a,n/a,0,20,,n/a,n/a,n/a,6.35,0.71,n/a,n/a,"For metrics, refresh"
how to start a clothing line website,how to start a clothing line website​,n/a,n/a,0,20,,n/a,n/a,n/a,0.00,0.18,n/a,n/a,"For metrics, refresh"
how to start a clothing website,how to start a clothing website​,n/a,n/a,0,20,,n/a,n/a,n/a,3.69,0.60,n/a,n/a,"For metrics, refresh"
how to start a clothing website business,how to start a clothing website business​,n/a,n/a,0,20,,n/a,n/a,n/a,0.00,0.49,n/a,n/a,"For metrics, refresh"
how to start a com website,how to start a com website​,n/a,n/a,0,20,,n/a,n/a,n/a,8.25,1.00,n/a,n/a,"For metrics, refresh"
how to start a community website,how to start a community website​,n/a,n/a,0,20,,n/a,n/a,n/a,0.00,0.86,n/a,n/a,"For metrics, refresh"
how to start a cooking website,how to start a cooking website​,n/a,n/a,0,20,,n/a,n/a,n/a,1.69,0.00,n/a,n/a,"For metrics, refresh"
how to start a database website,how to start a database website​,n/a,n/a,0,20,,n/a,n/a,n/a,0.00,0.43,n/a,n/a,"For metrics, refresh"
how to start a dating website for free,how to start a dating website for free​,n/a,n/a,0,20,,n/a,n/a,n/a,0.00,0.00,n/a,n/a,"For metrics, refresh"
how to start a dating website with no members,how to start a dating website with no members​,n/a,n/a,0,20,,n/a,n/a,n/a,0.00,0.86,n/a,n/a,"For metrics, refresh"
how to start a deals website,how to start a deals website​,n/a,n/a,0,20,,n/a,n/a,n/a,0.00,0.00,n/a,n/a,"For metrics, refresh"
how to start a directory website business,how to start a directory website business​,n/a,n/a,0,20,,n/a,n/a,n/a,0.00,0.00,n/a,n/a,"For metrics, refresh"
how to start a donation website,how to start a donation website​,n/a,n/a,0,20,,n/a,n/a,n/a,5.90,0.86,n/a,n/a,"For metrics, refresh"
how to start a drop shipping website,how to start a drop shipping website​,n/a,n/a,0,20,,n/a,n/a,n/a,2.84,0.89,n/a,n/a,"For metrics, refresh"
how to start a dropshipping website,how to start a dropshipping website​,n/a,n/a,0,20,,n/a,n/a,n/a,5.29,0.65,n/a,n/a,"For metrics, refresh"
how to start a fantasy football website,how to start a fantasy football website​,n/a,n/a,0,20,,n/a,n/a,n/a,0.00,0.33,n/a,n/a,"For metrics, refresh"
how to start a fashion website,how to start a fashion website​,n/a,n/a,0,20,,n/a,n/a,n/a,0.00,0.00,n/a,n/a,"For metrics, refresh"
how to start a fitness website,how to start a fitness website​,n/a,n/a,0,20,,n/a,n/a,n/a,0.00,0.86,n/a,n/a,"For metrics, refresh"
how to start a food website,how to start a food website​,n/a,n/a,0,20,,n/a,n/a,n/a,0.00,0.68,n/a,n/a,"For metrics, refresh"
how to start a forum website,how to start a forum website​,n/a,n/a,0,20,,n/a,n/a,n/a,3.70,0.76,n/a,n/a,"For metrics, refresh"
how to start a forum website free,how to start a forum website free​,n/a,n/a,0,20,,n/a,n/a,n/a,0.00,0.90,n/a,n/a,"For metrics, refresh"
how to start a free website and make money,how to start a free website and make money​,n/a,n/a,0,20,,n/a,n/a,n/a,0.00,0.00,n/a,n/a,"For metrics, refresh"
how to start a free website store,how to start a free website store​,n/a,n/a,0,20,,n/a,n/a,n/a,3.66,0.00,n/a,n/a,"For metrics, refresh"
how to start a free wordpress website,how to start a free wordpress website​,n/a,n/a,0,20,,n/a,n/a,n/a,0.00,0.86,n/a,n/a,"For metrics, refresh"
how to start a fundraising website,how to start a fundraising website​,n/a,n/a,0,20,,n/a,n/a,n/a,0.00,0.00,n/a,n/a,"For metrics, refresh"
how to start a gaming website,how to start a gaming website​,n/a,n/a,0,20,,n/a,n/a,n/a,1.44,0.41,n/a,n/a,"For metrics, refresh"
how to start a html website,how to start a html website​,n/a,n/a,0,20,,n/a,n/a,n/a,0.00,0.11,n/a,n/a,"For metrics, refresh"
how to start a jewelry website,how to start a jewelry website​,n/a,n/a,0,20,,n/a,n/a,n/a,0.00,0.97,n/a,n/a,"For metrics, refresh"
how to start a job board website,how to start a job board website​,n/a,n/a,0,20,,n/a,n/a,n/a,4.24,0.06,n/a,n/a,"For metrics, refresh"
how to start a job posting website,how to start a job posting website​,n/a,n/a,0,20,,n/a,n/a,n/a,0.00,0.86,n/a,n/a,"For metrics, refresh"
how to start a job search website,how to start a job search website​,n/a,n/a,0,20,,n/a,n/a,n/a,0.00,0.33,n/a,n/a,"For metrics, refresh"
how to start a job website,how to start a job website​,n/a,n/a,0,20,,n/a,n/a,n/a,4.24,0.06,n/a,n/a,"For metrics, refresh"
how to start a journalism website,how to start a journalism website​,n/a,n/a,0,20,,n/a,n/a,n/a,0.00,0.00,n/a,n/a,"For metrics, refresh"
how to start a lead generation website,how to start a lead generation website​,n/a,n/a,0,20,,n/a,n/a,n/a,0.00,0.86,n/a,n/a,"For metrics, refresh"
how to start a live streaming website,how to start a live streaming website​,n/a,n/a,0,20,,n/a,n/a,n/a,0.00,0.00,n/a,n/a,"For metrics, refresh"
how to start a local news website,how to start a local news website​,n/a,n/a,0,20,,n/a,n/a,n/a,0.00,1.00,n/a,n/a,"For metrics, refresh"
how to start a magazine website,how to start a magazine website​,n/a,n/a,0,20,,n/a,n/a,n/a,0.00,0.00,n/a,n/a,"For metrics, refresh"
how to start a marketplace website,how to start a marketplace website​,n/a,n/a,0,20,,n/a,n/a,n/a,4.54,0.30,n/a,n/a,"For metrics, refresh"
how to start a membership website,how to start a membership website​,n/a,n/a,0,20,,n/a,n/a,n/a,7.28,0.08,n/a,n/a,"For metrics, refresh"
how to start a membership website business,how to start a membership website business​,n/a,n/a,0,20,,n/a,n/a,n/a,0.00,0.21,n/a,n/a,"For metrics, refresh"
how to start a merchandise website,how to start a merchandise website​,n/a,n/a,0,20,,n/a,n/a,n/a,5.18,0.49,n/a,n/a,"For metrics, refresh"
how to start a music website,how to start a music website​,n/a,n/a,0,20,,n/a,n/a,n/a,0.00,0.86,n/a,n/a,"For metrics, refresh"
how to start a new website,how to start a new website​,n/a,n/a,0,20,,n/a,n/a,n/a,6.48,0.48,n/a,n/a,"For metrics, refresh"
how to start a new website in wordpress,how to start a new website in wordpress​,n/a,n/a,0,20,,n/a,n/a,n/a,4.63,0.86,n/a,n/a,"For metrics, refresh"
how to start a new website on wordpress,how to start a new website on wordpress​,n/a,n/a,0,20,,n/a,n/a,n/a,4.63,0.86,n/a,n/a,"For metrics, refresh"
how to start a news aggregator website,how to start a news aggregator website​,n/a,n/a,0,20,,n/a,n/a,n/a,0.00,0.64,n/a,n/a,"For metrics, refresh"
how to start a news website and make money,how to start a news website and make money​,n/a,n/a,0,20,,n/a,n/a,n/a,0.00,0.33,n/a,n/a,"For metrics, refresh"
how to start a niche website,how to start a niche website​,n/a,n/a,0,20,,n/a,n/a,n/a,0.00,0.00,n/a,n/a,"For metrics, refresh"
how to start a nonprofit website,how to start a nonprofit website​,n/a,n/a,0,20,,n/a,n/a,n/a,6.76,0.81,n/a,n/a,"For metrics, refresh"
how to start a online business website,how to start a online business website​,n/a,n/a,0,20,,n/a,n/a,n/a,0.00,0.00,n/a,n/a,"For metrics, refresh"
how to start a online shopping website,how to start a online shopping website​,n/a,n/a,0,20,,n/a,n/a,n/a,7.77,0.17,n/a,n/a,"For metrics, refresh"
how to start a online website,how to start a online website​,n/a,n/a,0,20,,n/a,n/a,n/a,5.23,0.51,n/a,n/a,"For metrics, refresh"
how to start a org website,how to start a org website​,n/a,n/a,0,20,,n/a,n/a,n/a,6.94,0.90,n/a,n/a,"For metrics, refresh"
how to start a paid membership website,how to start a paid membership website​,n/a,n/a,0,20,,n/a,n/a,n/a,0.00,0.33,n/a,n/a,"For metrics, refresh"
how to start a personal website,how to start a personal website​,n/a,n/a,0,20,,n/a,n/a,n/a,7.03,0.81,n/a,n/a,"For metrics, refresh"
how to start a photography website for free,how to start a photography website for free​,n/a,n/a,0,20,,n/a,n/a,n/a,0.00,0.95,n/a,n/a,"For metrics, refresh"
how to start a podcast website,how to start a podcast website​,n/a,n/a,0,20,,n/a,n/a,n/a,0.00,0.12,n/a,n/a,"For metrics, refresh"
how to start a portfolio website,how to start a portfolio website​,n/a,n/a,0,20,,n/a,n/a,n/a,3.63,0.45,n/a,n/a,"For metrics, refresh"
how to start a price comparison website,how to start a price comparison website​,n/a,n/a,0,20,,n/a,n/a,n/a,0.00,0.00,n/a,n/a,"For metrics, refresh"
how to start a professional website,how to start a professional website​,n/a,n/a,0,20,,n/a,n/a,n/a,0.00,0.89,n/a,n/a,"For metrics, refresh"
how to start a profitable website,how to start a profitable website​,n/a,n/a,0,20,,n/a,n/a,n/a,0.00,0.52,n/a,n/a,"For metrics, refresh"
how to start a raffle website,how to start a raffle website​,n/a,n/a,0,20,,n/a,n/a,n/a,0.00,0.00,n/a,n/a,"For metrics, refresh"
how to start a react website,how to start a react website​,n/a,n/a,0,20,,n/a,n/a,n/a,0.00,0.22,n/a,n/a,"For metrics, refresh"
how to start a real estate website,how to start a real estate website​,n/a,n/a,0,20,,n/a,n/a,n/a,0.00,0.00,n/a,n/a,"For metrics, refresh"
how to start a recipe website,how to start a recipe website​,n/a,n/a,0,20,,n/a,n/a,n/a,2.42,0.66,n/a,n/a,"For metrics, refresh"
how to start a resale website,how to start a resale website​,n/a,n/a,0,20,,n/a,n/a,n/a,0.00,0.86,n/a,n/a,"For metrics, refresh"
how to start a retail website,how to start a retail website​,n/a,n/a,0,20,,n/a,n/a,n/a,9.22,0.84,n/a,n/a,"For metrics, refresh"
how to start a review website,how to start a review website​,n/a,n/a,0,20,,n/a,n/a,n/a,0.00,0.33,n/a,n/a,"For metrics, refresh"
how to start a sales website,how to start a sales website​,n/a,n/a,0,20,,n/a,n/a,n/a,0.00,0.90,n/a,n/a,"For metrics, refresh"
how to start a selling website,how to start a selling website​,n/a,n/a,0,20,,n/a,n/a,n/a,4.99,0.68,n/a,n/a,"For metrics, refresh"
how to start a shop website,how to start a shop website​,n/a,n/a,0,20,,n/a,n/a,n/a,0.00,1.00,n/a,n/a,"For metrics, refresh"
how to start a shopify website,how to start a shopify website​,n/a,n/a,0,20,,n/a,n/a,n/a,5.55,0.71,n/a,n/a,"For metrics, refresh"
how to start a shopping website,how to start a shopping website​,n/a,n/a,0,20,,n/a,n/a,n/a,5.15,0.86,n/a,n/a,"For metrics, refresh"
how to start a simple website,how to start a simple website​,n/a,n/a,0,20,,n/a,n/a,n/a,7.97,0.84,n/a,n/a,"For metrics, refresh"
how to start a social network website,how to start a social network website​,n/a,n/a,0,20,,n/a,n/a,n/a,2.21,0.66,n/a,n/a,"For metrics, refresh"
how to start a social website,how to start a social website​,n/a,n/a,0,20,,n/a,n/a,n/a,0.00,0.16,n/a,n/a,"For metrics, refresh"
how to start a sports website,how to start a sports website​,n/a,n/a,0,20,,n/a,n/a,n/a,2.22,0.86,n/a,n/a,"For metrics, refresh"
how to start a stock photo website,how to start a stock photo website​,n/a,n/a,0,20,,n/a,n/a,n/a,0.00,0.07,n/a,n/a,"For metrics, refresh"
how to start a streaming website,how to start a streaming website​,n/a,n/a,0,20,,n/a,n/a,n/a,0.00,0.52,n/a,n/a,"For metrics, refresh"
how to start a subscription based website,how to start a subscription based website​,n/a,n/a,0,20,,n/a,n/a,n/a,3.93,0.15,n/a,n/a,"For metrics, refresh"
how to start a successful website,how to start a successful website​,n/a,n/a,0,20,,n/a,n/a,n/a,1.50,0.69,n/a,n/a,"For metrics, refresh"
how to start a travel affiliate website,how to start a travel affiliate website​,n/a,n/a,0,20,,n/a,n/a,n/a,0.00,0.43,n/a,n/a,"For metrics, refresh"
how to start a travel blog website,how to start a travel blog website​,n/a,n/a,0,20,,n/a,n/a,n/a,0.00,0.93,n/a,n/a,"For metrics, refresh"
how to start a travel booking website,how to start a travel booking website​,n/a,n/a,0,20,,n/a,n/a,n/a,10.61,0.86,n/a,n/a,"For metrics, refresh"
how to start a travel website,how to start a travel website​,n/a,n/a,0,20,,n/a,n/a,n/a,6.70,0.60,n/a,n/a,"For metrics, refresh"
how to start a tutoring website,how to start a tutoring website​,n/a,n/a,0,20,,n/a,n/a,n/a,0.00,0.00,n/a,n/a,"For metrics, refresh"
how to start a video hosting website,how to start a video hosting website​,n/a,n/a,0,20,,n/a,n/a,n/a,0.00,0.07,n/a,n/a,"For metrics, refresh"
how to start a video streaming website,how to start a video streaming website​,n/a,n/a,0,20,,n/a,n/a,n/a,0.00,0.00,n/a,n/a,"For metrics, refresh"
how to start a webcam website,how to start a webcam website​,n/a,n/a,0,20,,n/a,n/a,n/a,0.00,0.00,n/a,n/a,"For metrics, refresh"
how to start a website and make money,how to start a website and make money​,n/a,n/a,0,20,,n/a,n/a,n/a,5.00,0.55,n/a,n/a,"For metrics, refresh"
how to start a website building business,how to start a website building business​,n/a,n/a,0,20,,n/a,n/a,n/a,3.77,0.52,n/a,n/a,"For metrics, refresh"
how to start a website business for the beginner,how to start a website business for the beginner​,n/a,n/a,0,20,,n/a,n/a,n/a,4.82,0.93,n/a,n/a,"For metrics, refresh"
how to start a website creation business,how to start a website creation business​,n/a,n/a,0,20,,n/a,n/a,n/a,0.00,0.86,n/a,n/a,"For metrics, refresh"
how to start a website design and hosting business,how to start a website design and hosting business​,n/a,n/a,0,20,,n/a,n/a,n/a,0.00,0.00,n/a,n/a,"For metrics, refresh"
how to start a website design company,how to start a website design company​,n/a,n/a,0,20,,n/a,n/a,n/a,2.00,0.42,n/a,n/a,"For metrics, refresh"
how to start a website for clothing brand,how to start a website for clothing brand​,n/a,n/a,0,20,,n/a,n/a,n/a,5.10,0.95,n/a,n/a,"For metrics, refresh"
how to start a website for dummies,how to start a website for dummies​,n/a,n/a,0,20,,n/a,n/a,n/a,5.00,0.92,n/a,n/a,"For metrics, refresh"
how to start a website for free and make money,how to start a website for free and make money​,n/a,n/a,0,20,,n/a,n/a,n/a,0.00,0.00,n/a,n/a,"For metrics, refresh"
how to start a website for free from scratch,how to start a website for free from scratch​,n/a,n/a,0,20,,n/a,n/a,n/a,3.43,0.90,n/a,n/a,"For metrics, refresh"
how to start a website for free on google,how to start a website for free on google​,n/a,n/a,0,20,,n/a,n/a,n/a,0.00,0.29,n/a,n/a,"For metrics, refresh"
how to start a website for my small business,how to start a website for my small business​,n/a,n/a,0,20,,n/a,n/a,n/a,10.76,0.95,n/a,n/a,"For metrics, refresh"
how to start a website from scratch for free,how to start a website from scratch for free​,n/a,n/a,0,20,,n/a,n/a,n/a,4.62,0.60,n/a,n/a,"For metrics, refresh"
how to start a website hosting business,how to start a website hosting business​,n/a,n/a,0,20,,n/a,n/a,n/a,3.03,0.08,n/a,n/a,"For metrics, refresh"
how to start a website html,how to start a website html​,n/a,n/a,0,20,,n/a,n/a,n/a,0.00,0.11,n/a,n/a,"For metrics, refresh"
how to start a website in dreamweaver,how to start a website in dreamweaver​,n/a,n/a,0,20,,n/a,n/a,n/a,4.74,0.33,n/a,n/a,"For metrics, refresh"
how to start a website like craigslist,how to start a website like craigslist​,n/a,n/a,0,20,,n/a,n/a,n/a,0.00,0.36,n/a,n/a,"For metrics, refresh"
how to start a website like ebay,how to start a website like ebay​,n/a,n/a,0,20,,n/a,n/a,n/a,0.00,0.86,n/a,n/a,"For metrics, refresh"
how to start a website like etsy,how to start a website like etsy​,n/a,n/a,0,20,,n/a,n/a,n/a,0.00,0.04,n/a,n/a,"For metrics, refresh"
how to start a website like onlyfans,how to start a website like onlyfans​,n/a,n/a,0,20,,n/a,n/a,n/a,0.00,0.14,n/a,n/a,"For metrics, refresh"
how to start a website like youtube,how to start a website like youtube​,n/a,n/a,0,20,,n/a,n/a,n/a,0.00,0.14,n/a,n/a,"For metrics, refresh"
how to start a website making business,how to start a website making business​,n/a,n/a,0,20,,n/a,n/a,n/a,3.29,0.52,n/a,n/a,"For metrics, refresh"
how to start a website on google,how to start a website on google​,n/a,n/a,0,20,,n/a,n/a,n/a,6.79,0.50,n/a,n/a,"For metrics, refresh"
how to start a website on macbook,how to start a website on macbook​,n/a,n/a,0,20,,n/a,n/a,n/a,7.03,0.15,n/a,n/a,"For metrics, refresh"
how to start a website on safari,how to start a website on safari​,n/a,n/a,0,20,,n/a,n/a,n/a,0.00,0.71,n/a,n/a,"For metrics, refresh"
how to start a website on shopify,how to start a website on shopify​,n/a,n/a,0,20,,n/a,n/a,n/a,4.36,0.81,n/a,n/a,"For metrics, refresh"
how to start a website on squarespace,how to start a website on squarespace​,n/a,n/a,0,20,,n/a,n/a,n/a,4.07,0.71,n/a,n/a,"For metrics, refresh"
how to start a website on wix,how to start a website on wix​,n/a,n/a,0,20,,n/a,n/a,n/a,0.00,0.29,n/a,n/a,"For metrics, refresh"
how to start a website project,how to start a website project​,n/a,n/a,0,20,,n/a,n/a,n/a,0.00,0.21,n/a,n/a,"For metrics, refresh"
how to start a website reddit,how to start a website reddit​,n/a,n/a,0,20,,n/a,n/a,n/a,0.00,0.04,n/a,n/a,"For metrics, refresh"
how to start a website redesign,how to start a website redesign​,n/a,n/a,0,20,,n/a,n/a,n/a,0.00,0.00,n/a,n/a,"For metrics, refresh"
how to start a website selling products,how to start a website selling products​,n/a,n/a,0,20,,n/a,n/a,n/a,5.09,1.00,n/a,n/a,"For metrics, refresh"
how to start a website store,how to start a website store​,n/a,n/a,0,20,,n/a,n/a,n/a,4.15,0.68,n/a,n/a,"For metrics, refresh"
how to start a website to make money,how to start a website to make money​,n/a,n/a,0,20,,n/a,n/a,n/a,0.00,0.71,n/a,n/a,"For metrics, refresh"
how to start a website to sell clothing,how to start a website to sell clothing​,n/a,n/a,0,20,,n/a,n/a,n/a,6.16,0.92,n/a,n/a,"For metrics, refresh"
how to start a website to sell items,how to start a website to sell items​,n/a,n/a,0,20,,n/a,n/a,n/a,0.00,0.00,n/a,n/a,"For metrics, refresh"
how to start a website to sell products,how to start a website to sell products​,n/a,n/a,0,20,,n/a,n/a,n/a,6.82,0.99,n/a,n/a,"For metrics, refresh"
how to start a website to sell stuff,how to start a website to sell stuff​,n/a,n/a,0,20,,n/a,n/a,n/a,3.54,0.97,n/a,n/a,"For metrics, refresh"
how to start a website to sell things,how to start a website to sell things​,n/a,n/a,0,20,,n/a,n/a,n/a,6.36,0.42,n/a,n/a,"For metrics, refresh"
how to start a website using wordpress,how to start a website using wordpress​,n/a,n/a,0,20,,n/a,n/a,n/a,4.71,0.67,n/a,n/a,"For metrics, refresh"
how to start a website with godaddy,how to start a website with godaddy​,n/a,n/a,0,20,,n/a,n/a,n/a,0.00,0.00,n/a,n/a,"For metrics, refresh"
how to start a website with html,how to start a website with html​,n/a,n/a,0,20,,n/a,n/a,n/a,3.40,0.31,n/a,n/a,"For metrics, refresh"
how to start a website with no money,how to start a website with no money​,n/a,n/a,0,20,,n/a,n/a,n/a,0.00,0.86,n/a,n/a,"For metrics, refresh"
how to start a website with shopify,how to start a website with shopify​,n/a,n/a,0,20,,n/a,n/a,n/a,4.46,0.71,n/a,n/a,"For metrics, refresh"
how to start a website with wix,how to start a website with wix​,n/a,n/a,0,20,,n/a,n/a,n/a,0.00,0.86,n/a,n/a,"For metrics, refresh"
how to start a wix website,how to start a wix website​,n/a,n/a,0,20,,n/a,n/a,n/a,2.32,0.39,n/a,n/a,"For metrics, refresh"
how to start a wordpress org website,how to start a wordpress org website​,n/a,n/a,0,20,,n/a,n/a,n/a,9.54,0.60,n/a,n/a,"For metrics, refresh"
how to start a wordpress website for free,how to start a wordpress website for free​,n/a,n/a,0,20,,n/a,n/a,n/a,0.00,0.86,n/a,n/a,"For metrics, refresh"
how to start a wordpress website from scratch,how to start a wordpress website from scratch​,n/a,n/a,0,20,,n/a,n/a,n/a,6.78,0.89,n/a,n/a,"For metrics, refresh"
how to start an email list without a website,how to start an email list without a website​,n/a,n/a,0,20,,n/a,n/a,n/a,0.00,0.19,n/a,n/a,"For metrics, refresh"
how to start and design a website,how to start and design a website​,n/a,n/a,0,20,,n/a,n/a,n/a,4.39,0.53,n/a,n/a,"For metrics, refresh"
how to start building a website from scratch,how to start building a website from scratch​,n/a,n/a,0,20,,n/a,n/a,n/a,5.33,0.51,n/a,n/a,"For metrics, refresh"
how to start building a website in wordpress,how to start building a website in wordpress​,n/a,n/a,0,20,,n/a,n/a,n/a,5.03,0.90,n/a,n/a,"For metrics, refresh"
how to start building a website with html,how to start building a website with html​,n/a,n/a,0,20,,n/a,n/a,n/a,0.00,0.36,n/a,n/a,"For metrics, refresh"
how to start building a wordpress website,how to start building a wordpress website​,n/a,n/a,0,20,,n/a,n/a,n/a,5.03,0.90,n/a,n/a,"For metrics, refresh"
how to start coding a website,how to start coding a website​,n/a,n/a,0,20,,n/a,n/a,n/a,4.83,0.49,n/a,n/a,"For metrics, refresh"
how to start coding a website from scratch,how to start coding a website from scratch​,n/a,n/a,0,20,,n/a,n/a,n/a,0.00,0.86,n/a,n/a,"For metrics, refresh"
how to start creating a website,how to start creating a website​,n/a,n/a,0,20,,n/a,n/a,n/a,4.70,0.45,n/a,n/a,"For metrics, refresh"
how to start creating a website in wordpress,how to start creating a website in wordpress​,n/a,n/a,0,20,,n/a,n/a,n/a,0.00,0.86,n/a,n/a,"For metrics, refresh"
how to start designing a website,how to start designing a website​,n/a,n/a,0,20,,n/a,n/a,n/a,5.60,0.54,n/a,n/a,"For metrics, refresh"
how to start developing a website,how to start developing a website​,n/a,n/a,0,20,,n/a,n/a,n/a,0.00,0.79,n/a,n/a,"For metrics, refresh"
how to start making a website from scratch,how to start making a website from scratch​,n/a,n/a,0,20,,n/a,n/a,n/a,4.81,0.51,n/a,n/a,"For metrics, refresh"
how to start making a website in html,how to start making a website in html​,n/a,n/a,0,20,,n/a,n/a,n/a,0.00,0.57,n/a,n/a,"For metrics, refresh"
how to start testing a website,how to start testing a website​,n/a,n/a,0,20,,n/a,n/a,n/a,0.00,0.00,n/a,n/a,"For metrics, refresh"
how to start to create a website,how to start to create a website​,n/a,n/a,0,20,,n/a,n/a,n/a,0.00,1.00,n/a,n/a,"For metrics, refresh"
how to start up a dating website,how to start up a dating website​,n/a,n/a,0,20,,n/a,n/a,n/a,0.00,0.57,n/a,n/a,"For metrics, refresh"
how to start up a website business,how to start up a website business​,n/a,n/a,0,20,,n/a,n/a,n/a,3.67,0.99,n/a,n/a,"For metrics, refresh"
how to start up a website for free,how to start up a website for free​,n/a,n/a,0,20,,n/a,n/a,n/a,6.44,0.99,n/a,n/a,"For metrics, refresh"
virgil abloh website how to start a brand,virgil abloh website how to start a brand​,n/a,n/a,0,20,,n/a,n/a,n/a,0.00,0.01,n/a,n/a,"For metrics, refresh"
how late is too late to start a wedding website,how late is too late to start a wedding website​,n/a,n/a,0,10,,n/a,n/a,n/a,0.00,0.00,n/a,n/a,"For metrics, refresh"
how much does it cost to start a business website,how much does it cost to start a business website​,n/a,n/a,0,10,,n/a,n/a,n/a,5.42,0.42,n/a,n/a,"For metrics, refresh"
how much does it cost to start a gambling website,how much does it cost to start a gambling website​,n/a,n/a,0,10,,n/a,n/a,n/a,0.00,0.33,n/a,n/a,"For metrics, refresh"
how much does it cost to start a website 2026,how much does it cost to start a website 2026​,n/a,n/a,0,10,,n/a,n/a,n/a,0.00,0.00,n/a,n/a,"For metrics, refresh"
how much to start a blog website,how much to start a blog website​,n/a,n/a,0,10,,n/a,n/a,n/a,0.00,0.00,n/a,n/a,"For metrics, refresh"
how to create a website start to finish,how to create a website start to finish​,n/a,n/a,0,10,,n/a,n/a,n/a,0.00,0.00,n/a,n/a,"For metrics, refresh"
how to pin a website to start windows 8.1,how to pin a website to start windows 8.1​,n/a,n/a,0,10,,n/a,n/a,n/a,0.00,0.00,n/a,n/a,"For metrics, refresh"
how to start a .com website,how to start a .com website​,n/a,n/a,0,10,,n/a,n/a,n/a,6.04,1.00,n/a,n/a,"For metrics, refresh"
how to start a .org website,how to start a .org website​,n/a,n/a,0,10,,n/a,n/a,n/a,2.50,0.90,n/a,n/a,"For metrics, refresh"
how to start a adult website,how to start a adult website​,n/a,n/a,0,10,,n/a,n/a,n/a,0.00,0.00,n/a,n/a,"For metrics, refresh"
how to start a big cartel website,how to start a big cartel website​,n/a,n/a,0,10,,n/a,n/a,n/a,0.00,0.00,n/a,n/a,"For metrics, refresh"
how to start a blog on your wix website,how to start a blog on your wix website​,n/a,n/a,0,10,,n/a,n/a,n/a,0.00,0.00,n/a,n/a,"For metrics, refresh"
how to start a blog website for profit,how to start a blog website for profit​,n/a,n/a,0,10,,n/a,n/a,n/a,0.00,0.00,n/a,n/a,"For metrics, refresh"
how to start a business directory website,how to start a business directory website​,n/a,n/a,0,10,,n/a,n/a,n/a,0.00,0.00,n/a,n/a,"For metrics, refresh"
how to start a business on a website,how to start a business on a website​,n/a,n/a,0,10,,n/a,n/a,n/a,7.69,0.62,n/a,n/a,"For metrics, refresh"
how to start a business website on facebook,how to start a business website on facebook​,n/a,n/a,0,10,,n/a,n/a,n/a,0.00,0.38,n/a,n/a,"For metrics, refresh"
how to start a campaign website,how to start a campaign website​,n/a,n/a,0,10,,n/a,n/a,n/a,0.00,0.00,n/a,n/a,"For metrics, refresh"
how to start a charity donation website,how to start a charity donation website​,n/a,n/a,0,10,,n/a,n/a,n/a,0.00,0.00,n/a,n/a,"For metrics, refresh"
how to start a chat on a dating website,how to start a chat on a dating website​,n/a,n/a,0,10,,n/a,n/a,n/a,0.00,0.43,n/a,n/a,"For metrics, refresh"
how to start a commercial website,how to start a commercial website​,n/a,n/a,0,10,,n/a,n/a,n/a,0.00,0.00,n/a,n/a,"For metrics, refresh"
how to start a company website,how to start a company website​,n/a,n/a,0,10,,n/a,n/a,n/a,7.69,0.62,n/a,n/a,"For metrics, refresh"
how to start a comparison website,how to start a comparison website​,n/a,n/a,0,10,,n/a,n/a,n/a,0.00,0.00,n/a,n/a,"For metrics, refresh"
how to start a content website,how to start a content website​,n/a,n/a,0,10,,n/a,n/a,n/a,0.00,0.00,n/a,n/a,"For metrics, refresh"
how to start a daily fantasy sports website,how to start a daily fantasy sports website​,n/a,n/a,0,10,,n/a,n/a,n/a,0.00,0.00,n/a,n/a,"For metrics, refresh"
how to start a deal website,how to start a deal website​,n/a,n/a,0,10,,n/a,n/a,n/a,0.00,0.33,n/a,n/a,"For metrics, refresh"
how to start a dot com website,how to start a dot com website​,n/a,n/a,0,10,,n/a,n/a,n/a,0.00,1.00,n/a,n/a,"For metrics, refresh"
how to start a ecommerce website,how to start a ecommerce website​,n/a,n/a,0,10,,n/a,n/a,n/a,0.00,0.14,n/a,n/a,"For metrics, refresh"
how to start a ecommerce website in india,how to start a ecommerce website in india​,n/a,n/a,0,10,,n/a,n/a,n/a,0.00,0.00,n/a,n/a,"For metrics, refresh"
how to start a family website,how to start a family website​,n/a,n/a,0,10,,n/a,n/a,n/a,0.00,0.00,n/a,n/a,"For metrics, refresh"
how to start a fantasy sports website,how to start a fantasy sports website​,n/a,n/a,0,10,,n/a,n/a,n/a,0.00,0.00,n/a,n/a,"For metrics, refresh"
how to start a fashion blog website,how to start a fashion blog website​,n/a,n/a,0,10,,n/a,n/a,n/a,0.00,0.86,n/a,n/a,"For metrics, refresh"
how to start a flight booking website,how to start a flight booking website​,n/a,n/a,0,10,,n/a,n/a,n/a,0.00,0.00,n/a,n/a,"For metrics, refresh"
how to start a foot fetish website,how to start a foot fetish website​,n/a,n/a,0,10,,n/a,n/a,n/a,0.00,0.00,n/a,n/a,"For metrics, refresh"
how to start a forum on your website,how to start a forum on your website​,n/a,n/a,0,10,,n/a,n/a,n/a,0.00,0.00,n/a,n/a,"For metrics, refresh"
how to start a free blog website,how to start a free blog website​,n/a,n/a,0,10,,n/a,n/a,n/a,1.93,0.62,n/a,n/a,"For metrics, refresh"
how to start a freelance website,how to start a freelance website​,n/a,n/a,0,10,,n/a,n/a,n/a,0.00,0.00,n/a,n/a,"For metrics, refresh"
how to start a gambling affiliate website,how to start a gambling affiliate website​,n/a,n/a,0,10,,n/a,n/a,n/a,0.00,0.00,n/a,n/a,"For metrics, refresh"
how to start a gofundme website,how to start a gofundme website​,n/a,n/a,0,10,,n/a,n/a,n/a,0.00,0.00,n/a,n/a,"For metrics, refresh"
how to start a job portal website in sri lanka,how to start a job portal website in sri lanka​,n/a,n/a,0,10,,n/a,n/a,n/a,0.00,0.00,n/a,n/a,"For metrics, refresh"
how to start a lifestyle website,how to start a lifestyle website​,n/a,n/a,0,10,,n/a,n/a,n/a,0.00,0.93,n/a,n/a,"For metrics, refresh"
how to start a matrimonial website,how to start a matrimonial website​,n/a,n/a,0,10,,n/a,n/a,n/a,0.00,0.00,n/a,n/a,"For metrics, refresh"
how to start a media website,how to start a media website​,n/a,n/a,0,10,,n/a,n/a,n/a,0.00,0.86,n/a,n/a,"For metrics, refresh"
how to start a money making website,how to start a money making website​,n/a,n/a,0,10,,n/a,n/a,n/a,0.00,0.43,n/a,n/a,"For metrics, refresh"
how to start a movie review website,how to start a movie review website​,n/a,n/a,0,10,,n/a,n/a,n/a,0.00,0.14,n/a,n/a,"For metrics, refresh"
how to start a movie streaming website,how to start a movie streaming website​,n/a,n/a,0,10,,n/a,n/a,n/a,0.00,0.00,n/a,n/a,"For metrics, refresh"
how to start a movie website,how to start a movie website​,n/a,n/a,0,10,,n/a,n/a,n/a,0.00,0.00,n/a,n/a,"For metrics, refresh"
how to start a music streaming website,how to start a music streaming website​,n/a,n/a,0,10,,n/a,n/a,n/a,0.00,0.07,n/a,n/a,"For metrics, refresh"
how to start a new website for free,how to start a new website for free​,n/a,n/a,0,10,,n/a,n/a,n/a,0.00,0.86,n/a,n/a,"For metrics, refresh"
how to start a own website,how to start a own website​,n/a,n/a,0,10,,n/a,n/a,n/a,5.61,0.83,n/a,n/a,"For metrics, refresh"
how to start a paid website,how to start a paid website​,n/a,n/a,0,10,,n/a,n/a,n/a,0.00,0.86,n/a,n/a,"For metrics, refresh"
how to start a paying website,how to start a paying website​,n/a,n/a,0,10,,n/a,n/a,n/a,0.00,0.86,n/a,n/a,"For metrics, refresh"
how to start a penny auction website,how to start a penny auction website​,n/a,n/a,0,10,,n/a,n/a,n/a,0.00,0.00,n/a,n/a,"For metrics, refresh"
how to start a petition website,how to start a petition website​,n/a,n/a,0,10,,n/a,n/a,n/a,0.00,0.00,n/a,n/a,"For metrics, refresh"
how to start a podcast radio show website,how to start a podcast radio show website​,n/a,n/a,0,10,,n/a,n/a,n/a,0.00,0.00,n/a,n/a,"For metrics, refresh"
how to start a poker website,how to start a poker website​,n/a,n/a,0,10,,n/a,n/a,n/a,0.00,0.00,n/a,n/a,"For metrics, refresh"
how to start a sex toy website,how to start a sex toy website​,n/a,n/a,0,10,,n/a,n/a,n/a,0.00,0.00,n/a,n/a,"For metrics, refresh"
how to start a sex website,how to start a sex website​,n/a,n/a,0,10,,n/a,n/a,n/a,0.00,0.00,n/a,n/a,"For metrics, refresh"
how to start a startup website,how to start a startup website​,n/a,n/a,0,10,,n/a,n/a,n/a,0.00,0.00,n/a,n/a,"For metrics, refresh"
how to start a stock photography website,how to start a stock photography website​,n/a,n/a,0,10,,n/a,n/a,n/a,0.00,0.00,n/a,n/a,"For metrics, refresh"
how to start a successful ecommerce website,how to start a successful ecommerce website​,n/a,n/a,0,10,,n/a,n/a,n/a,0.00,0.00,n/a,n/a,"For metrics, refresh"
how to start a successful website business,how to start a successful website business​,n/a,n/a,0,10,,n/a,n/a,n/a,0.00,0.00,n/a,n/a,"For metrics, refresh"
how to start a survey website,how to start a survey website​,n/a,n/a,0,10,,n/a,n/a,n/a,0.00,0.33,n/a,n/a,"For metrics, refresh"
how to start a t shirt website,how to start a t shirt website​,n/a,n/a,0,10,,n/a,n/a,n/a,0.00,0.00,n/a,n/a,"For metrics, refresh"
how to start a tarot website,how to start a tarot website​,n/a,n/a,0,10,,n/a,n/a,n/a,0.00,0.00,n/a,n/a,"For metrics, refresh"
how to start a ticket selling website,how to start a ticket selling website​,n/a,n/a,0,10,,n/a,n/a,n/a,0.00,0.33,n/a,n/a,"For metrics, refresh"
how to start a travel agency website,how to start a travel agency website​,n/a,n/a,0,10,,n/a,n/a,n/a,0.00,0.00,n/a,n/a,"For metrics, refresh"
how to start a travel website business,how to start a travel website business​,n/a,n/a,0,10,,n/a,n/a,n/a,0.00,0.00,n/a,n/a,"For metrics, refresh"
how to start a travel website like expedia,how to start a travel website like expedia​,n/a,n/a,0,10,,n/a,n/a,n/a,0.00,0.00,n/a,n/a,"For metrics, refresh"
how to start a vacation rental website,how to start a vacation rental website​,n/a,n/a,0,10,,n/a,n/a,n/a,0.00,0.00,n/a,n/a,"For metrics, refresh"
how to start a video sharing website,how to start a video sharing website​,n/a,n/a,0,10,,n/a,n/a,n/a,0.00,1.00,n/a,n/a,"For metrics, refresh"
how to start a video website,how to start a video website​,n/a,n/a,0,10,,n/a,n/a,n/a,0.00,0.19,n/a,n/a,"For metrics, refresh"
how to start a website agency,how to start a website agency​,n/a,n/a,0,10,,n/a,n/a,n/a,1.38,0.59,n/a,n/a,"For metrics, refresh"
how to start a website business plan,how to start a website business plan​,n/a,n/a,0,10,,n/a,n/a,n/a,0.00,0.00,n/a,n/a,"For metrics, refresh"
how to start a website business with no money,how to start a website business with no money​,n/a,n/a,0,10,,n/a,n/a,n/a,0.00,0.00,n/a,n/a,"For metrics, refresh"
how to start a website design agency,how to start a website design agency​,n/a,n/a,0,10,,n/a,n/a,n/a,1.90,0.51,n/a,n/a,"For metrics, refresh"
how to start a website design and development business,how to start a website design and development business​,n/a,n/a,0,10,,n/a,n/a,n/a,0.00,0.00,n/a,n/a,"For metrics, refresh"
how to start a website development business,how to start a website development business​,n/a,n/a,0,10,,n/a,n/a,n/a,5.84,0.30,n/a,n/a,"For metrics, refresh"
how to start a website flipping business,how to start a website flipping business​,n/a,n/a,0,10,,n/a,n/a,n/a,0.00,0.33,n/a,n/a,"For metrics, refresh"
how to start a website for blogging,how to start a website for blogging​,n/a,n/a,0,10,,n/a,n/a,n/a,0.00,1.00,n/a,n/a,"For metrics, refresh"
how to start a website for clothing,how to start a website for clothing​,n/a,n/a,0,10,,n/a,n/a,n/a,6.63,0.69,n/a,n/a,"For metrics, refresh"
how to start a website for small business,how to start a website for small business​,n/a,n/a,0,10,,n/a,n/a,n/a,11.86,0.59,n/a,n/a,"For metrics, refresh"
how to start a website for van life,how to start a website for van life​,n/a,n/a,0,10,,n/a,n/a,n/a,0.00,0.33,n/a,n/a,"For metrics, refresh"
how to start a website in google,how to start a website in google​,n/a,n/a,0,10,,n/a,n/a,n/a,0.00,0.00,n/a,n/a,"For metrics, refresh"
how to start a website kickoff meeting,how to start a website kickoff meeting​,n/a,n/a,0,10,,n/a,n/a,n/a,0.00,0.00,n/a,n/a,"For metrics, refresh"
how to start a website like flipkart,how to start a website like flipkart​,n/a,n/a,0,10,,n/a,n/a,n/a,0.00,0.00,n/a,n/a,"For metrics, refresh"
how to start a website like wish,how to start a website like wish​,n/a,n/a,0,10,,n/a,n/a,n/a,0.00,0.00,n/a,n/a,"For metrics, refresh"
how to start a website selling clothes,how to start a website selling clothes​,n/a,n/a,0,10,,n/a,n/a,n/a,0.00,0.00,n/a,n/a,"For metrics, refresh"
how to start a website that makes money,how to start a website that makes money​,n/a,n/a,0,10,,n/a,n/a,n/a,0.00,0.71,n/a,n/a,"For metrics, refresh"
how to start a website using html,how to start a website using html​,n/a,n/a,0,10,,n/a,n/a,n/a,0.00,1.00,n/a,n/a,"For metrics, refresh"
how to start a website wikihow,how to start a website wikihow​,n/a,n/a,0,10,,n/a,n/a,n/a,0.00,0.43,n/a,n/a,"For metrics, refresh"
how to start a website/blog,how to start a website/blog​,n/a,n/a,0,10,,n/a,n/a,n/a,2.32,0.60,n/a,n/a,"For metrics, refresh"
how to start a wiki website,how to start a wiki website​,n/a,n/a,0,10,,n/a,n/a,n/a,0.00,0.00,n/a,n/a,"For metrics, refresh"
how to start a wordpress website business,how to start a wordpress website business​,n/a,n/a,0,10,,n/a,n/a,n/a,0.00,0.00,n/a,n/a,"For metrics, refresh"
how to start and run a website,how to start and run a website​,n/a,n/a,0,10,,n/a,n/a,n/a,0.00,0.00,n/a,n/a,"For metrics, refresh"
how to start create a website,how to start create a website​,n/a,n/a,0,10,,n/a,n/a,n/a,6.43,0.59,n/a,n/a,"For metrics, refresh"
how to start doing seo for a website,how to start doing seo for a website​,n/a,n/a,0,10,,n/a,n/a,n/a,0.00,1.00,n/a,n/a,"For metrics, refresh"
how to start hacking a website,how to start hacking a website​,n/a,n/a,0,10,,n/a,n/a,n/a,0.00,0.00,n/a,n/a,"For metrics, refresh"
how to start making a website on wordpress,how to start making a website on wordpress​,n/a,n/a,0,10,,n/a,n/a,n/a,0.00,0.00,n/a,n/a,"For metrics, refresh"
how to start seo for a website,how to start seo for a website​,n/a,n/a,0,10,,n/a,n/a,n/a,0.00,0.95,n/a,n/a,"For metrics, refresh"
how to start seo of a new website,how to start seo of a new website​,n/a,n/a,0,10,,n/a,n/a,n/a,0.00,0.33,n/a,n/a,"For metrics, refresh"
how to start up a business website,how to start up a business website​,n/a,n/a,0,10,,n/a,n/a,n/a,0.00,0.86,n/a,n/a,"For metrics, refresh"
grammar how to say you started a website,grammar how to say you started a website​,n/a,n/a,0,0,,n/a,n/a,n/a,0.00,0.00,n/a,n/a,"For metrics, refresh"
how difficult is it to start a website,how difficult is it to start a website​,n/a,n/a,0,0,,n/a,n/a,n/a,0.00,0.00,n/a,n/a,"For metrics, refresh"
how do i pin a website to the start menu,how do i pin a website to the start menu​,n/a,n/a,0,0,,n/a,n/a,n/a,0.00,0.00,n/a,n/a,"For metrics, refresh"
how do i start a website to sell things,how do i start a website to sell things​,n/a,n/a,0,0,,n/a,n/a,n/a,0.00,0.00,n/a,n/a,"For metrics, refresh"
how do you start a website to sell used merchandise,how do you start a website to sell used merchandise​,n/a,n/a,0,0,,n/a,n/a,n/a,0.00,0.00,n/a,n/a,"For metrics, refresh"
how do you start a website to use brackets,how do you start a website to use brackets​,n/a,n/a,0,0,,n/a,n/a,n/a,0.00,0.00,n/a,n/a,"For metrics, refresh"
how does it cost to start a website,how does it cost to start a website​,n/a,n/a,0,0,,n/a,n/a,n/a,0.00,0.00,n/a,n/a,"For metrics, refresh"
how easy is it to start a website,how easy is it to start a website​,n/a,n/a,0,0,,n/a,n/a,n/a,0.00,0.00,n/a,n/a,"For metrics, refresh"
how expensive is it to start a website,how expensive is it to start a website​,n/a,n/a,0,0,,n/a,n/a,n/a,0.00,0.00,n/a,n/a,"For metrics, refresh"
how hard is it to start a dating website,how hard is it to start a dating website​,n/a,n/a,0,0,,n/a,n/a,n/a,0.00,0.00,n/a,n/a,"For metrics, refresh"
how hard is it to start a news website,how hard is it to start a news website​,n/a,n/a,0,0,,n/a,n/a,n/a,0.00,0.00,n/a,n/a,"For metrics, refresh"
how long to start seeing organic traffic on a website,how long to start seeing organic traffic on a website​,n/a,n/a,0,0,,n/a,n/a,n/a,0.00,0.00,n/a,n/a,"For metrics, refresh"
how many engineers to start a website,how many engineers to start a website​,n/a,n/a,0,0,,n/a,n/a,n/a,0.00,0.00,n/a,n/a,"For metrics, refresh"
how much capital is needed to start a marketplace website,how much capital is needed to start a marketplace website​,n/a,n/a,0,0,,n/a,n/a,n/a,0.00,0.00,n/a,n/a,"For metrics, refresh"
how much capital to start a website,how much capital to start a website​,n/a,n/a,0,0,,n/a,n/a,n/a,0.00,0.00,n/a,n/a,"For metrics, refresh"
how much cost to start a website,how much cost to start a website​,n/a,n/a,0,0,,n/a,n/a,n/a,0.00,0.00,n/a,n/a,"For metrics, refresh"
how much cost to start a website like yachtcharterfleet.com,how much cost to start a website like yachtcharterfleet.com​,n/a,n/a,0,0,,n/a,n/a,n/a,0.00,0.00,n/a,n/a,"For metrics, refresh"
how much do you need to start a shopify website,how much do you need to start a shopify website​,n/a,n/a,0,0,,n/a,n/a,n/a,0.00,0.00,n/a,n/a,"For metrics, refresh"
how much do you need to start a sportsbook website,how much do you need to start a sportsbook website​,n/a,n/a,0,0,,n/a,n/a,n/a,0.00,0.00,n/a,n/a,"For metrics, refresh"
how much does it cost to start a betting website,how much does it cost to start a betting website​,n/a,n/a,0,0,,n/a,n/a,n/a,0.00,0.00,n/a,n/a,"For metrics, refresh"
how much does it cost to start a clothing website,how much does it cost to start a clothing website​,n/a,n/a,0,0,,n/a,n/a,n/a,0.00,0.00,n/a,n/a,"For metrics, refresh"
how much does it cost to start a new website,how much does it cost to start a new website​,n/a,n/a,0,0,,n/a,n/a,n/a,0.00,0.00,n/a,n/a,"For metrics, refresh"
how much does it cost to start a news website,how much does it cost to start a news website​,n/a,n/a,0,0,,n/a,n/a,n/a,0.00,0.00,n/a,n/a,"For metrics, refresh"
how much does it cost to start a professional website,how much does it cost to start a professional website​,n/a,n/a,0,0,,n/a,n/a,n/a,0.00,0.00,n/a,n/a,"For metrics, refresh"
how much does it cost to start a retail website,how much does it cost to start a retail website​,n/a,n/a,0,0,,n/a,n/a,n/a,0.00,0.00,n/a,n/a,"For metrics, refresh"
how much does it cost to start a shopify website,how much does it cost to start a shopify website​,n/a,n/a,0,0,,n/a,n/a,n/a,0.00,0.00,n/a,n/a,"For metrics, refresh"
how much does it cost to start a social website,how much does it cost to start a social website​,n/a,n/a,0,0,,n/a,n/a,n/a,0.00,0.00,n/a,n/a,"For metrics, refresh"
how much does it cost to start a website uk,how much does it cost to start a website uk​,n/a,n/a,0,0,,n/a,n/a,n/a,0.00,0.00,n/a,n/a,"For metrics, refresh"
how much does it cost to start a wordpress website,how much does it cost to start a wordpress website​,n/a,n/a,0,0,,n/a,n/a,n/a,0.00,0.00,n/a,n/a,"For metrics, refresh"
how much investment needed to start a ecommerce website,how much investment needed to start a ecommerce website​,n/a,n/a,0,0,,n/a,n/a,n/a,0.00,0.00,n/a,n/a,"For metrics, refresh"
how much is it to start a business website,how much is it to start a business website​,n/a,n/a,0,0,,n/a,n/a,n/a,0.00,0.00,n/a,n/a,"For metrics, refresh"
how much is needed to start a website,how much is needed to start a website​,n/a,n/a,0,0,,n/a,n/a,n/a,0.00,0.00,n/a,n/a,"For metrics, refresh"
how much is webstart cost to start a website,how much is webstart cost to start a website​,n/a,n/a,0,0,,n/a,n/a,n/a,0.00,0.00,n/a,n/a,"For metrics, refresh"
how much it cost to start a business website,how much it cost to start a business website​,n/a,n/a,0,0,,n/a,n/a,n/a,0.00,0.00,n/a,n/a,"For metrics, refresh"
how much it cost to start a website in india,how much it cost to start a website in india​,n/a,n/a,0,0,,n/a,n/a,n/a,0.00,0.00,n/a,n/a,"For metrics, refresh"
how much money is it to start a website,how much money is it to start a website​,n/a,n/a,0,0,,n/a,n/a,n/a,0.00,0.00,n/a,n/a,"For metrics, refresh"
how much money to start a dating website,how much money to start a dating website​,n/a,n/a,0,0,,n/a,n/a,n/a,0.00,0.00,n/a,n/a,"For metrics, refresh"
how much to start a business website,how much to start a business website​,n/a,n/a,0,0,,n/a,n/a,n/a,0.00,0.00,n/a,n/a,"For metrics, refresh"
how much to start a social media website,how much to start a social media website​,n/a,n/a,0,0,,n/a,n/a,n/a,0.00,0.00,n/a,n/a,"For metrics, refresh"
how much to start a website ',how much to start a website '​,n/a,n/a,0,0,,n/a,n/a,n/a,4.64,0.62,n/a,n/a,"For metrics, refresh"
how much to start a website domain,how much to start a website domain​,n/a,n/a,0,0,,n/a,n/a,n/a,0.00,0.00,n/a,n/a,"For metrics, refresh"
how much to start a website forum,how much to start a website forum​,n/a,n/a,0,0,,n/a,n/a,n/a,0.00,0.00,n/a,n/a,"For metrics, refresh"
how much to start a website like facebook,how much to start a website like facebook​,n/a,n/a,0,0,,n/a,n/a,n/a,0.00,0.00,n/a,n/a,"For metrics, refresh"
how much to start a website uk,how much to start a website uk​,n/a,n/a,0,0,,n/a,n/a,n/a,0.00,0.00,n/a,n/a,"For metrics, refresh"
how much to start a website with payment options,how much to start a website with payment options​,n/a,n/a,0,0,,n/a,n/a,n/a,0.00,0.00,n/a,n/a,"For metrics, refresh"
how much to start a wordpress website,how much to start a wordpress website​,n/a,n/a,0,0,,n/a,n/a,n/a,0.00,0.00,n/a,n/a,"For metrics, refresh"
how much to start up a website,how much to start up a website​,n/a,n/a,0,0,,n/a,n/a,n/a,4.64,0.62,n/a,n/a,"For metrics, refresh"
how mucj does it cost to start.a website,how mucj does it cost to start.a website​,n/a,n/a,0,0,,n/a,n/a,n/a,0.00,0.00,n/a,n/a,"For metrics, refresh"
how to add a website to start menu windows 7,how to add a website to start menu windows 7​,n/a,n/a,0,0,,n/a,n/a,n/a,0.00,0.00,n/a,n/a,"For metrics, refresh"
how to add a website to windows 10 start menu,how to add a website to windows 10 start menu​,n/a,n/a,0,0,,n/a,n/a,n/a,0.00,0.00,n/a,n/a,"For metrics, refresh"
how to add a website to windows 8 start screen,how to add a website to windows 8 start screen​,n/a,n/a,0,0,,n/a,n/a,n/a,0.00,0.00,n/a,n/a,"For metrics, refresh"
how to auto start a website,how to auto start a website​,n/a,n/a,0,0,,n/a,n/a,n/a,0.00,0.00,n/a,n/a,"For metrics, refresh"
how to automatically boot a website on start up,how to automatically boot a website on start up​,n/a,n/a,0,0,,n/a,n/a,n/a,0.00,0.00,n/a,n/a,"For metrics, refresh"
how to build a portfolio website from start to finish,how to build a portfolio website from start to finish​,n/a,n/a,0,0,,n/a,n/a,n/a,0.00,0.00,n/a,n/a,"For metrics, refresh"
how to build a responsive website from start to finish,how to build a responsive website from start to finish​,n/a,n/a,0,0,,n/a,n/a,n/a,0.00,0.00,n/a,n/a,"For metrics, refresh"
how to buy a domain and start a website,how to buy a domain and start a website​,n/a,n/a,0,0,,n/a,n/a,n/a,0.00,0.00,n/a,n/a,"For metrics, refresh"
how to buy a domain name and start a website,how to buy a domain name and start a website​,n/a,n/a,0,0,,n/a,n/a,n/a,0.00,0.00,n/a,n/a,"For metrics, refresh"
how to check a website start date,how to check a website start date​,n/a,n/a,0,0,,n/a,n/a,n/a,0.00,0.00,n/a,n/a,"For metrics, refresh"
how to cite a website apa citation starts with number,how to cite a website apa citation starts with number​,n/a,n/a,0,0,,n/a,n/a,n/a,0.00,0.00,n/a,n/a,"For metrics, refresh"
how to completely reset a website and start over,how to completely reset a website and start over​,n/a,n/a,0,0,,n/a,n/a,n/a,0.00,0.00,n/a,n/a,"For metrics, refresh"
how to create a sitemap before starting a website design,how to create a sitemap before starting a website design​,n/a,n/a,0,0,,n/a,n/a,n/a,0.00,0.00,n/a,n/a,"For metrics, refresh"
how to create a website template from start to finish,how to create a website template from start to finish​,n/a,n/a,0,0,,n/a,n/a,n/a,0.00,0.00,n/a,n/a,"For metrics, refresh"
how to create a website to start amazon affiliate marketing,how to create a website to start amazon affiliate marketing​,n/a,n/a,0,0,,n/a,n/a,n/a,0.00,0.00,n/a,n/a,"For metrics, refresh"
how to create a wordpress website for beginners start creating,how to create a wordpress website for beginners start creating​,n/a,n/a,0,0,,n/a,n/a,n/a,0.00,0.00,n/a,n/a,"For metrics, refresh"
how to delete a website and start over,how to delete a website and start over​,n/a,n/a,0,0,,n/a,n/a,n/a,0.00,0.00,n/a,n/a,"For metrics, refresh"
how to delete a website and start over wordpress,how to delete a website and start over wordpress​,n/a,n/a,0,0,,n/a,n/a,n/a,0.00,0.00,n/a,n/a,"For metrics, refresh"
how to design a website from start to finish,how to design a website from start to finish​,n/a,n/a,0,0,,n/a,n/a,n/a,0.00,0.00,n/a,n/a,"For metrics, refresh"
how to design a website start to finish,how to design a website start to finish​,n/a,n/a,0,0,,n/a,n/a,n/a,0.00,0.00,n/a,n/a,"For metrics, refresh"
how to earn by starting a website,how to earn by starting a website​,n/a,n/a,0,0,,n/a,n/a,n/a,0.00,0.00,n/a,n/a,"For metrics, refresh"
how to ensure my javascript starts immediately in a website,how to ensure my javascript starts immediately in a website​,n/a,n/a,0,0,,n/a,n/a,n/a,0.00,0.00,n/a,n/a,"For metrics, refresh"
how to erase a website and start over,how to erase a website and start over​,n/a,n/a,0,0,,n/a,n/a,n/a,0.00,0.00,n/a,n/a,"For metrics, refresh"
how to erase a website in bluehost and start again,how to erase a website in bluehost and start again​,n/a,n/a,0,0,,n/a,n/a,n/a,0.00,0.00,n/a,n/a,"For metrics, refresh"
how to find a website's starting date,how to find a website's starting date​,n/a,n/a,0,0,,n/a,n/a,n/a,0.00,0.00,n/a,n/a,"For metrics, refresh"
how to find the start date of a website,how to find the start date of a website​,n/a,n/a,0,0,,n/a,n/a,n/a,0.00,0.00,n/a,n/a,"For metrics, refresh"
how to form people to start a tech news website,how to form people to start a tech news website​,n/a,n/a,0,0,,n/a,n/a,n/a,0.00,0.00,n/a,n/a,"For metrics, refresh"
how to get a website business started,how to get a website business started​,n/a,n/a,0,0,,n/a,n/a,n/a,0.00,0.00,n/a,n/a,"For metrics, refresh"
how to get money to start a website,how to get money to start a website​,n/a,n/a,0,0,,n/a,n/a,n/a,0.00,0.00,n/a,n/a,"For metrics, refresh"
how to get started building a website on wix,how to get started building a website on wix​,n/a,n/a,0,0,,n/a,n/a,n/a,0.00,0.00,n/a,n/a,"For metrics, refresh"
how to get started building a website with bootstrap,how to get started building a website with bootstrap​,n/a,n/a,0,0,,n/a,n/a,n/a,0.00,0.00,n/a,n/a,"For metrics, refresh"
how to get started building a wordpress website,how to get started building a wordpress website​,n/a,n/a,0,0,,n/a,n/a,n/a,0.00,0.00,n/a,n/a,"For metrics, refresh"
how to get started creating a django website,how to get started creating a django website​,n/a,n/a,0,0,,n/a,n/a,n/a,0.00,0.00,n/a,n/a,"For metrics, refresh"
how to get started creating a website,how to get started creating a website​,n/a,n/a,0,0,,n/a,n/a,n/a,0.00,0.00,n/a,n/a,"For metrics, refresh"
how to get started designing a website,how to get started designing a website​,n/a,n/a,0,0,,n/a,n/a,n/a,0.00,0.00,n/a,n/a,"For metrics, refresh"
how to get started hosting a client website,how to get started hosting a client website​,n/a,n/a,0,0,,n/a,n/a,n/a,0.00,0.00,n/a,n/a,"For metrics, refresh"
how to get started selling through a website,how to get started selling through a website​,n/a,n/a,0,0,,n/a,n/a,n/a,0.00,0.00,n/a,n/a,"For metrics, refresh"
how to get started with a new website,how to get started with a new website​,n/a,n/a,0,0,,n/a,n/a,n/a,0.00,0.00,n/a,n/a,"For metrics, refresh"
how to get started with a wordpress website,how to get started with a wordpress website​,n/a,n/a,0,0,,n/a,n/a,n/a,0.00,0.00,n/a,n/a,"For metrics, refresh"
how to get starting building a website,how to get starting building a website​,n/a,n/a,0,0,,n/a,n/a,n/a,0.00,0.00,n/a,n/a,"For metrics, refresh"
how to have a website start on startup,how to have a website start on startup​,n/a,n/a,0,0,,n/a,n/a,n/a,0.00,0.00,n/a,n/a,"For metrics, refresh"
how to have a website start on startup on firefox,how to have a website start on startup on firefox​,n/a,n/a,0,0,,n/a,n/a,n/a,0.00,0.00,n/a,n/a,"For metrics, refresh"
how to i start a website,how to i start a website​,n/a,n/a,0,0,,n/a,n/a,n/a,0.00,0.00,n/a,n/a,"For metrics, refresh"
how to kick start a website,how to kick start a website​,n/a,n/a,0,0,,n/a,n/a,n/a,0.00,0.00,n/a,n/a,"For metrics, refresh"
how to make a service to start your own website,how to make a service to start your own website​,n/a,n/a,0,0,,n/a,n/a,n/a,0.00,0.00,n/a,n/a,"For metrics, refresh"
how to make a start page for website,how to make a start page for website​,n/a,n/a,0,0,,n/a,n/a,n/a,0.00,0.00,n/a,n/a,"For metrics, refresh"
how to make a website start a blog nisdon,how to make a website start a blog nisdon​,n/a,n/a,0,0,,n/a,n/a,n/a,0.00,0.00,n/a,n/a,"For metrics, refresh"
how to make a website start a call program,how to make a website start a call program​,n/a,n/a,0,0,,n/a,n/a,n/a,0.00,0.00,n/a,n/a,"For metrics, refresh"
how to make a website start a download,how to make a website start a download​,n/a,n/a,0,0,,n/a,n/a,n/a,0.00,0.00,n/a,n/a,"For metrics, refresh"
how to make a wordpress website ll start,how to make a wordpress website ll start​,n/a,n/a,0,0,,n/a,n/a,n/a,0.00,0.00,n/a,n/a,"For metrics, refresh"
how to make a wordpress website start building,how to make a wordpress website start building​,n/a,n/a,0,0,,n/a,n/a,n/a,0.00,0.00,n/a,n/a,"For metrics, refresh"
how to make a wordpress website start creating,how to make a wordpress website start creating​,n/a,n/a,0,0,,n/a,n/a,n/a,0.00,0.00,n/a,n/a,"For metrics, refresh"
how to pin a website to chrome start,how to pin a website to chrome start​,n/a,n/a,0,0,,n/a,n/a,n/a,0.00,0.00,n/a,n/a,"For metrics, refresh"
how to pin a website to start bar,how to pin a website to start bar​,n/a,n/a,0,0,,n/a,n/a,n/a,0.00,0.00,n/a,n/a,"For metrics, refresh"
how to pin a website to start firefox,how to pin a website to start firefox​,n/a,n/a,0,0,,n/a,n/a,n/a,0.00,0.00,n/a,n/a,"For metrics, refresh"
how to pin a website to start google chrome,how to pin a website to start google chrome​,n/a,n/a,0,0,,n/a,n/a,n/a,0.00,0.00,n/a,n/a,"For metrics, refresh"
how to pin a website to start menu windows 7,how to pin a website to start menu windows 7​,n/a,n/a,0,0,,n/a,n/a,n/a,0.00,0.00,n/a,n/a,"For metrics, refresh"
how to pin a website to start on chrome,how to pin a website to start on chrome​,n/a,n/a,0,0,,n/a,n/a,n/a,0.00,0.00,n/a,n/a,"For metrics, refresh"
how to pin a website to start screen,how to pin a website to start screen​,n/a,n/a,0,0,,n/a,n/a,n/a,0.00,0.00,n/a,n/a,"For metrics, refresh"
how to pin a website to start screen windows 8.1,how to pin a website to start screen windows 8.1​,n/a,n/a,0,0,,n/a,n/a,n/a,0.00,0.00,n/a,n/a,"For metrics, refresh"
how to pin a website to start windows 10,how to pin a website to start windows 10​,n/a,n/a,0,0,,n/a,n/a,n/a,0.00,0.00,n/a,n/a,"For metrics, refresh"
how to pin a website to start windows 10 chrome,how to pin a website to start windows 10 chrome​,n/a,n/a,0,0,,n/a,n/a,n/a,0.00,0.00,n/a,n/a,"For metrics, refresh"
how to pin a website to start windows 8,how to pin a website to start windows 8​,n/a,n/a,0,0,,n/a,n/a,n/a,0.00,0.00,n/a,n/a,"For metrics, refresh"
how to pin a website to the start menu,how to pin a website to the start menu​,n/a,n/a,0,0,,n/a,n/a,n/a,0.00,0.00,n/a,n/a,"For metrics, refresh"
how to pin a website to the start menu chrome,how to pin a website to the start menu chrome​,n/a,n/a,0,0,,n/a,n/a,n/a,0.00,0.00,n/a,n/a,"For metrics, refresh"
how to pin a website to the start menu crome,how to pin a website to the start menu crome​,n/a,n/a,0,0,,n/a,n/a,n/a,0.00,0.00,n/a,n/a,"For metrics, refresh"
how to pin a website to windows 10 start,how to pin a website to windows 10 start​,n/a,n/a,0,0,,n/a,n/a,n/a,0.00,0.00,n/a,n/a,"For metrics, refresh"
how to pin a website to windows 10 start screen,how to pin a website to windows 10 start screen​,n/a,n/a,0,0,,n/a,n/a,n/a,0.00,0.00,n/a,n/a,"For metrics, refresh"
how to pin a website to windows 8 start screen,how to pin a website to windows 8 start screen​,n/a,n/a,0,0,,n/a,n/a,n/a,0.00,0.00,n/a,n/a,"For metrics, refresh"
how to pin to start a website,how to pin to start a website​,n/a,n/a,0,0,,n/a,n/a,n/a,0.00,0.00,n/a,n/a,"For metrics, refresh"
how to setup a professional woocommerce website start to finish,how to setup a professional woocommerce website start to finish​,n/a,n/a,0,0,,n/a,n/a,n/a,0.00,0.00,n/a,n/a,"For metrics, refresh"
how to start a 5 page blog or website,how to start a 5 page blog or website​,n/a,n/a,0,0,,n/a,n/a,n/a,0.00,0.00,n/a,n/a,"For metrics, refresh"
how to start a 5 page website free,how to start a 5 page website free​,n/a,n/a,0,0,,n/a,n/a,n/a,0.00,0.00,n/a,n/a,"For metrics, refresh"
how to start a adult website and make money,how to start a adult website and make money​,n/a,n/a,0,0,,n/a,n/a,n/a,0.00,0.00,n/a,n/a,"For metrics, refresh"
how to start a affiliate website in india,how to start a affiliate website in india​,n/a,n/a,0,0,,n/a,n/a,n/a,0.00,0.00,n/a,n/a,"For metrics, refresh"
how to start a amazon affiliate website,how to start a amazon affiliate website​,n/a,n/a,0,0,,n/a,n/a,n/a,0.00,0.00,n/a,n/a,"For metrics, refresh"
how to start a anime streaming website,how to start a anime streaming website​,n/a,n/a,0,0,,n/a,n/a,n/a,0.00,0.00,n/a,n/a,"For metrics, refresh"
how to start a art website,how to start a art website​,n/a,n/a,0,0,,n/a,n/a,n/a,0.00,0.00,n/a,n/a,"For metrics, refresh"
how to start a b2b website,how to start a b2b website​,n/a,n/a,0,0,,n/a,n/a,n/a,0.00,0.00,n/a,n/a,"For metrics, refresh"
how to start a baking website,how to start a baking website​,n/a,n/a,0,0,,n/a,n/a,n/a,0.00,0.00,n/a,n/a,"For metrics, refresh"
how to start a bartering trading swapping website,how to start a bartering trading swapping website​,n/a,n/a,0,0,,n/a,n/a,n/a,0.00,0.00,n/a,n/a,"For metrics, refresh"
how to start a beat selling website,how to start a beat selling website​,n/a,n/a,0,0,,n/a,n/a,n/a,0.00,0.00,n/a,n/a,"For metrics, refresh"
how to start a betting website in india,how to start a betting website in india​,n/a,n/a,0,0,,n/a,n/a,n/a,0.00,0.00,n/a,n/a,"For metrics, refresh"
how to start a big cartel website creativelive blogcreativelive blog,how to start a big cartel website creativelive blogcreativelive blog​,n/a,n/a,0,0,,n/a,n/a,n/a,0.00,0.00,n/a,n/a,"For metrics, refresh"
how to start a big porn website,how to start a big porn website​,n/a,n/a,0,0,,n/a,n/a,n/a,0.00,0.00,n/a,n/a,"For metrics, refresh"
how to start a blank website,how to start a blank website​,n/a,n/a,0,0,,n/a,n/a,n/a,0.00,0.00,n/a,n/a,"For metrics, refresh"
how to start a blank weebly website,how to start a blank weebly website​,n/a,n/a,0,0,,n/a,n/a,n/a,0.00,0.00,n/a,n/a,"For metrics, refresh"
how to start a blog blogging website,how to start a blog blogging website​,n/a,n/a,0,0,,n/a,n/a,n/a,0.00,0.00,n/a,n/a,"For metrics, refresh"
how to start a blog blogs and websites,how to start a blog blogs and websites​,n/a,n/a,0,0,,n/a,n/a,n/a,0.00,0.00,n/a,n/a,"For metrics, refresh"
how to start a blog for website,how to start a blog for website​,n/a,n/a,0,0,,n/a,n/a,n/a,0.00,0.00,n/a,n/a,"For metrics, refresh"
how to start a blog for your website,how to start a blog for your website​,n/a,n/a,0,0,,n/a,n/a,n/a,0.00,0.00,n/a,n/a,"For metrics, refresh"
how to start a blog free website,how to start a blog free website​,n/a,n/a,0,0,,n/a,n/a,n/a,0.00,0.00,n/a,n/a,"For metrics, refresh"
how to start a blog on an existing website,how to start a blog on an existing website​,n/a,n/a,0,0,,n/a,n/a,n/a,0.00,0.00,n/a,n/a,"For metrics, refresh"
how to start a blog on wordpress website,how to start a blog on wordpress website​,n/a,n/a,0,0,,n/a,n/a,n/a,0.00,0.00,n/a,n/a,"For metrics, refresh"
how to start a blog on your own business website,how to start a blog on your own business website​,n/a,n/a,0,0,,n/a,n/a,n/a,0.00,0.00,n/a,n/a,"For metrics, refresh"
how to start a blog on your own website,how to start a blog on your own website​,n/a,n/a,0,0,,n/a,n/a,n/a,4.24,0.79,n/a,n/a,"For metrics, refresh"
how to start a blog type of website,how to start a blog type of website​,n/a,n/a,0,0,,n/a,n/a,n/a,0.00,0.00,n/a,n/a,"For metrics, refresh"
how to start a blog website step by step,how to start a blog website step by step​,n/a,n/a,0,0,,n/a,n/a,n/a,0.00,0.00,n/a,n/a,"For metrics, refresh"
how to start a blog website wikihow,how to start a blog website wikihow​,n/a,n/a,0,0,,n/a,n/a,n/a,0.00,0.00,n/a,n/a,"For metrics, refresh"
how to start a blog website wordpress,how to start a blog website wordpress​,n/a,n/a,0,0,,n/a,n/a,n/a,0.00,0.00,n/a,n/a,"For metrics, refresh"
how to start a blog wordpress website,how to start a blog wordpress website​,n/a,n/a,0,0,,n/a,n/a,n/a,0.00,0.00,n/a,n/a,"For metrics, refresh"
how to start a blogger website,how to start a blogger website​,n/a,n/a,0,0,,n/a,n/a,n/a,0.00,0.00,n/a,n/a,"For metrics, refresh"
how to start a blogging website and make money,how to start a blogging website and make money​,n/a,n/a,0,0,,n/a,n/a,n/a,0.00,0.33,n/a,n/a,"For metrics, refresh"
how to start a book review website,how to start a book review website​,n/a,n/a,0,0,,n/a,n/a,n/a,0.00,0.00,n/a,n/a,"For metrics, refresh"
how to start a boosting website,how to start a boosting website​,n/a,n/a,0,0,,n/a,n/a,n/a,0.00,0.00,n/a,n/a,"For metrics, refresh"
how to start a bootstrap website,how to start a bootstrap website​,n/a,n/a,0,0,,n/a,n/a,n/a,0.00,0.00,n/a,n/a,"For metrics, refresh"
how to start a bootstrap website html,how to start a bootstrap website html​,n/a,n/a,0,0,,n/a,n/a,n/a,0.00,0.00,n/a,n/a,"For metrics, refresh"
how to start a bounty website,how to start a bounty website​,n/a,n/a,0,0,,n/a,n/a,n/a,0.00,0.00,n/a,n/a,"For metrics, refresh"
how to start a buisness website,how to start a buisness website​,n/a,n/a,0,0,,n/a,n/a,n/a,0.00,0.00,n/a,n/a,"For metrics, refresh"
how to start a bulk sms website,how to start a bulk sms website​,n/a,n/a,0,0,,n/a,n/a,n/a,0.00,0.00,n/a,n/a,"For metrics, refresh"
how to start a business building websites,how to start a business building websites​,n/a,n/a,0,0,,n/a,n/a,n/a,0.00,0.00,n/a,n/a,"For metrics, refresh"
how to start a business creating websites,how to start a business creating websites​,n/a,n/a,0,0,,n/a,n/a,n/a,0.00,0.00,n/a,n/a,"For metrics, refresh"
how to start a business information websites,how to start a business information websites​,n/a,n/a,0,0,,n/a,n/a,n/a,0.00,0.00,n/a,n/a,"For metrics, refresh"
how to start a business making websited for people,how to start a business making websited for people​,n/a,n/a,0,0,,n/a,n/a,n/a,0.00,0.00,n/a,n/a,"For metrics, refresh"
how to start a business online websites,how to start a business online websites​,n/a,n/a,0,0,,n/a,n/a,n/a,0.00,0.00,n/a,n/a,"For metrics, refresh"
how to start a business selling websites,how to start a business selling websites​,n/a,n/a,0,0,,n/a,n/a,n/a,0.00,0.00,n/a,n/a,"For metrics, refresh"
how to start a business website go daddy,how to start a business website go daddy​,n/a,n/a,0,0,,n/a,n/a,n/a,0.00,0.00,n/a,n/a,"For metrics, refresh"
how to start a business website godaddy,how to start a business website godaddy​,n/a,n/a,0,0,,n/a,n/a,n/a,0.00,0.00,n/a,n/a,"For metrics, refresh"
how to start a business website hosting,how to start a business website hosting​,n/a,n/a,0,0,,n/a,n/a,n/a,0.00,0.00,n/a,n/a,"For metrics, refresh"
how to start a business website in india,how to start a business website in india​,n/a,n/a,0,0,,n/a,n/a,n/a,0.00,0.00,n/a,n/a,"For metrics, refresh"
how to start a business website online,how to start a business website online​,n/a,n/a,0,0,,n/a,n/a,n/a,0.00,0.00,n/a,n/a,"For metrics, refresh"
how to start a business with website,how to start a business with website​,n/a,n/a,0,0,,n/a,n/a,n/a,0.00,0.00,n/a,n/a,"For metrics, refresh"
how to start a bussiness website,how to start a bussiness website​,n/a,n/a,0,0,,n/a,n/a,n/a,0.00,0.00,n/a,n/a,"For metrics, refresh"
how to start a c2c website,how to start a c2c website​,n/a,n/a,0,0,,n/a,n/a,n/a,0.00,0.00,n/a,n/a,"For metrics, refresh"
how to start a cam girl website,how to start a cam girl website​,n/a,n/a,0,0,,n/a,n/a,n/a,0.00,0.00,n/a,n/a,"For metrics, refresh"
how to start a cam website,how to start a cam website​,n/a,n/a,0,0,,n/a,n/a,n/a,0.00,0.33,n/a,n/a,"For metrics, refresh"
how to start a camming website,how to start a camming website​,n/a,n/a,0,0,,n/a,n/a,n/a,0.00,0.00,n/a,n/a,"For metrics, refresh"
how to start a canvas website,how to start a canvas website​,n/a,n/a,0,0,,n/a,n/a,n/a,0.00,0.00,n/a,n/a,"For metrics, refresh"
how to start a car parts website,how to start a car parts website​,n/a,n/a,0,0,,n/a,n/a,n/a,0.00,0.00,n/a,n/a,"For metrics, refresh"
how to start a car review website,how to start a car review website​,n/a,n/a,0,0,,n/a,n/a,n/a,0.00,0.00,n/a,n/a,"For metrics, refresh"
how to start a card website,how to start a card website​,n/a,n/a,0,0,,n/a,n/a,n/a,0.00,0.00,n/a,n/a,"For metrics, refresh"
how to start a career building websites,how to start a career building websites​,n/a,n/a,0,0,,n/a,n/a,n/a,0.00,0.00,n/a,n/a,"For metrics, refresh"
how to start a career in website development,how to start a career in website development​,n/a,n/a,0,0,,n/a,n/a,n/a,0.00,0.00,n/a,n/a,"For metrics, refresh"
how to start a cartoon website,how to start a cartoon website​,n/a,n/a,0,0,,n/a,n/a,n/a,0.00,0.00,n/a,n/a,"For metrics, refresh"
how to start a cash back website like ebates,how to start a cash back website like ebates​,n/a,n/a,0,0,,n/a,n/a,n/a,0.00,0.00,n/a,n/a,"For metrics, refresh"
how to start a charitable website,how to start a charitable website​,n/a,n/a,0,0,,n/a,n/a,n/a,0.00,0.00,n/a,n/a,"For metrics, refresh"
how to start a chat room website,how to start a chat room website​,n/a,n/a,0,0,,n/a,n/a,n/a,0.00,0.00,n/a,n/a,"For metrics, refresh"
how to start a chatting website,how to start a chatting website​,n/a,n/a,0,0,,n/a,n/a,n/a,0.00,0.00,n/a,n/a,"For metrics, refresh"
how to start a cheap website,how to start a cheap website​,n/a,n/a,0,0,,n/a,n/a,n/a,0.00,0.00,n/a,n/a,"For metrics, refresh"
how to start a cheap website blog,how to start a cheap website blog​,n/a,n/a,0,0,,n/a,n/a,n/a,0.00,0.00,n/a,n/a,"For metrics, refresh"
how to start a christian dating website,how to start a christian dating website​,n/a,n/a,0,0,,n/a,n/a,n/a,0.00,0.00,n/a,n/a,"For metrics, refresh"
how to start a city news website,how to start a city news website​,n/a,n/a,0,0,,n/a,n/a,n/a,0.00,0.00,n/a,n/a,"For metrics, refresh"
how to start a classified website like craigslist,how to start a classified website like craigslist​,n/a,n/a,0,0,,n/a,n/a,n/a,0.00,0.00,n/a,n/a,"For metrics, refresh"
how to start a cleaning business website,how to start a cleaning business website​,n/a,n/a,0,0,,n/a,n/a,n/a,0.00,0.00,n/a,n/a,"For metrics, refresh"
how to start a clothing store website,how to start a clothing store website​,n/a,n/a,0,0,,n/a,n/a,n/a,0.00,0.00,n/a,n/a,"For metrics, refresh"
how to start a clothing website online,how to start a clothing website online​,n/a,n/a,0,0,,n/a,n/a,n/a,0.00,0.00,n/a,n/a,"For metrics, refresh"
how to start a clothwes design website,how to start a clothwes design website​,n/a,n/a,0,0,,n/a,n/a,n/a,0.00,0.00,n/a,n/a,"For metrics, refresh"
how to start a coaching website,how to start a coaching website​,n/a,n/a,0,0,,n/a,n/a,n/a,0.00,0.00,n/a,n/a,"For metrics, refresh"
how to start a college football website,how to start a college football website​,n/a,n/a,0,0,,n/a,n/a,n/a,0.00,0.00,n/a,n/a,"For metrics, refresh"
how to start a com website for free,how to start a com website for free​,n/a,n/a,0,0,,n/a,n/a,n/a,0.00,0.00,n/a,n/a,"For metrics, refresh"
how to start a comedy website,how to start a comedy website​,n/a,n/a,0,0,,n/a,n/a,n/a,0.00,0.00,n/a,n/a,"For metrics, refresh"
how to start a commercial website in sri lanka,how to start a commercial website in sri lanka​,n/a,n/a,0,0,,n/a,n/a,n/a,0.00,0.00,n/a,n/a,"For metrics, refresh"
how to start a commercial website sell online checkout,how to start a commercial website sell online checkout​,n/a,n/a,0,0,,n/a,n/a,n/a,0.00,0.00,n/a,n/a,"For metrics, refresh"
how to start a community based website,how to start a community based website​,n/a,n/a,0,0,,n/a,n/a,n/a,0.00,0.00,n/a,n/a,"For metrics, refresh"
how to start a company bio for website,how to start a company bio for website​,n/a,n/a,0,0,,n/a,n/a,n/a,0.00,0.00,n/a,n/a,"For metrics, refresh"
how to start a company website for plumbing,how to start a company website for plumbing​,n/a,n/a,0,0,,n/a,n/a,n/a,0.00,0.00,n/a,n/a,"For metrics, refresh"
how to start a comparison website uk,how to start a comparison website uk​,n/a,n/a,0,0,,n/a,n/a,n/a,0.00,0.00,n/a,n/a,"For metrics, refresh"
how to start a competition website,how to start a competition website​,n/a,n/a,0,0,,n/a,n/a,n/a,0.00,0.00,n/a,n/a,"For metrics, refresh"
how to start a completely free website easily,how to start a completely free website easily​,n/a,n/a,0,0,,n/a,n/a,n/a,0.00,0.00,n/a,n/a,"For metrics, refresh"
how to start a completely free website easily for games,how to start a completely free website easily for games​,n/a,n/a,0,0,,n/a,n/a,n/a,0.00,0.00,n/a,n/a,"For metrics, refresh"
how to start a complex website,how to start a complex website​,n/a,n/a,0,0,,n/a,n/a,n/a,0.00,0.00,n/a,n/a,"For metrics, refresh"
how to start a content based website,how to start a content based website​,n/a,n/a,0,0,,n/a,n/a,n/a,0.00,0.00,n/a,n/a,"For metrics, refresh"
how to start a content creation website company,how to start a content creation website company​,n/a,n/a,0,0,,n/a,n/a,n/a,0.00,0.00,n/a,n/a,"For metrics, refresh"
how to start a content curation website,how to start a content curation website​,n/a,n/a,0,0,,n/a,n/a,n/a,0.00,0.00,n/a,n/a,"For metrics, refresh"
how to start a conversation dating website,how to start a conversation dating website​,n/a,n/a,0,0,,n/a,n/a,n/a,0.00,0.00,n/a,n/a,"For metrics, refresh"
how to start a conversation on an online dating website,how to start a conversation on an online dating website​,n/a,n/a,0,0,,n/a,n/a,n/a,0.00,0.00,n/a,n/a,"For metrics, refresh"
how to start a conversation on dating websit,how to start a conversation on dating websit​,n/a,n/a,0,0,,n/a,n/a,n/a,0.00,0.00,n/a,n/a,"For metrics, refresh"
how to start a conversation on dating website,how to start a conversation on dating website​,n/a,n/a,0,0,,n/a,n/a,n/a,0.00,0.00,n/a,n/a,"For metrics, refresh"
how to start a conversation on dating websites,how to start a conversation on dating websites​,n/a,n/a,0,0,,n/a,n/a,n/a,0.00,0.00,n/a,n/a,"For metrics, refresh"
how to start a convo on a dating website,how to start a convo on a dating website​,n/a,n/a,0,0,,n/a,n/a,n/a,0.00,0.00,n/a,n/a,"For metrics, refresh"
how to start a coupon affiliate website,how to start a coupon affiliate website​,n/a,n/a,0,0,,n/a,n/a,n/a,0.00,0.00,n/a,n/a,"For metrics, refresh"
how to start a coupon clipping website,how to start a coupon clipping website​,n/a,n/a,0,0,,n/a,n/a,n/a,0.00,0.00,n/a,n/a,"For metrics, refresh"
how to start a coupon code website,how to start a coupon code website​,n/a,n/a,0,0,,n/a,n/a,n/a,0.00,0.00,n/a,n/a,"For metrics, refresh"
how to start a coupon website business,how to start a coupon website business​,n/a,n/a,0,0,,n/a,n/a,n/a,0.00,0.00,n/a,n/a,"For metrics, refresh"
how to start a coupon website in india,how to start a coupon website in india​,n/a,n/a,0,0,,n/a,n/a,n/a,0.00,0.00,n/a,n/a,"For metrics, refresh"
how to start a craft selling website,how to start a craft selling website​,n/a,n/a,0,0,,n/a,n/a,n/a,0.00,0.00,n/a,n/a,"For metrics, refresh"
how to start a craigslist website,how to start a craigslist website​,n/a,n/a,0,0,,n/a,n/a,n/a,0.00,0.00,n/a,n/a,"For metrics, refresh"
how to start a csgo scam website,how to start a csgo scam website​,n/a,n/a,0,0,,n/a,n/a,n/a,0.00,0.00,n/a,n/a,"For metrics, refresh"
how to start a dating service website,how to start a dating service website​,n/a,n/a,0,0,,n/a,n/a,n/a,0.00,0.00,n/a,n/a,"For metrics, refresh"
how to start a dating website conversation,how to start a dating website conversation​,n/a,n/a,0,0,,n/a,n/a,n/a,0.00,0.00,n/a,n/a,"For metrics, refresh"
how to start a dating website message,how to start a dating website message​,n/a,n/a,0,0,,n/a,n/a,n/a,0.00,0.00,n/a,n/a,"For metrics, refresh"
how to start a dating website online,how to start a dating website online​,n/a,n/a,0,0,,n/a,n/a,n/a,0.00,0.00,n/a,n/a,"For metrics, refresh"
how to start a dating website profile,how to start a dating website profile​,n/a,n/a,0,0,,n/a,n/a,n/a,0.00,0.00,n/a,n/a,"For metrics, refresh"
how to start a dating website uk,how to start a dating website uk​,n/a,n/a,0,0,,n/a,n/a,n/a,0.00,0.00,n/a,n/a,"For metrics, refresh"
how to start a deal of the day website,how to start a deal of the day website​,n/a,n/a,0,0,,n/a,n/a,n/a,0.00,0.00,n/a,n/a,"For metrics, refresh"
how to start a discount website,how to start a discount website​,n/a,n/a,0,0,,n/a,n/a,n/a,0.00,0.00,n/a,n/a,"For metrics, refresh"
how to start a discussion forum website,how to start a discussion forum website​,n/a,n/a,0,0,,n/a,n/a,n/a,0.00,0.00,n/a,n/a,"For metrics, refresh"
how to start a donate website,how to start a donate website​,n/a,n/a,0,0,,n/a,n/a,n/a,0.00,0.00,n/a,n/a,"For metrics, refresh"
how to start a dreamweaver website,how to start a dreamweaver website​,n/a,n/a,0,0,,n/a,n/a,n/a,0.00,0.00,n/a,n/a,"For metrics, refresh"
how to start a dropship website,how to start a dropship website​,n/a,n/a,0,0,,n/a,n/a,n/a,3.78,0.63,n/a,n/a,"For metrics, refresh"
how to start a drupal website,how to start a drupal website​,n/a,n/a,0,0,,n/a,n/a,n/a,0.00,0.00,n/a,n/a,"For metrics, refresh"
how to start a e commorce website,how to start a e commorce website​,n/a,n/a,0,0,,n/a,n/a,n/a,0.00,0.00,n/a,n/a,"For metrics, refresh"
how to start a ecommerce website business,how to start a ecommerce website business​,n/a,n/a,0,0,,n/a,n/a,n/a,0.00,0.00,n/a,n/a,"For metrics, refresh"
how to start a educational website,how to start a educational website​,n/a,n/a,0,0,,n/a,n/a,n/a,0.00,0.00,n/a,n/a,"For metrics, refresh"
how to start a egaming website,how to start a egaming website​,n/a,n/a,0,0,,n/a,n/a,n/a,0.00,0.00,n/a,n/a,"For metrics, refresh"
how to start a electronics buyback website,how to start a electronics buyback website​,n/a,n/a,0,0,,n/a,n/a,n/a,0.00,0.00,n/a,n/a,"For metrics, refresh"
how to start a elo boosting website,how to start a elo boosting website​,n/a,n/a,0,0,,n/a,n/a,n/a,0.00,0.00,n/a,n/a,"For metrics, refresh"
how to start a family reunion website,how to start a family reunion website​,n/a,n/a,0,0,,n/a,n/a,n/a,0.00,0.00,n/a,n/a,"For metrics, refresh"
how to start a family website for free,how to start a family website for free​,n/a,n/a,0,0,,n/a,n/a,n/a,0.00,0.00,n/a,n/a,"For metrics, refresh"
how to start a fanfiction website,how to start a fanfiction website​,n/a,n/a,0,0,,n/a,n/a,n/a,0.00,0.00,n/a,n/a,"For metrics, refresh"
how to start a fantasy league website,how to start a fantasy league website​,n/a,n/a,0,0,,n/a,n/a,n/a,0.00,0.00,n/a,n/a,"For metrics, refresh"
how to start a fantasy sports website in india,how to start a fantasy sports website in india​,n/a,n/a,0,0,,n/a,n/a,n/a,0.00,0.00,n/a,n/a,"For metrics, refresh"
how to start a fashion ecommerce website,how to start a fashion ecommerce website​,n/a,n/a,0,0,,n/a,n/a,n/a,0.00,0.00,n/a,n/a,"For metrics, refresh"
how to start a fashion modeling subscription website,how to start a fashion modeling subscription website​,n/a,n/a,0,0,,n/a,n/a,n/a,0.00,0.00,n/a,n/a,"For metrics, refresh"
how to start a faxing website,how to start a faxing website​,n/a,n/a,0,0,,n/a,n/a,n/a,0.00,0.00,n/a,n/a,"For metrics, refresh"
how to start a fetish website,how to start a fetish website​,n/a,n/a,0,0,,n/a,n/a,n/a,0.00,0.00,n/a,n/a,"For metrics, refresh"
how to start a file sharing website,how to start a file sharing website​,n/a,n/a,0,0,,n/a,n/a,n/a,0.00,0.00,n/a,n/a,"For metrics, refresh"
how to start a fitness coaching website,how to start a fitness coaching website​,n/a,n/a,0,0,,n/a,n/a,n/a,0.00,0.00,n/a,n/a,"For metrics, refresh"
how to start a flask website,how to start a flask website​,n/a,n/a,0,0,,n/a,n/a,n/a,0.00,0.00,n/a,n/a,"For metrics, refresh"
how to start a folder for websites,how to start a folder for websites​,n/a,n/a,0,0,,n/a,n/a,n/a,0.00,0.00,n/a,n/a,"For metrics, refresh"
how to start a food blog website,how to start a food blog website​,n/a,n/a,0,0,,n/a,n/a,n/a,0.00,0.00,n/a,n/a,"For metrics, refresh"
how to start a forex and stock trading signals website,how to start a forex and stock trading signals website​,n/a,n/a,0,0,,n/a,n/a,n/a,0.00,0.00,n/a,n/a,"For metrics, refresh"
how to start a forex website,how to start a forex website​,n/a,n/a,0,0,,n/a,n/a,n/a,0.00,0.00,n/a,n/a,"For metrics, refresh"
how to start a forum based website,how to start a forum based website​,n/a,n/a,0,0,,n/a,n/a,n/a,0.00,0.00,n/a,n/a,"For metrics, refresh"
how to start a forum website and make money,how to start a forum website and make money​,n/a,n/a,0,0,,n/a,n/a,n/a,0.00,0.00,n/a,n/a,"For metrics, refresh"
how to start a free affiliate website,how to start a free affiliate website​,n/a,n/a,0,0,,n/a,n/a,n/a,0.00,0.00,n/a,n/a,"For metrics, refresh"
how to start a free blogging website,how to start a free blogging website​,n/a,n/a,0,0,,n/a,n/a,n/a,0.00,0.00,n/a,n/a,"For metrics, refresh"
how to start a free business website,how to start a free business website​,n/a,n/a,0,0,,n/a,n/a,n/a,10.52,0.63,n/a,n/a,"For metrics, refresh"
how to start a free classified website,how to start a free classified website​,n/a,n/a,0,0,,n/a,n/a,n/a,0.00,0.00,n/a,n/a,"For metrics, refresh"
how to start a free dating website,how to start a free dating website​,n/a,n/a,0,0,,n/a,n/a,n/a,0.00,0.00,n/a,n/a,"For metrics, refresh"
how to start a free donation website,how to start a free donation website​,n/a,n/a,0,0,,n/a,n/a,n/a,0.00,0.00,n/a,n/a,"For metrics, refresh"
how to start a free ebook website,how to start a free ebook website​,n/a,n/a,0,0,,n/a,n/a,n/a,0.00,0.00,n/a,n/a,"For metrics, refresh"
how to start a free online dating website,how to start a free online dating website​,n/a,n/a,0,0,,n/a,n/a,n/a,0.00,0.00,n/a,n/a,"For metrics, refresh"
how to start a free poker website,how to start a free poker website​,n/a,n/a,0,0,,n/a,n/a,n/a,0.00,0.00,n/a,n/a,"For metrics, refresh"
how to start a free streaming website,how to start a free streaming website​,n/a,n/a,0,0,,n/a,n/a,n/a,0.00,0.00,n/a,n/a,"For metrics, refresh"
how to start a free tv shows website,how to start a free tv shows website​,n/a,n/a,0,0,,n/a,n/a,n/a,0.00,0.00,n/a,n/a,"For metrics, refresh"
how to start a free website to sell stuff,how to start a free website to sell stuff​,n/a,n/a,0,0,,n/a,n/a,n/a,0.00,0.00,n/a,n/a,"For metrics, refresh"
how to start a freebie website,how to start a freebie website​,n/a,n/a,0,0,,n/a,n/a,n/a,0.00,0.00,n/a,n/a,"For metrics, refresh"
how to start a freelance website design business,how to start a freelance website design business​,n/a,n/a,0,0,,n/a,n/a,n/a,2.07,0.39,n/a,n/a,"For metrics, refresh"
how to start a freelance website project,how to start a freelance website project​,n/a,n/a,0,0,,n/a,n/a,n/a,0.00,0.00,n/a,n/a,"For metrics, refresh"
how to start a freelance website wordpress,how to start a freelance website wordpress​,n/a,n/a,0,0,,n/a,n/a,n/a,0.00,0.00,n/a,n/a,"For metrics, refresh"
how to start a freelance writing website,how to start a freelance writing website​,n/a,n/a,0,0,,n/a,n/a,n/a,0.00,0.00,n/a,n/a,"For metrics, refresh"
how to start a fresh website installation with wordpress,how to start a fresh website installation with wordpress​,n/a,n/a,0,0,,n/a,n/a,n/a,0.00,0.00,n/a,n/a,"For metrics, refresh"
how to start a fresh weebly website,how to start a fresh weebly website​,n/a,n/a,0,0,,n/a,n/a,n/a,0.00,0.00,n/a,n/a,"For metrics, refresh"
how to start a funding website,how to start a funding website​,n/a,n/a,0,0,,n/a,n/a,n/a,0.00,0.00,n/a,n/a,"For metrics, refresh"
how to start a gambling website uk,how to start a gambling website uk​,n/a,n/a,0,0,,n/a,n/a,n/a,0.00,0.00,n/a,n/a,"For metrics, refresh"
how to start a game on a website,how to start a game on a website​,n/a,n/a,0,0,,n/a,n/a,n/a,0.00,0.00,n/a,n/a,"For metrics, refresh"
how to start a gaming news website,how to start a gaming news website​,n/a,n/a,0,0,,n/a,n/a,n/a,0.00,0.00,n/a,n/a,"For metrics, refresh"
how to start a gaming review website,how to start a gaming review website​,n/a,n/a,0,0,,n/a,n/a,n/a,0.00,0.00,n/a,n/a,"For metrics, refresh"
how to start a gift card website,how to start a gift card website​,n/a,n/a,0,0,,n/a,n/a,n/a,0.00,0.00,n/a,n/a,"For metrics, refresh"
how to start a github website,how to start a github website​,n/a,n/a,0,0,,n/a,n/a,n/a,0.00,0.00,n/a,n/a,"For metrics, refresh"
how to start a godaddy website,how to start a godaddy website​,n/a,n/a,0,0,,n/a,n/a,n/a,0.00,0.00,n/a,n/a,"For metrics, refresh"
how to start a gold selling website,how to start a gold selling website​,n/a,n/a,0,0,,n/a,n/a,n/a,0.00,0.00,n/a,n/a,"For metrics, refresh"
how to start a gold selling website osrs,how to start a gold selling website osrs​,n/a,n/a,0,0,,n/a,n/a,n/a,0.00,0.00,n/a,n/a,"For metrics, refresh"
how to start a google review for website,how to start a google review for website​,n/a,n/a,0,0,,n/a,n/a,n/a,0.00,0.00,n/a,n/a,"For metrics, refresh"
how to start a google website,how to start a google website​,n/a,n/a,0,0,,n/a,n/a,n/a,4.86,0.25,n/a,n/a,"For metrics, refresh"
how to start a graphic design website,how to start a graphic design website​,n/a,n/a,0,0,,n/a,n/a,n/a,0.00,0.00,n/a,n/a,"For metrics, refresh"
how to start a group of websites with chrome,how to start a group of websites with chrome​,n/a,n/a,0,0,,n/a,n/a,n/a,0.00,0.00,n/a,n/a,"For metrics, refresh"
how to start a groupon website,how to start a groupon website​,n/a,n/a,0,0,,n/a,n/a,n/a,0.00,0.00,n/a,n/a,"For metrics, refresh"
how to start a gymshark website,how to start a gymshark website​,n/a,n/a,0,0,,n/a,n/a,n/a,0.00,0.00,n/a,n/a,"For metrics, refresh"
how to start a hakyll website,how to start a hakyll website​,n/a,n/a,0,0,,n/a,n/a,n/a,0.00,0.00,n/a,n/a,"For metrics, refresh"
how to start a handyman business in nc govermnet website,how to start a handyman business in nc govermnet website​,n/a,n/a,0,0,,n/a,n/a,n/a,0.00,0.00,n/a,n/a,"For metrics, refresh"
how to start a handyman business in nc government website,how to start a handyman business in nc government website​,n/a,n/a,0,0,,n/a,n/a,n/a,0.00,0.00,n/a,n/a,"For metrics, refresh"
how to start a health and fitness website,how to start a health and fitness website​,n/a,n/a,0,0,,n/a,n/a,n/a,0.00,0.00,n/a,n/a,"For metrics, refresh"
how to start a health website,how to start a health website​,n/a,n/a,0,0,,n/a,n/a,n/a,0.00,0.00,n/a,n/a,"For metrics, refresh"
how to start a healthy herb website,how to start a healthy herb website​,n/a,n/a,0,0,,n/a,n/a,n/a,0.00,0.00,n/a,n/a,"For metrics, refresh"
how to start a home swap website,how to start a home swap website​,n/a,n/a,0,0,,n/a,n/a,n/a,0.00,0.00,n/a,n/a,"For metrics, refresh"
how to start a internet dating website,how to start a internet dating website​,n/a,n/a,0,0,,n/a,n/a,n/a,0.00,0.00,n/a,n/a,"For metrics, refresh"
how to start a job portal website,how to start a job portal website​,n/a,n/a,0,0,,n/a,n/a,n/a,0.00,0.00,n/a,n/a,"For metrics, refresh"
how to start a joomla website,how to start a joomla website​,n/a,n/a,0,0,,n/a,n/a,n/a,0.00,0.00,n/a,n/a,"For metrics, refresh"
how to start a joomla website from scratch,how to start a joomla website from scratch​,n/a,n/a,0,0,,n/a,n/a,n/a,0.00,0.00,n/a,n/a,"For metrics, refresh"
how to start a lash website,how to start a lash website​,n/a,n/a,0,0,,n/a,n/a,n/a,0.00,0.00,n/a,n/a,"For metrics, refresh"
how to start a learning website,how to start a learning website​,n/a,n/a,0,0,,n/a,n/a,n/a,0.00,0.00,n/a,n/a,"For metrics, refresh"
how to start a legal website,how to start a legal website​,n/a,n/a,0,0,,n/a,n/a,n/a,0.00,0.00,n/a,n/a,"For metrics, refresh"
how to start a lip gloss website,how to start a lip gloss website​,n/a,n/a,0,0,,n/a,n/a,n/a,0.00,0.00,n/a,n/a,"For metrics, refresh"
how to start a loan broker website,how to start a loan broker website​,n/a,n/a,0,0,,n/a,n/a,n/a,0.00,0.00,n/a,n/a,"For metrics, refresh"
how to start a local directory website,how to start a local directory website​,n/a,n/a,0,0,,n/a,n/a,n/a,0.00,0.00,n/a,n/a,"For metrics, refresh"
how to start a local review website,how to start a local review website​,n/a,n/a,0,0,,n/a,n/a,n/a,0.00,0.00,n/a,n/a,"For metrics, refresh"
how to start a lottery website,how to start a lottery website​,n/a,n/a,0,0,,n/a,n/a,n/a,0.00,0.00,n/a,n/a,"For metrics, refresh"
how to start a lyrics website,how to start a lyrics website​,n/a,n/a,0,0,,n/a,n/a,n/a,0.00,0.00,n/a,n/a,"For metrics, refresh"
how to start a makeup artist website,how to start a makeup artist website​,n/a,n/a,0,0,,n/a,n/a,n/a,0.00,0.00,n/a,n/a,"For metrics, refresh"
how to start a makeup website,how to start a makeup website​,n/a,n/a,0,0,,n/a,n/a,n/a,0.00,0.00,n/a,n/a,"For metrics, refresh"
how to start a marketplace business website,how to start a marketplace business website​,n/a,n/a,0,0,,n/a,n/a,n/a,0.00,0.00,n/a,n/a,"For metrics, refresh"
how to start a marketplace website using wordpress,how to start a marketplace website using wordpress​,n/a,n/a,0,0,,n/a,n/a,n/a,0.00,0.00,n/a,n/a,"For metrics, refresh"
how to start a matchmaking website,how to start a matchmaking website​,n/a,n/a,0,0,,n/a,n/a,n/a,0.00,0.00,n/a,n/a,"For metrics, refresh"
how to start a matrimonial website business,how to start a matrimonial website business​,n/a,n/a,0,0,,n/a,n/a,n/a,0.00,0.00,n/a,n/a,"For metrics, refresh"
how to start a matrimonial website business in india,how to start a matrimonial website business in india​,n/a,n/a,0,0,,n/a,n/a,n/a,0.00,0.00,n/a,n/a,"For metrics, refresh"
how to start a matrimonial website in ukraine,how to start a matrimonial website in ukraine​,n/a,n/a,0,0,,n/a,n/a,n/a,0.00,0.00,n/a,n/a,"For metrics, refresh"
how to start a members only website,how to start a members only website​,n/a,n/a,0,0,,n/a,n/a,n/a,0.00,0.00,n/a,n/a,"For metrics, refresh"
how to start a membership website for songwriters,how to start a membership website for songwriters​,n/a,n/a,0,0,,n/a,n/a,n/a,0.00,0.00,n/a,n/a,"For metrics, refresh"
how to start a merch website,how to start a merch website​,n/a,n/a,0,0,,n/a,n/a,n/a,5.18,0.49,n/a,n/a,"For metrics, refresh"
how to start a message on a dating website,how to start a message on a dating website​,n/a,n/a,0,0,,n/a,n/a,n/a,0.00,0.00,n/a,n/a,"For metrics, refresh"
how to start a micronation website,how to start a micronation website​,n/a,n/a,0,0,,n/a,n/a,n/a,0.00,0.00,n/a,n/a,"For metrics, refresh"
how to start a minecraft server through a website,how to start a minecraft server through a website​,n/a,n/a,0,0,,n/a,n/a,n/a,0.00,0.00,n/a,n/a,"For metrics, refresh"
how to start a monthly subscription website,how to start a monthly subscription website​,n/a,n/a,0,0,,n/a,n/a,n/a,0.00,0.00,n/a,n/a,"For metrics, refresh"
how to start a montjly subsciption website,how to start a montjly subsciption website​,n/a,n/a,0,0,,n/a,n/a,n/a,0.00,0.00,n/a,n/a,"For metrics, refresh"
how to start a motivational website,how to start a motivational website​,n/a,n/a,0,0,,n/a,n/a,n/a,0.00,0.00,n/a,n/a,"For metrics, refresh"
how to start a muse website,how to start a muse website​,n/a,n/a,0,0,,n/a,n/a,n/a,0.00,0.00,n/a,n/a,"For metrics, refresh"
how to start a music blog website,how to start a music blog website​,n/a,n/a,0,0,,n/a,n/a,n/a,0.00,0.00,n/a,n/a,"For metrics, refresh"
how to start a music distribution website,how to start a music distribution website​,n/a,n/a,0,0,,n/a,n/a,n/a,0.00,0.00,n/a,n/a,"For metrics, refresh"
how to start a music download website,how to start a music download website​,n/a,n/a,0,0,,n/a,n/a,n/a,0.00,0.00,n/a,n/a,"For metrics, refresh"
how to start a music selling website,how to start a music selling website​,n/a,n/a,0,0,,n/a,n/a,n/a,0.00,0.00,n/a,n/a,"For metrics, refresh"
how to start a music sharing website,how to start a music sharing website​,n/a,n/a,0,0,,n/a,n/a,n/a,0.00,0.00,n/a,n/a,"For metrics, refresh"
how to start a music website for free,how to start a music website for free​,n/a,n/a,0,0,,n/a,n/a,n/a,0.00,0.00,n/a,n/a,"For metrics, refresh"
how to start a musician website,how to start a musician website​,n/a,n/a,0,0,,n/a,n/a,n/a,0.00,0.00,n/a,n/a,"For metrics, refresh"
how to start a mystery egg opening website,how to start a mystery egg opening website​,n/a,n/a,0,0,,n/a,n/a,n/a,0.00,0.00,n/a,n/a,"For metrics, refresh"
how to start a n ecommerce website,how to start a n ecommerce website​,n/a,n/a,0,0,,n/a,n/a,n/a,4.62,0.15,n/a,n/a,"For metrics, refresh"
how to start a neighborhood website,how to start a neighborhood website​,n/a,n/a,0,0,,n/a,n/a,n/a,0.00,0.00,n/a,n/a,"For metrics, refresh"
how to start a new dating website,how to start a new dating website​,n/a,n/a,0,0,,n/a,n/a,n/a,0.00,0.00,n/a,n/a,"For metrics, refresh"
how to start a new ecommerce website,how to start a new ecommerce website​,n/a,n/a,0,0,,n/a,n/a,n/a,0.00,0.00,n/a,n/a,"For metrics, refresh"
how to start a new fantasy website like fanduel,how to start a new fantasy website like fanduel​,n/a,n/a,0,0,,n/a,n/a,n/a,0.00,0.00,n/a,n/a,"For metrics, refresh"
how to start a new free website,how to start a new free website​,n/a,n/a,0,0,,n/a,n/a,n/a,0.00,0.00,n/a,n/a,"For metrics, refresh"
how to start a new joomla website,how to start a new joomla website​,n/a,n/a,0,0,,n/a,n/a,n/a,0.00,0.00,n/a,n/a,"For metrics, refresh"
how to start a new line in website,how to start a new line in website​,n/a,n/a,0,0,,n/a,n/a,n/a,0.00,0.00,n/a,n/a,"For metrics, refresh"
how to start a new webflow website,how to start a new webflow website​,n/a,n/a,0,0,,n/a,n/a,n/a,0.00,0.00,n/a,n/a,"For metrics, refresh"
how to start a new website build without deleting them,how to start a new website build without deleting them​,n/a,n/a,0,0,,n/a,n/a,n/a,0.00,0.00,n/a,n/a,"For metrics, refresh"
how to start a new website business,how to start a new website business​,n/a,n/a,0,0,,n/a,n/a,n/a,0.00,0.00,n/a,n/a,"For metrics, refresh"
how to start a new website in india,how to start a new website in india​,n/a,n/a,0,0,,n/a,n/a,n/a,0.00,0.00,n/a,n/a,"For metrics, refresh"
how to start a new website in joomla,how to start a new website in joomla​,n/a,n/a,0,0,,n/a,n/a,n/a,0.00,0.00,n/a,n/a,"For metrics, refresh"
how to start a new website inmotion hosting,how to start a new website inmotion hosting​,n/a,n/a,0,0,,n/a,n/a,n/a,0.00,0.00,n/a,n/a,"For metrics, refresh"
how to start a new website on bluehost and wordpress,how to start a new website on bluehost and wordpress​,n/a,n/a,0,0,,n/a,n/a,n/a,0.00,0.00,n/a,n/a,"For metrics, refresh"
how to start a new website on godaddy,how to start a new website on godaddy​,n/a,n/a,0,0,,n/a,n/a,n/a,0.00,0.00,n/a,n/a,"For metrics, refresh"
how to start a new website on wix,how to start a new website on wix​,n/a,n/a,0,0,,n/a,n/a,n/a,0.00,0.00,n/a,n/a,"For metrics, refresh"
how to start a new website project,how to start a new website project​,n/a,n/a,0,0,,n/a,n/a,n/a,0.00,0.00,n/a,n/a,"For metrics, refresh"
how to start a new website to wordpress,how to start a new website to wordpress​,n/a,n/a,0,0,,n/a,n/a,n/a,0.00,0.00,n/a,n/a,"For metrics, refresh"
how to start a new website with wordpress,how to start a new website with wordpress​,n/a,n/a,0,0,,n/a,n/a,n/a,0.00,0.00,n/a,n/a,"For metrics, refresh"
how to start a new wordpress website,how to start a new wordpress website​,n/a,n/a,0,0,,n/a,n/a,n/a,0.00,0.00,n/a,n/a,"For metrics, refresh"
how to start a new wordpress website with a mac,how to start a new wordpress website with a mac​,n/a,n/a,0,0,,n/a,n/a,n/a,0.00,0.00,n/a,n/a,"For metrics, refresh"
how to start a news aggregation website,how to start a news aggregation website​,n/a,n/a,0,0,,n/a,n/a,n/a,0.00,0.00,n/a,n/a,"For metrics, refresh"
how to start a news website business,how to start a news website business​,n/a,n/a,0,0,,n/a,n/a,n/a,0.00,0.00,n/a,n/a,"For metrics, refresh"
how to start a news website business in india,how to start a news website business in india​,n/a,n/a,0,0,,n/a,n/a,n/a,0.00,0.00,n/a,n/a,"For metrics, refresh"
how to start a news website company,how to start a news website company​,n/a,n/a,0,0,,n/a,n/a,n/a,0.00,0.00,n/a,n/a,"For metrics, refresh"
how to start a news website in a small town,how to start a news website in a small town​,n/a,n/a,0,0,,n/a,n/a,n/a,0.00,0.00,n/a,n/a,"For metrics, refresh"
how to start a news website in india,how to start a news website in india​,n/a,n/a,0,0,,n/a,n/a,n/a,0.00,0.00,n/a,n/a,"For metrics, refresh"
how to start a news website in nigeria,how to start a news website in nigeria​,n/a,n/a,0,0,,n/a,n/a,n/a,0.00,0.00,n/a,n/a,"For metrics, refresh"
how to start a news website wikihow,how to start a news website wikihow​,n/a,n/a,0,0,,n/a,n/a,n/a,0.00,0.00,n/a,n/a,"For metrics, refresh"
how to start a news websites business,how to start a news websites business​,n/a,n/a,0,0,,n/a,n/a,n/a,0.00,0.00,n/a,n/a,"For metrics, refresh"
how to start a nft website,how to start a nft website​,n/a,n/a,0,0,,n/a,n/a,n/a,0.00,0.00,n/a,n/a,"For metrics, refresh"
how to start a niche directory website business plan,how to start a niche directory website business plan​,n/a,n/a,0,0,,n/a,n/a,n/a,0.00,0.00,n/a,n/a,"For metrics, refresh"
how to start a niche website in 2020 step-by-step tutorial,how to start a niche website in 2020 step-by-step tutorial​,n/a,n/a,0,0,,n/a,n/a,n/a,0.00,0.00,n/a,n/a,"For metrics, refresh"
how to start a non profit nonprofits website,how to start a non profit nonprofits website​,n/a,n/a,0,0,,n/a,n/a,n/a,0.00,0.00,n/a,n/a,"For metrics, refresh"
how to start a non profit website,how to start a non profit website​,n/a,n/a,0,0,,n/a,n/a,n/a,7.44,1.00,n/a,n/a,"For metrics, refresh"
how to start a nutrition website,how to start a nutrition website​,n/a,n/a,0,0,,n/a,n/a,n/a,0.00,0.00,n/a,n/a,"For metrics, refresh"
how to start a onion website,how to start a onion website​,n/a,n/a,0,0,,n/a,n/a,n/a,0.00,0.00,n/a,n/a,"For metrics, refresh"
how to start a online gaming website,how to start a online gaming website​,n/a,n/a,0,0,,n/a,n/a,n/a,0.00,0.00,n/a,n/a,"For metrics, refresh"
how to start a online hotel booking website,how to start a online hotel booking website​,n/a,n/a,0,0,,n/a,n/a,n/a,0.00,0.00,n/a,n/a,"For metrics, refresh"
how to start a online news website,how to start a online news website​,n/a,n/a,0,0,,n/a,n/a,n/a,0.00,0.00,n/a,n/a,"For metrics, refresh"
how to start a online news website in india,how to start a online news website in india​,n/a,n/a,0,0,,n/a,n/a,n/a,0.00,0.00,n/a,n/a,"For metrics, refresh"
how to start a online poker website,how to start a online poker website​,n/a,n/a,0,0,,n/a,n/a,n/a,0.00,0.00,n/a,n/a,"For metrics, refresh"
how to start a online recharge website,how to start a online recharge website​,n/a,n/a,0,0,,n/a,n/a,n/a,0.00,0.00,n/a,n/a,"For metrics, refresh"
how to start a online retail website,how to start a online retail website​,n/a,n/a,0,0,,n/a,n/a,n/a,0.00,0.00,n/a,n/a,"For metrics, refresh"
how to start a online selling website,how to start a online selling website​,n/a,n/a,0,0,,n/a,n/a,n/a,0.00,0.00,n/a,n/a,"For metrics, refresh"
how to start a online store website,how to start a online store website​,n/a,n/a,0,0,,n/a,n/a,n/a,3.67,0.37,n/a,n/a,"For metrics, refresh"
how to start a online travel website,how to start a online travel website​,n/a,n/a,0,0,,n/a,n/a,n/a,0.00,0.00,n/a,n/a,"For metrics, refresh"
how to start a online website business,how to start a online website business​,n/a,n/a,0,0,,n/a,n/a,n/a,0.00,0.00,n/a,n/a,"For metrics, refresh"
how to start a org website for free,how to start a org website for free​,n/a,n/a,0,0,,n/a,n/a,n/a,0.00,0.00,n/a,n/a,"For metrics, refresh"
how to start a pagan store website,how to start a pagan store website​,n/a,n/a,0,0,,n/a,n/a,n/a,0.00,0.00,n/a,n/a,"For metrics, refresh"
how to start a paid blog website,how to start a paid blog website​,n/a,n/a,0,0,,n/a,n/a,n/a,0.00,0.00,n/a,n/a,"For metrics, refresh"
how to start a paid survey website,how to start a paid survey website​,n/a,n/a,0,0,,n/a,n/a,n/a,0.00,0.00,n/a,n/a,"For metrics, refresh"
how to start a party on xbox website,how to start a party on xbox website​,n/a,n/a,0,0,,n/a,n/a,n/a,0.00,0.00,n/a,n/a,"For metrics, refresh"
how to start a pattern website,how to start a pattern website​,n/a,n/a,0,0,,n/a,n/a,n/a,0.00,0.00,n/a,n/a,"For metrics, refresh"
how to start a pay per view website,how to start a pay per view website​,n/a,n/a,0,0,,n/a,n/a,n/a,0.00,0.00,n/a,n/a,"For metrics, refresh"
how to start a personal blog website,how to start a personal blog website​,n/a,n/a,0,0,,n/a,n/a,n/a,0.00,0.00,n/a,n/a,"For metrics, refresh"
how to start a personal finance website,how to start a personal finance website​,n/a,n/a,0,0,,n/a,n/a,n/a,0.00,0.00,n/a,n/a,"For metrics, refresh"
how to start a personal training website,how to start a personal training website​,n/a,n/a,0,0,,n/a,n/a,n/a,0.00,0.00,n/a,n/a,"For metrics, refresh"
how to start a personal website for free,how to start a personal website for free​,n/a,n/a,0,0,,n/a,n/a,n/a,0.00,0.00,n/a,n/a,"For metrics, refresh"
how to start a personal website in india,how to start a personal website in india​,n/a,n/a,0,0,,n/a,n/a,n/a,0.00,0.00,n/a,n/a,"For metrics, refresh"
how to start a photography business website,how to start a photography business website​,n/a,n/a,0,0,,n/a,n/a,n/a,0.00,0.00,n/a,n/a,"For metrics, refresh"
how to start a photography portfolio website,how to start a photography portfolio website​,n/a,n/a,0,0,,n/a,n/a,n/a,0.00,0.00,n/a,n/a,"For metrics, refresh"
how to start a photography website business,how to start a photography website business​,n/a,n/a,0,0,,n/a,n/a,n/a,0.00,0.00,n/a,n/a,"For metrics, refresh"
how to start a photography website on smugmug,how to start a photography website on smugmug​,n/a,n/a,0,0,,n/a,n/a,n/a,0.00,0.00,n/a,n/a,"For metrics, refresh"
how to start a photography website on sumgmug,how to start a photography website on sumgmug​,n/a,n/a,0,0,,n/a,n/a,n/a,0.00,0.00,n/a,n/a,"For metrics, refresh"
how to start a php website,how to start a php website​,n/a,n/a,0,0,,n/a,n/a,n/a,0.00,0.00,n/a,n/a,"For metrics, refresh"
how to start a pixel advertising website,how to start a pixel advertising website​,n/a,n/a,0,0,,n/a,n/a,n/a,0.00,0.00,n/a,n/a,"For metrics, refresh"
how to start a plr website,how to start a plr website​,n/a,n/a,0,0,,n/a,n/a,n/a,0.00,0.00,n/a,n/a,"For metrics, refresh"
how to start a plr website 2017,how to start a plr website 2017​,n/a,n/a,0,0,,n/a,n/a,n/a,0.00,0.00,n/a,n/a,"For metrics, refresh"
how to start a podcast to put on your website,how to start a podcast to put on your website​,n/a,n/a,0,0,,n/a,n/a,n/a,0.00,0.00,n/a,n/a,"For metrics, refresh"
how to start a poker website in india,how to start a poker website in india​,n/a,n/a,0,0,,n/a,n/a,n/a,0.00,0.00,n/a,n/a,"For metrics, refresh"
how to start a political blog website,how to start a political blog website​,n/a,n/a,0,0,,n/a,n/a,n/a,0.00,0.00,n/a,n/a,"For metrics, refresh"
how to start a political news website,how to start a political news website​,n/a,n/a,0,0,,n/a,n/a,n/a,0.00,0.00,n/a,n/a,"For metrics, refresh"
how to start a ponzi scheme website,how to start a ponzi scheme website​,n/a,n/a,0,0,,n/a,n/a,n/a,0.00,0.00,n/a,n/a,"For metrics, refresh"
how to start a pop culture website,how to start a pop culture website​,n/a,n/a,0,0,,n/a,n/a,n/a,0.00,0.00,n/a,n/a,"For metrics, refresh"
how to start a porn membership website,how to start a porn membership website​,n/a,n/a,0,0,,n/a,n/a,n/a,0.00,0.00,n/a,n/a,"For metrics, refresh"
how to start a porn website for free,how to start a porn website for free​,n/a,n/a,0,0,,n/a,n/a,n/a,0.00,0.00,n/a,n/a,"For metrics, refresh"
how to start a porn website free,how to start a porn website free​,n/a,n/a,0,0,,n/a,n/a,n/a,0.00,0.00,n/a,n/a,"For metrics, refresh"
how to start a porn website to make money,how to start a porn website to make money​,n/a,n/a,0,0,,n/a,n/a,n/a,0.00,0.00,n/a,n/a,"For metrics, refresh"
how to start a porn website with 10,how to start a porn website with 10​,n/a,n/a,0,0,,n/a,n/a,n/a,0.00,0.00,n/a,n/a,"For metrics, refresh"
how to start a ppc website,how to start a ppc website​,n/a,n/a,0,0,,n/a,n/a,n/a,0.00,0.00,n/a,n/a,"For metrics, refresh"
how to start a private booking website,how to start a private booking website​,n/a,n/a,0,0,,n/a,n/a,n/a,0.00,0.00,n/a,n/a,"For metrics, refresh"
how to start a product review website,how to start a product review website​,n/a,n/a,0,0,,n/a,n/a,n/a,0.00,0.00,n/a,n/a,"For metrics, refresh"
how to start a professional photography website,how to start a professional photography website​,n/a,n/a,0,0,,n/a,n/a,n/a,0.00,0.00,n/a,n/a,"For metrics, refresh"
how to start a profitable dating website,how to start a profitable dating website​,n/a,n/a,0,0,,n/a,n/a,n/a,0.00,0.00,n/a,n/a,"For metrics, refresh"
how to start a profitable website blog,how to start a profitable website blog​,n/a,n/a,0,0,,n/a,n/a,n/a,0.00,0.00,n/a,n/a,"For metrics, refresh"
how to start a program from website,how to start a program from website​,n/a,n/a,0,0,,n/a,n/a,n/a,0.00,0.00,n/a,n/a,"For metrics, refresh"
how to start a program remotely from website,how to start a program remotely from website​,n/a,n/a,0,0,,n/a,n/a,n/a,0.00,0.00,n/a,n/a,"For metrics, refresh"
how to start a promo code website,how to start a promo code website​,n/a,n/a,0,0,,n/a,n/a,n/a,0.00,0.00,n/a,n/a,"For metrics, refresh"
how to start a promotional website,how to start a promotional website​,n/a,n/a,0,0,,n/a,n/a,n/a,0.00,0.00,n/a,n/a,"For metrics, refresh"
how to start a property advertising website,how to start a property advertising website​,n/a,n/a,0,0,,n/a,n/a,n/a,0.00,0.00,n/a,n/a,"For metrics, refresh"
how to start a property listing website,how to start a property listing website​,n/a,n/a,0,0,,n/a,n/a,n/a,0.00,0.00,n/a,n/a,"For metrics, refresh"
how to start a ptc website,how to start a ptc website​,n/a,n/a,0,0,,n/a,n/a,n/a,0.00,0.00,n/a,n/a,"For metrics, refresh"
how to start a rating website,how to start a rating website​,n/a,n/a,0,0,,n/a,n/a,n/a,0.00,0.00,n/a,n/a,"For metrics, refresh"
how to start a real estate website business,how to start a real estate website business​,n/a,n/a,0,0,,n/a,n/a,n/a,0.00,0.00,n/a,n/a,"For metrics, refresh"
how to start a real website,how to start a real website​,n/a,n/a,0,0,,n/a,n/a,n/a,0.00,0.00,n/a,n/a,"For metrics, refresh"
how to start a recharge website,how to start a recharge website​,n/a,n/a,0,0,,n/a,n/a,n/a,0.00,0.00,n/a,n/a,"For metrics, refresh"
how to start a regular website,how to start a regular website​,n/a,n/a,0,0,,n/a,n/a,n/a,0.00,0.00,n/a,n/a,"For metrics, refresh"
how to start a relationship meeting website,how to start a relationship meeting website​,n/a,n/a,0,0,,n/a,n/a,n/a,0.00,0.00,n/a,n/a,"For metrics, refresh"
how to start a rental website,how to start a rental website​,n/a,n/a,0,0,,n/a,n/a,n/a,0.00,0.00,n/a,n/a,"For metrics, refresh"
how to start a rental website like zillow,how to start a rental website like zillow​,n/a,n/a,0,0,,n/a,n/a,n/a,0.00,0.00,n/a,n/a,"For metrics, refresh"
how to start a resource website,how to start a resource website​,n/a,n/a,0,0,,n/a,n/a,n/a,0.00,0.00,n/a,n/a,"For metrics, refresh"
how to start a responsive website,how to start a responsive website​,n/a,n/a,0,0,,n/a,n/a,n/a,0.00,0.00,n/a,n/a,"For metrics, refresh"
how to start a restaurant review website,how to start a restaurant review website​,n/a,n/a,0,0,,n/a,n/a,n/a,0.00,0.00,n/a,n/a,"For metrics, refresh"
how to start a retail clothing website,how to start a retail clothing website​,n/a,n/a,0,0,,n/a,n/a,n/a,0.00,0.00,n/a,n/a,"For metrics, refresh"
how to start a retail website michigan,how to start a retail website michigan​,n/a,n/a,0,0,,n/a,n/a,n/a,0.00,0.00,n/a,n/a,"For metrics, refresh"
how to start a retro gaming website,how to start a retro gaming website​,n/a,n/a,0,0,,n/a,n/a,n/a,0.00,0.00,n/a,n/a,"For metrics, refresh"
how to start a room rental website,how to start a room rental website​,n/a,n/a,0,0,,n/a,n/a,n/a,0.00,0.00,n/a,n/a,"For metrics, refresh"
how to start a rummy website,how to start a rummy website​,n/a,n/a,0,0,,n/a,n/a,n/a,0.00,0.00,n/a,n/a,"For metrics, refresh"
how to start a runescape gold selling website,how to start a runescape gold selling website​,n/a,n/a,0,0,,n/a,n/a,n/a,0.00,0.00,n/a,n/a,"For metrics, refresh"
how to start a salon intext website,how to start a salon intext website​,n/a,n/a,0,0,,n/a,n/a,n/a,0.00,0.00,n/a,n/a,"For metrics, refresh"
how to start a satire website,how to start a satire website​,n/a,n/a,0,0,,n/a,n/a,n/a,0.00,0.00,n/a,n/a,"For metrics, refresh"
how to start a search engine website,how to start a search engine website​,n/a,n/a,0,0,,n/a,n/a,n/a,0.00,0.00,n/a,n/a,"For metrics, refresh"
how to start a search website,how to start a search website​,n/a,n/a,0,0,,n/a,n/a,n/a,0.00,0.00,n/a,n/a,"For metrics, refresh"
how to start a second website on bluehost and wordpress,how to start a second website on bluehost and wordpress​,n/a,n/a,0,0,,n/a,n/a,n/a,0.00,0.00,n/a,n/a,"For metrics, refresh"
how to start a secure website,how to start a secure website​,n/a,n/a,0,0,,n/a,n/a,n/a,0.00,0.00,n/a,n/a,"For metrics, refresh"
how to start a sentence with a website title,how to start a sentence with a website title​,n/a,n/a,0,0,,n/a,n/a,n/a,0.00,0.00,n/a,n/a,"For metrics, refresh"
how to start a server to open your website,how to start a server to open your website​,n/a,n/a,0,0,,n/a,n/a,n/a,0.00,0.00,n/a,n/a,"For metrics, refresh"
how to start a service based website,how to start a service based website​,n/a,n/a,0,0,,n/a,n/a,n/a,0.00,0.00,n/a,n/a,"For metrics, refresh"
how to start a service business website,how to start a service business website​,n/a,n/a,0,0,,n/a,n/a,n/a,0.00,0.00,n/a,n/a,"For metrics, refresh"
how to start a service website,how to start a service website​,n/a,n/a,0,0,,n/a,n/a,n/a,0.00,0.00,n/a,n/a,"For metrics, refresh"
how to start a sexting website,how to start a sexting website​,n/a,n/a,0,0,,n/a,n/a,n/a,0.00,0.00,n/a,n/a,"For metrics, refresh"
how to start a shoe website,how to start a shoe website​,n/a,n/a,0,0,,n/a,n/a,n/a,0.00,0.00,n/a,n/a,"For metrics, refresh"
how to start a shopping cart website,how to start a shopping cart website​,n/a,n/a,0,0,,n/a,n/a,n/a,0.00,0.00,n/a,n/a,"For metrics, refresh"
how to start a shopping website in india,how to start a shopping website in india​,n/a,n/a,0,0,,n/a,n/a,n/a,0.00,0.00,n/a,n/a,"For metrics, refresh"
how to start a simle website,how to start a simle website​,n/a,n/a,0,0,,n/a,n/a,n/a,0.00,0.00,n/a,n/a,"For metrics, refresh"
how to start a simple node website,how to start a simple node website​,n/a,n/a,0,0,,n/a,n/a,n/a,0.00,0.00,n/a,n/a,"For metrics, refresh"
how to start a simple website for free,how to start a simple website for free​,n/a,n/a,0,0,,n/a,n/a,n/a,0.00,0.00,n/a,n/a,"For metrics, refresh"
how to start a slime shop website,how to start a slime shop website​,n/a,n/a,0,0,,n/a,n/a,n/a,0.00,0.00,n/a,n/a,"For metrics, refresh"
how to start a slime website,how to start a slime website​,n/a,n/a,0,0,,n/a,n/a,n/a,0.00,0.00,n/a,n/a,"For metrics, refresh"
how to start a small business website blue,how to start a small business website blue​,n/a,n/a,0,0,,n/a,n/a,n/a,0.00,0.00,n/a,n/a,"For metrics, refresh"
how to start a small business website develpment company,how to start a small business website develpment company​,n/a,n/a,0,0,,n/a,n/a,n/a,0.00,0.00,n/a,n/a,"For metrics, refresh"
how to start a small business websites,how to start a small business websites​,n/a,n/a,0,0,,n/a,n/a,n/a,0.00,0.00,n/a,n/a,"For metrics, refresh"
how to start a small website design business,how to start a small website design business​,n/a,n/a,0,0,,n/a,n/a,n/a,0.00,0.00,n/a,n/a,"For metrics, refresh"
how to start a sneaker website,how to start a sneaker website​,n/a,n/a,0,0,,n/a,n/a,n/a,0.00,0.00,n/a,n/a,"For metrics, refresh"
how to start a social media website for free,how to start a social media website for free​,n/a,n/a,0,0,,n/a,n/a,n/a,0.00,0.00,n/a,n/a,"For metrics, refresh"
how to start a social networking website,how to start a social networking website​,n/a,n/a,0,0,,n/a,n/a,n/a,2.73,0.29,n/a,n/a,"For metrics, refresh"
how to start a social networking website like facebook,how to start a social networking website like facebook​,n/a,n/a,0,0,,n/a,n/a,n/a,0.00,0.00,n/a,n/a,"For metrics, refresh"
how to start a social website for free,how to start a social website for free​,n/a,n/a,0,0,,n/a,n/a,n/a,0.00,0.00,n/a,n/a,"For metrics, refresh"
how to start a social website like facebook,how to start a social website like facebook​,n/a,n/a,0,0,,n/a,n/a,n/a,0.00,0.00,n/a,n/a,"For metrics, refresh"
how to start a sorority shopping website,how to start a sorority shopping website​,n/a,n/a,0,0,,n/a,n/a,n/a,0.00,0.00,n/a,n/a,"For metrics, refresh"
how to start a spanish website,how to start a spanish website​,n/a,n/a,0,0,,n/a,n/a,n/a,0.00,0.00,n/a,n/a,"For metrics, refresh"
how to start a sport news website,how to start a sport news website​,n/a,n/a,0,0,,n/a,n/a,n/a,0.00,0.00,n/a,n/a,"For metrics, refresh"
how to start a sports gambling website,how to start a sports gambling website​,n/a,n/a,0,0,,n/a,n/a,n/a,0.00,0.00,n/a,n/a,"For metrics, refresh"
how to start a sports handicapping website,how to start a sports handicapping website​,n/a,n/a,0,0,,n/a,n/a,n/a,0.00,0.00,n/a,n/a,"For metrics, refresh"
how to start a sports media website,how to start a sports media website​,n/a,n/a,0,0,,n/a,n/a,n/a,0.00,0.00,n/a,n/a,"For metrics, refresh"
how to start a sports news website,how to start a sports news website​,n/a,n/a,0,0,,n/a,n/a,n/a,0.00,0.00,n/a,n/a,"For metrics, refresh"
how to start a sports streaming website,how to start a sports streaming website​,n/a,n/a,0,0,,n/a,n/a,n/a,0.00,0.00,n/a,n/a,"For metrics, refresh"
how to start a sportsbook website,how to start a sportsbook website​,n/a,n/a,0,0,,n/a,n/a,n/a,0.00,0.00,n/a,n/a,"For metrics, refresh"
how to start a squarespace website from scratch,how to start a squarespace website from scratch​,n/a,n/a,0,0,,n/a,n/a,n/a,0.00,0.00,n/a,n/a,"For metrics, refresh"
how to start a squarespace website without a template,how to start a squarespace website without a template​,n/a,n/a,0,0,,n/a,n/a,n/a,0.00,0.00,n/a,n/a,"For metrics, refresh"
how to start a startup travel website,how to start a startup travel website​,n/a,n/a,0,0,,n/a,n/a,n/a,0.00,0.00,n/a,n/a,"For metrics, refresh"
how to start a static website,how to start a static website​,n/a,n/a,0,0,,n/a,n/a,n/a,0.00,0.00,n/a,n/a,"For metrics, refresh"
how to start a stock photography website shopify,how to start a stock photography website shopify​,n/a,n/a,0,0,,n/a,n/a,n/a,0.00,0.00,n/a,n/a,"For metrics, refresh"
how to start a store on weebly website,how to start a store on weebly website​,n/a,n/a,0,0,,n/a,n/a,n/a,0.00,0.00,n/a,n/a,"For metrics, refresh"
how to start a store website,how to start a store website​,n/a,n/a,0,0,,n/a,n/a,n/a,0.00,0.00,n/a,n/a,"For metrics, refresh"
how to start a subscription box website,how to start a subscription box website​,n/a,n/a,0,0,,n/a,n/a,n/a,0.00,0.00,n/a,n/a,"For metrics, refresh"
how to start a subscription clothing website,how to start a subscription clothing website​,n/a,n/a,0,0,,n/a,n/a,n/a,0.00,0.00,n/a,n/a,"For metrics, refresh"
how to start a subscription for your website,how to start a subscription for your website​,n/a,n/a,0,0,,n/a,n/a,n/a,0.00,0.00,n/a,n/a,"For metrics, refresh"
how to start a subscription kinky website,how to start a subscription kinky website​,n/a,n/a,0,0,,n/a,n/a,n/a,0.00,0.00,n/a,n/a,"For metrics, refresh"
how to start a subscription service website,how to start a subscription service website​,n/a,n/a,0,0,,n/a,n/a,n/a,0.00,0.00,n/a,n/a,"For metrics, refresh"
how to start a successful affiliate marketing website,how to start a successful affiliate marketing website​,n/a,n/a,0,0,,n/a,n/a,n/a,0.00,0.00,n/a,n/a,"For metrics, refresh"
how to start a successful affiliate website,how to start a successful affiliate website​,n/a,n/a,0,0,,n/a,n/a,n/a,0.00,0.00,n/a,n/a,"For metrics, refresh"
how to start a successful clothing website,how to start a successful clothing website​,n/a,n/a,0,0,,n/a,n/a,n/a,0.00,0.00,n/a,n/a,"For metrics, refresh"
how to start a successful dating website,how to start a successful dating website​,n/a,n/a,0,0,,n/a,n/a,n/a,0.00,0.00,n/a,n/a,"For metrics, refresh"
how to start a successful dating websites,how to start a successful dating websites​,n/a,n/a,0,0,,n/a,n/a,n/a,0.00,0.00,n/a,n/a,"For metrics, refresh"
how to start a successful ecommerce website in usa,how to start a successful ecommerce website in usa​,n/a,n/a,0,0,,n/a,n/a,n/a,0.00,0.00,n/a,n/a,"For metrics, refresh"
how to start a successful news website,how to start a successful news website​,n/a,n/a,0,0,,n/a,n/a,n/a,0.00,0.00,n/a,n/a,"For metrics, refresh"
how to start a successful retail website,how to start a successful retail website​,n/a,n/a,0,0,,n/a,n/a,n/a,0.00,0.00,n/a,n/a,"For metrics, refresh"
how to start a successful social media website,how to start a successful social media website​,n/a,n/a,0,0,,n/a,n/a,n/a,0.00,0.00,n/a,n/a,"For metrics, refresh"
how to start a teacher website,how to start a teacher website​,n/a,n/a,0,0,,n/a,n/a,n/a,0.00,0.00,n/a,n/a,"For metrics, refresh"
how to start a tech news website,how to start a tech news website​,n/a,n/a,0,0,,n/a,n/a,n/a,0.00,0.00,n/a,n/a,"For metrics, refresh"
how to start a tech website,how to start a tech website​,n/a,n/a,0,0,,n/a,n/a,n/a,0.00,0.00,n/a,n/a,"For metrics, refresh"
how to start a tequila website store,how to start a tequila website store​,n/a,n/a,0,0,,n/a,n/a,n/a,0.00,0.00,n/a,n/a,"For metrics, refresh"
how to start a text marketing business website,how to start a text marketing business website​,n/a,n/a,0,0,,n/a,n/a,n/a,0.00,0.00,n/a,n/a,"For metrics, refresh"
how to start a thailand website,how to start a thailand website​,n/a,n/a,0,0,,n/a,n/a,n/a,0.00,0.00,n/a,n/a,"For metrics, refresh"
how to start a therapist website,how to start a therapist website​,n/a,n/a,0,0,,n/a,n/a,n/a,0.00,0.00,n/a,n/a,"For metrics, refresh"
how to start a thesis statement for mia website,how to start a thesis statement for mia website​,n/a,n/a,0,0,,n/a,n/a,n/a,0.00,0.00,n/a,n/a,"For metrics, refresh"
how to start a ticket booking website,how to start a ticket booking website​,n/a,n/a,0,0,,n/a,n/a,n/a,0.00,0.00,n/a,n/a,"For metrics, refresh"
how to start a ticket website,how to start a ticket website​,n/a,n/a,0,0,,n/a,n/a,n/a,0.00,0.00,n/a,n/a,"For metrics, refresh"
how to start a ticketing website,how to start a ticketing website​,n/a,n/a,0,0,,n/a,n/a,n/a,0.00,0.00,n/a,n/a,"For metrics, refresh"
how to start a tipping website,how to start a tipping website​,n/a,n/a,0,0,,n/a,n/a,n/a,0.00,0.00,n/a,n/a,"For metrics, refresh"
how to start a tourism website,how to start a tourism website​,n/a,n/a,0,0,,n/a,n/a,n/a,0.00,0.00,n/a,n/a,"For metrics, refresh"
how to start a travel agency website from home,how to start a travel agency website from home​,n/a,n/a,0,0,,n/a,n/a,n/a,0.00,0.00,n/a,n/a,"For metrics, refresh"
how to start a travel and food website,how to start a travel and food website​,n/a,n/a,0,0,,n/a,n/a,n/a,0.00,0.00,n/a,n/a,"For metrics, refresh"
how to start a travel comparison website,how to start a travel comparison website​,n/a,n/a,0,0,,n/a,n/a,n/a,0.00,0.00,n/a,n/a,"For metrics, refresh"
how to start a travel deals website,how to start a travel deals website​,n/a,n/a,0,0,,n/a,n/a,n/a,0.00,0.00,n/a,n/a,"For metrics, refresh"
how to start a travel review website,how to start a travel review website​,n/a,n/a,0,0,,n/a,n/a,n/a,0.00,0.00,n/a,n/a,"For metrics, refresh"
how to start a travel website in india,how to start a travel website in india​,n/a,n/a,0,0,,n/a,n/a,n/a,0.00,0.00,n/a,n/a,"For metrics, refresh"
how to start a tshirt website,how to start a tshirt website​,n/a,n/a,0,0,,n/a,n/a,n/a,0.00,0.00,n/a,n/a,"For metrics, refresh"
how to start a tube website,how to start a tube website​,n/a,n/a,0,0,,n/a,n/a,n/a,0.00,0.00,n/a,n/a,"For metrics, refresh"
how to start a user generated content website,how to start a user generated content website​,n/a,n/a,0,0,,n/a,n/a,n/a,0.00,0.00,n/a,n/a,"For metrics, refresh"
how to start a video blog website,how to start a video blog website​,n/a,n/a,0,0,,n/a,n/a,n/a,0.00,0.00,n/a,n/a,"For metrics, refresh"
how to start a video game rebiew website,how to start a video game rebiew website​,n/a,n/a,0,0,,n/a,n/a,n/a,0.00,0.00,n/a,n/a,"For metrics, refresh"
how to start a video game review website,how to start a video game review website​,n/a,n/a,0,0,,n/a,n/a,n/a,0.00,0.00,n/a,n/a,"For metrics, refresh"
how to start a video game website,how to start a video game website​,n/a,n/a,0,0,,n/a,n/a,n/a,0.00,0.00,n/a,n/a,"For metrics, refresh"
how to start a video on demand website,how to start a video on demand website​,n/a,n/a,0,0,,n/a,n/a,n/a,0.00,0.00,n/a,n/a,"For metrics, refresh"
how to start a video upload website,how to start a video upload website​,n/a,n/a,0,0,,n/a,n/a,n/a,0.00,0.00,n/a,n/a,"For metrics, refresh"
how to start a video website like youtube,how to start a video website like youtube​,n/a,n/a,0,0,,n/a,n/a,n/a,0.00,0.00,n/a,n/a,"For metrics, refresh"
how to start a vitamin and supplements website,how to start a vitamin and supplements website​,n/a,n/a,0,0,,n/a,n/a,n/a,0.00,0.00,n/a,n/a,"For metrics, refresh"
how to start a vod website,how to start a vod website​,n/a,n/a,0,0,,n/a,n/a,n/a,0.00,0.00,n/a,n/a,"For metrics, refresh"
how to start a web hosting website,how to start a web hosting website​,n/a,n/a,0,0,,n/a,n/a,n/a,0.00,0.00,n/a,n/a,"For metrics, refresh"
how to start a webcomic website,how to start a webcomic website​,n/a,n/a,0,0,,n/a,n/a,n/a,0.00,0.50,n/a,n/a,"For metrics, refresh"
how to start a websit,how to start a websit​,n/a,n/a,0,0,,n/a,n/a,n/a,6.46,0.57,n/a,n/a,"For metrics, refresh"
how to start a websit with no money,how to start a websit with no money​,n/a,n/a,0,0,,n/a,n/a,n/a,0.00,0.00,n/a,n/a,"For metrics, refresh"
how to start a website 2019,how to start a website 2019​,n/a,n/a,0,0,,n/a,n/a,n/a,0.00,0.00,n/a,n/a,"For metrics, refresh"
how to start a website 2026 step by step guide,how to start a website 2026 step by step guide​,n/a,n/a,0,0,,n/a,n/a,n/a,0.00,0.00,n/a,n/a,"For metrics, refresh"
how to start a website affiliate marketing,how to start a website affiliate marketing​,n/a,n/a,0,0,,n/a,n/a,n/a,0.00,0.00,n/a,n/a,"For metrics, refresh"
how to start a website after buying domain,how to start a website after buying domain​,n/a,n/a,0,0,,n/a,n/a,n/a,0.00,0.00,n/a,n/a,"For metrics, refresh"
how to start a website and app,how to start a website and app​,n/a,n/a,0,0,,n/a,n/a,n/a,0.00,0.00,n/a,n/a,"For metrics, refresh"
how to start a website and implement wordpress,how to start a website and implement wordpress​,n/a,n/a,0,0,,n/a,n/a,n/a,0.00,0.00,n/a,n/a,"For metrics, refresh"
how to start a website and make it popular,how to start a website and make it popular​,n/a,n/a,0,0,,n/a,n/a,n/a,0.00,0.00,n/a,n/a,"For metrics, refresh"
how to start a website and make money off it,how to start a website and make money off it​,n/a,n/a,0,0,,n/a,n/a,n/a,0.00,0.00,n/a,n/a,"For metrics, refresh"
how to start a website anonymously,how to start a website anonymously​,n/a,n/a,0,0,,n/a,n/a,n/a,0.00,0.00,n/a,n/a,"For metrics, refresh"
how to start a website app idea,how to start a website app idea​,n/a,n/a,0,0,,n/a,n/a,n/a,0.00,0.00,n/a,n/a,"For metrics, refresh"
how to start a website art contest,how to start a website art contest​,n/a,n/a,0,0,,n/a,n/a,n/a,0.00,0.00,n/a,n/a,"For metrics, refresh"
how to start a website as a kid,how to start a website as a kid​,n/a,n/a,0,0,,n/a,n/a,n/a,0.00,0.00,n/a,n/a,"For metrics, refresh"
how to start a website australia,how to start a website australia​,n/a,n/a,0,0,,n/a,n/a,n/a,0.00,0.00,n/a,n/a,"For metrics, refresh"
how to start a website blog for free,how to start a website blog for free​,n/a,n/a,0,0,,n/a,n/a,n/a,1.93,0.62,n/a,n/a,"For metrics, refresh"
how to start a website building company,how to start a website building company​,n/a,n/a,0,0,,n/a,n/a,n/a,0.00,0.00,n/a,n/a,"For metrics, refresh"
how to start a website business australia,how to start a website business australia​,n/a,n/a,0,0,,n/a,n/a,n/a,0.00,0.00,n/a,n/a,"For metrics, refresh"
how to start a website business book,how to start a website business book​,n/a,n/a,0,0,,n/a,n/a,n/a,0.00,0.00,n/a,n/a,"For metrics, refresh"
how to start a website business for dummies,how to start a website business for dummies​,n/a,n/a,0,0,,n/a,n/a,n/a,0.00,0.00,n/a,n/a,"For metrics, refresh"
how to start a website business in canada,how to start a website business in canada​,n/a,n/a,0,0,,n/a,n/a,n/a,0.00,0.00,n/a,n/a,"For metrics, refresh"
how to start a website business like amazon,how to start a website business like amazon​,n/a,n/a,0,0,,n/a,n/a,n/a,0.00,0.00,n/a,n/a,"For metrics, refresh"
how to start a website business like facebook,how to start a website business like facebook​,n/a,n/a,0,0,,n/a,n/a,n/a,0.00,0.00,n/a,n/a,"For metrics, refresh"
how to start a website business like nextdoor,how to start a website business like nextdoor​,n/a,n/a,0,0,,n/a,n/a,n/a,0.00,0.00,n/a,n/a,"For metrics, refresh"
how to start a website business online,how to start a website business online​,n/a,n/a,0,0,,n/a,n/a,n/a,0.00,0.86,n/a,n/a,"For metrics, refresh"
how to start a website business pdf,how to start a website business pdf​,n/a,n/a,0,0,,n/a,n/a,n/a,0.00,0.00,n/a,n/a,"For metrics, refresh"
how to start a website business uk,how to start a website business uk​,n/a,n/a,0,0,,n/a,n/a,n/a,0.00,0.00,n/a,n/a,"For metrics, refresh"
how to start a website business with online subscription,how to start a website business with online subscription​,n/a,n/a,0,0,,n/a,n/a,n/a,0.00,0.00,n/a,n/a,"For metrics, refresh"
how to start a website but you are 8,how to start a website but you are 8​,n/a,n/a,0,0,,n/a,n/a,n/a,0.00,0.00,n/a,n/a,"For metrics, refresh"
how to start a website by mom blog,how to start a website by mom blog​,n/a,n/a,0,0,,n/a,n/a,n/a,0.00,0.00,n/a,n/a,"For metrics, refresh"
how to start a website coding,how to start a website coding​,n/a,n/a,0,0,,n/a,n/a,n/a,0.00,0.00,n/a,n/a,"For metrics, refresh"
how to start a website company in india,how to start a website company in india​,n/a,n/a,0,0,,n/a,n/a,n/a,0.00,0.00,n/a,n/a,"For metrics, refresh"
how to start a website curating news,how to start a website curating news​,n/a,n/a,0,0,,n/a,n/a,n/a,0.00,0.00,n/a,n/a,"For metrics, refresh"
how to start a website design,how to start a website design​,n/a,n/a,0,0,,n/a,n/a,n/a,4.57,0.79,n/a,n/a,"For metrics, refresh"
how to start a website design business 2026,how to start a website design business 2026​,n/a,n/a,0,0,,n/a,n/a,n/a,0.00,0.00,n/a,n/a,"For metrics, refresh"
how to start a website design business from home,how to start a website design business from home​,n/a,n/a,0,0,,n/a,n/a,n/a,0.00,0.50,n/a,n/a,"For metrics, refresh"
how to start a website design business using ai tools,how to start a website design business using ai tools​,n/a,n/a,0,0,,n/a,n/a,n/a,0.00,0.00,n/a,n/a,"For metrics, refresh"
how to start a website design business without coding skills,how to start a website design business without coding skills​,n/a,n/a,0,0,,n/a,n/a,n/a,0.00,0.00,n/a,n/a,"For metrics, refresh"
how to start a website design company reddit,how to start a website design company reddit​,n/a,n/a,0,0,,n/a,n/a,n/a,0.00,0.00,n/a,n/a,"For metrics, refresh"
how to start a website development,how to start a website development​,n/a,n/a,0,0,,n/a,n/a,n/a,0.00,0.00,n/a,n/a,"For metrics, refresh"
how to start a website development business in india,how to start a website development business in india​,n/a,n/a,0,0,,n/a,n/a,n/a,0.00,0.00,n/a,n/a,"For metrics, refresh"
how to start a website development company,how to start a website development company​,n/a,n/a,0,0,,n/a,n/a,n/a,2.00,0.42,n/a,n/a,"For metrics, refresh"
how to start a website development project,how to start a website development project​,n/a,n/a,0,0,,n/a,n/a,n/a,0.00,0.00,n/a,n/a,"For metrics, refresh"
how to start a website dreamweaver,how to start a website dreamweaver​,n/a,n/a,0,0,,n/a,n/a,n/a,0.00,0.00,n/a,n/a,"For metrics, refresh"
how to start a website evaluation paper,how to start a website evaluation paper​,n/a,n/a,0,0,,n/a,n/a,n/a,0.00,0.00,n/a,n/a,"For metrics, refresh"
how to start a website everything outdoors,how to start a website everything outdoors​,n/a,n/a,0,0,,n/a,n/a,n/a,0.00,0.00,n/a,n/a,"For metrics, refresh"
how to start a website fo my tshirt brand,how to start a website fo my tshirt brand​,n/a,n/a,0,0,,n/a,n/a,n/a,0.00,0.00,n/a,n/a,"For metrics, refresh"
how to start a website for a activist.group,how to start a website for a activist.group​,n/a,n/a,0,0,,n/a,n/a,n/a,0.00,0.00,n/a,n/a,"For metrics, refresh"
how to start a website for a liquor store,how to start a website for a liquor store​,n/a,n/a,0,0,,n/a,n/a,n/a,0.00,0.00,n/a,n/a,"For metrics, refresh"
how to start a website for a new business,how to start a website for a new business​,n/a,n/a,0,0,,n/a,n/a,n/a,0.00,0.00,n/a,n/a,"For metrics, refresh"
how to start a website for a quilt guild,how to start a website for a quilt guild​,n/a,n/a,0,0,,n/a,n/a,n/a,0.00,0.00,n/a,n/a,"For metrics, refresh"
how to start a website for an author,how to start a website for an author​,n/a,n/a,0,0,,n/a,n/a,n/a,0.00,0.00,n/a,n/a,"For metrics, refresh"
how to start a website for an esthetician,how to start a website for an esthetician​,n/a,n/a,0,0,,n/a,n/a,n/a,0.00,0.00,n/a,n/a,"For metrics, refresh"
how to start a website for beginners,how to start a website for beginners​,n/a,n/a,0,0,,n/a,n/a,n/a,4.65,0.99,n/a,n/a,"For metrics, refresh"
how to start a website for clothing line,how to start a website for clothing line​,n/a,n/a,0,0,,n/a,n/a,n/a,0.00,0.00,n/a,n/a,"For metrics, refresh"
how to start a website for credit repair,how to start a website for credit repair​,n/a,n/a,0,0,,n/a,n/a,n/a,0.00,0.00,n/a,n/a,"For metrics, refresh"
how to start a website for data science,how to start a website for data science​,n/a,n/a,0,0,,n/a,n/a,n/a,0.00,0.00,n/a,n/a,"For metrics, refresh"
how to start a website for datascience,how to start a website for datascience​,n/a,n/a,0,0,,n/a,n/a,n/a,0.00,0.00,n/a,n/a,"For metrics, refresh"
how to start a website for dating,how to start a website for dating​,n/a,n/a,0,0,,n/a,n/a,n/a,0.00,0.00,n/a,n/a,"For metrics, refresh"
how to start a website for free html,how to start a website for free html​,n/a,n/a,0,0,,n/a,n/a,n/a,0.00,0.00,n/a,n/a,"For metrics, refresh"
how to start a website for hunting club,how to start a website for hunting club​,n/a,n/a,0,0,,n/a,n/a,n/a,0.00,0.00,n/a,n/a,"For metrics, refresh"
how to start a website for kids,how to start a website for kids​,n/a,n/a,0,0,,n/a,n/a,n/a,0.00,0.00,n/a,n/a,"For metrics, refresh"
how to start a website for makeup ads,how to start a website for makeup ads​,n/a,n/a,0,0,,n/a,n/a,n/a,0.00,0.00,n/a,n/a,"For metrics, refresh"
how to start a website for money,how to start a website for money​,n/a,n/a,0,0,,n/a,n/a,n/a,0.00,0.00,n/a,n/a,"For metrics, refresh"
how to start a website for music distribution company,how to start a website for music distribution company​,n/a,n/a,0,0,,n/a,n/a,n/a,0.00,0.00,n/a,n/a,"For metrics, refresh"
how to start a website for nail designs,how to start a website for nail designs​,n/a,n/a,0,0,,n/a,n/a,n/a,0.00,0.00,n/a,n/a,"For metrics, refresh"
how to start a website for praying and counselling,how to start a website for praying and counselling​,n/a,n/a,0,0,,n/a,n/a,n/a,0.00,0.00,n/a,n/a,"For metrics, refresh"
how to start a website for school,how to start a website for school​,n/a,n/a,0,0,,n/a,n/a,n/a,0.00,0.00,n/a,n/a,"For metrics, refresh"
how to start a website for selling products,how to start a website for selling products​,n/a,n/a,0,0,,n/a,n/a,n/a,0.00,0.00,n/a,n/a,"For metrics, refresh"