Select all keywords,Keyword,Intent,Relevance,Related %,Volume,Trend,Pot. Traffic,PKD %,KD %,CPC (USD),Com.,SERP Features,Results,Updated
best seo plugin for wordpress,best seo plugin for wordpress​,C,n/a,0,390,,n/a,n/a,43,0.26,0.41,,14M,1 month
best lms plugin for wordpress,best lms plugin for wordpress​,C,n/a,0,210,,n/a,n/a,71,0.36,0.50,,988K,1 month
best quiz plugin for wordpress,best quiz plugin for wordpress​,C,n/a,0,110,,n/a,n/a,23,10.64,0.05,,100,1 month
best chatbot plugin for wordpress,best chatbot plugin for wordpress​,n/a,n/a,0,70,,n/a,n/a,n/a,0.00,0.43,n/a,n/a,"For metrics, refresh"
best free seo plugin for wordpress,best free seo plugin for wordpress​,n/a,n/a,0,50,,n/a,n/a,n/a,0.29,0.21,n/a,n/a,"For metrics, refresh"
best chat plugin for wordpress,best chat plugin for wordpress​,n/a,n/a,0,40,,n/a,n/a,n/a,0.00,0.38,n/a,n/a,"For metrics, refresh"
best design plugins for wordpress,best design plugins for wordpress​,n/a,n/a,0,40,,n/a,n/a,n/a,0.00,0.36,n/a,n/a,"For metrics, refresh"
best faq plugin for wordpress,best faq plugin for wordpress​,n/a,n/a,0,40,,n/a,n/a,n/a,0.00,0.03,n/a,n/a,"For metrics, refresh"
best free quiz plugin for wordpress,best free quiz plugin for wordpress​,n/a,n/a,0,40,,n/a,n/a,n/a,0.00,0.33,n/a,n/a,"For metrics, refresh"
best wordpress plugin for image optimization,best wordpress plugin for image optimization​,n/a,n/a,0,40,,n/a,n/a,n/a,0.00,0.38,n/a,n/a,"For metrics, refresh"
best carousel plugin for wordpress,best carousel plugin for wordpress​,n/a,n/a,0,30,,n/a,n/a,n/a,0.00,0.43,n/a,n/a,"For metrics, refresh"
best facebook pixel plugin for wordpress,best facebook pixel plugin for wordpress​,n/a,n/a,0,30,,n/a,n/a,n/a,0.00,0.14,n/a,n/a,"For metrics, refresh"
best free landing page plugin for wordpress,best free landing page plugin for wordpress​,n/a,n/a,0,30,,n/a,n/a,n/a,0.00,0.14,n/a,n/a,"For metrics, refresh"
best free schema plugin for wordpress,best free schema plugin for wordpress​,n/a,n/a,0,30,,n/a,n/a,n/a,0.00,0.10,n/a,n/a,"For metrics, refresh"
best google analytics plugin for wordpress,best google analytics plugin for wordpress​,n/a,n/a,0,30,,n/a,n/a,n/a,0.00,0.29,n/a,n/a,"For metrics, refresh"
best google map plugin for wordpress,best google map plugin for wordpress​,n/a,n/a,0,30,,n/a,n/a,n/a,0.00,0.33,n/a,n/a,"For metrics, refresh"
best image compression plugin for wordpress,best image compression plugin for wordpress​,n/a,n/a,0,30,,n/a,n/a,n/a,0.00,0.26,n/a,n/a,"For metrics, refresh"
best image optimization plugin for wordpress,best image optimization plugin for wordpress​,n/a,n/a,0,30,,n/a,n/a,n/a,0.33,0.27,n/a,n/a,"For metrics, refresh"
best image slider plugin for wordpress,best image slider plugin for wordpress​,n/a,n/a,0,30,,n/a,n/a,n/a,0.00,0.00,n/a,n/a,"For metrics, refresh"
best login plugin for wordpress,best login plugin for wordpress​,n/a,n/a,0,30,,n/a,n/a,n/a,0.00,0.33,n/a,n/a,"For metrics, refresh"
best page builder plugin for wordpress,best page builder plugin for wordpress​,n/a,n/a,0,30,,n/a,n/a,n/a,0.00,0.46,n/a,n/a,"For metrics, refresh"
best pdf plugin for wordpress,best pdf plugin for wordpress​,n/a,n/a,0,30,,n/a,n/a,n/a,0.00,0.57,n/a,n/a,"For metrics, refresh"
best plugin for backup wordpress,best plugin for backup wordpress​,n/a,n/a,0,30,,n/a,n/a,n/a,0.13,0.33,n/a,n/a,"For metrics, refresh"
best plugin for optimize wordpress,best plugin for optimize wordpress​,n/a,n/a,0,30,,n/a,n/a,n/a,0.00,0.43,n/a,n/a,"For metrics, refresh"
best plugin for security wordpress,best plugin for security wordpress​,n/a,n/a,0,30,,n/a,n/a,n/a,0.00,0.36,n/a,n/a,"For metrics, refresh"
best plugin for speeding up wordpress site,best plugin for speeding up wordpress site​,n/a,n/a,0,30,,n/a,n/a,n/a,0.39,0.50,n/a,n/a,"For metrics, refresh"
best plugin for user registration wordpress,best plugin for user registration wordpress​,n/a,n/a,0,30,,n/a,n/a,n/a,0.00,0.29,n/a,n/a,"For metrics, refresh"
best plugin for wordpress security,best plugin for wordpress security​,n/a,n/a,0,30,,n/a,n/a,n/a,0.00,0.07,n/a,n/a,"For metrics, refresh"
best premium seo plugin for wordpress,best premium seo plugin for wordpress​,n/a,n/a,0,30,,n/a,n/a,n/a,0.00,0.29,n/a,n/a,"For metrics, refresh"
best property listing plugin for wordpress,best property listing plugin for wordpress​,n/a,n/a,0,30,,n/a,n/a,n/a,0.00,0.14,n/a,n/a,"For metrics, refresh"
best recaptcha plugin for wordpress,best recaptcha plugin for wordpress​,n/a,n/a,0,30,,n/a,n/a,n/a,0.00,0.33,n/a,n/a,"For metrics, refresh"
best referral plugin for wordpress,best referral plugin for wordpress​,n/a,n/a,0,30,,n/a,n/a,n/a,0.00,0.29,n/a,n/a,"For metrics, refresh"
best schema markup plugin for wordpress,best schema markup plugin for wordpress​,n/a,n/a,0,30,,n/a,n/a,n/a,0.00,0.23,n/a,n/a,"For metrics, refresh"
best sms plugin for wordpress,best sms plugin for wordpress​,n/a,n/a,0,30,,n/a,n/a,n/a,0.00,0.33,n/a,n/a,"For metrics, refresh"
best social media feed plugin for wordpress,best social media feed plugin for wordpress​,n/a,n/a,0,30,,n/a,n/a,n/a,0.00,0.50,n/a,n/a,"For metrics, refresh"
best social plugin for wordpress,best social plugin for wordpress​,n/a,n/a,0,30,,n/a,n/a,n/a,0.19,0.07,n/a,n/a,"For metrics, refresh"
best social share plugin for wordpress,best social share plugin for wordpress​,n/a,n/a,0,30,,n/a,n/a,n/a,0.00,0.09,n/a,n/a,"For metrics, refresh"
best table of content plugin for wordpress,best table of content plugin for wordpress​,n/a,n/a,0,30,,n/a,n/a,n/a,0.00,0.14,n/a,n/a,"For metrics, refresh"
best video plugin for wordpress,best video plugin for wordpress​,n/a,n/a,0,30,,n/a,n/a,n/a,0.00,0.33,n/a,n/a,"For metrics, refresh"
best widget plugins for wordpress,best widget plugins for wordpress​,n/a,n/a,0,30,,n/a,n/a,n/a,0.00,0.21,n/a,n/a,"For metrics, refresh"
what is the best contact form plugin for wordpress,what is the best contact form plugin for wordpress​,n/a,n/a,0,30,,n/a,n/a,n/a,0.00,1.00,n/a,n/a,"For metrics, refresh"
which seo plugin is best for wordpress,which seo plugin is best for wordpress​,n/a,n/a,0,30,,n/a,n/a,n/a,0.23,0.33,n/a,n/a,"For metrics, refresh"
best ad inserter plugin for wordpress,best ad inserter plugin for wordpress​,n/a,n/a,0,20,,n/a,n/a,n/a,0.00,0.71,n/a,n/a,"For metrics, refresh"
best ad plugin for wordpress,best ad plugin for wordpress​,n/a,n/a,0,20,,n/a,n/a,n/a,0.00,0.11,n/a,n/a,"For metrics, refresh"
best affiliate plugin for wordpress,best affiliate plugin for wordpress​,n/a,n/a,0,20,,n/a,n/a,n/a,0.00,0.14,n/a,n/a,"For metrics, refresh"
best amp plugin for wordpress,best amp plugin for wordpress​,n/a,n/a,0,20,,n/a,n/a,n/a,0.00,0.14,n/a,n/a,"For metrics, refresh"
best analytics plugin for wordpress,best analytics plugin for wordpress​,n/a,n/a,0,20,,n/a,n/a,n/a,0.00,0.43,n/a,n/a,"For metrics, refresh"
best antivirus plugin for wordpress,best antivirus plugin for wordpress​,n/a,n/a,0,20,,n/a,n/a,n/a,0.00,0.29,n/a,n/a,"For metrics, refresh"
best author box plugin for wordpress,best author box plugin for wordpress​,n/a,n/a,0,20,,n/a,n/a,n/a,0.00,0.00,n/a,n/a,"For metrics, refresh"
best autoblogging plugin for wordpress,best autoblogging plugin for wordpress​,n/a,n/a,0,20,,n/a,n/a,n/a,0.00,0.86,n/a,n/a,"For metrics, refresh"
best backup and restore plugin for wordpress,best backup and restore plugin for wordpress​,n/a,n/a,0,20,,n/a,n/a,n/a,0.00,0.57,n/a,n/a,"For metrics, refresh"
best banner ad plugin for wordpress,best banner ad plugin for wordpress​,n/a,n/a,0,20,,n/a,n/a,n/a,0.00,0.00,n/a,n/a,"For metrics, refresh"
best blog design plugin for wordpress,best blog design plugin for wordpress​,n/a,n/a,0,20,,n/a,n/a,n/a,0.00,0.14,n/a,n/a,"For metrics, refresh"
best button plugin for wordpress,best button plugin for wordpress​,n/a,n/a,0,20,,n/a,n/a,n/a,0.00,0.00,n/a,n/a,"For metrics, refresh"
best captcha plugin for wordpress,best captcha plugin for wordpress​,n/a,n/a,0,20,,n/a,n/a,n/a,0.00,0.33,n/a,n/a,"For metrics, refresh"
best cdn plugin for wordpress,best cdn plugin for wordpress​,n/a,n/a,0,20,,n/a,n/a,n/a,0.00,0.62,n/a,n/a,"For metrics, refresh"
best comment plugin for wordpress,best comment plugin for wordpress​,n/a,n/a,0,20,,n/a,n/a,n/a,0.00,0.57,n/a,n/a,"For metrics, refresh"
best contact form plugin for wordpress,best contact form plugin for wordpress​,n/a,n/a,0,20,,n/a,n/a,n/a,0.22,0.37,n/a,n/a,"For metrics, refresh"
best contact form plugin for wordpress free,best contact form plugin for wordpress free​,n/a,n/a,0,20,,n/a,n/a,n/a,0.00,0.40,n/a,n/a,"For metrics, refresh"
best cookie plugin for wordpress,best cookie plugin for wordpress​,n/a,n/a,0,20,,n/a,n/a,n/a,0.00,0.00,n/a,n/a,"For metrics, refresh"
best course plugin for wordpress,best course plugin for wordpress​,n/a,n/a,0,20,,n/a,n/a,n/a,0.00,0.00,n/a,n/a,"For metrics, refresh"
best crm plugin for wordpress,best crm plugin for wordpress​,n/a,n/a,0,20,,n/a,n/a,n/a,0.31,0.66,n/a,n/a,"For metrics, refresh"
best dropshipping plugin for wordpress,best dropshipping plugin for wordpress​,n/a,n/a,0,20,,n/a,n/a,n/a,0.00,0.33,n/a,n/a,"For metrics, refresh"
best ecommerce plugin for wordpress,best ecommerce plugin for wordpress​,n/a,n/a,0,20,,n/a,n/a,n/a,0.22,0.20,n/a,n/a,"For metrics, refresh"
best email plugin for wordpress,best email plugin for wordpress​,n/a,n/a,0,20,,n/a,n/a,n/a,0.00,0.64,n/a,n/a,"For metrics, refresh"
best email subscribe plugin for wordpress,best email subscribe plugin for wordpress​,n/a,n/a,0,20,,n/a,n/a,n/a,0.00,0.90,n/a,n/a,"For metrics, refresh"
best event management plugin for wordpress,best event management plugin for wordpress​,n/a,n/a,0,20,,n/a,n/a,n/a,0.00,0.76,n/a,n/a,"For metrics, refresh"
best file manager plugin for wordpress,best file manager plugin for wordpress​,n/a,n/a,0,20,,n/a,n/a,n/a,0.00,0.24,n/a,n/a,"For metrics, refresh"
best firewall plugin for wordpress,best firewall plugin for wordpress​,n/a,n/a,0,20,,n/a,n/a,n/a,0.00,0.36,n/a,n/a,"For metrics, refresh"
best font plugin for wordpress,best font plugin for wordpress​,n/a,n/a,0,20,,n/a,n/a,n/a,0.00,0.11,n/a,n/a,"For metrics, refresh"
best form builder plugin for wordpress,best form builder plugin for wordpress​,n/a,n/a,0,20,,n/a,n/a,n/a,0.00,0.29,n/a,n/a,"For metrics, refresh"
best forum plugin for wordpress,best forum plugin for wordpress​,n/a,n/a,0,20,,n/a,n/a,n/a,0.29,0.16,n/a,n/a,"For metrics, refresh"
best free affiliate plugin for wordpress,best free affiliate plugin for wordpress​,n/a,n/a,0,20,,n/a,n/a,n/a,0.00,0.29,n/a,n/a,"For metrics, refresh"
best free analytics plugin for wordpress,best free analytics plugin for wordpress​,n/a,n/a,0,20,,n/a,n/a,n/a,0.00,0.29,n/a,n/a,"For metrics, refresh"
best free anti spam plugin for wordpress,best free anti spam plugin for wordpress​,n/a,n/a,0,20,,n/a,n/a,n/a,0.00,0.29,n/a,n/a,"For metrics, refresh"
best free audio player plugin for wordpress,best free audio player plugin for wordpress​,n/a,n/a,0,20,,n/a,n/a,n/a,0.00,0.33,n/a,n/a,"For metrics, refresh"
best free blog plugin for wordpress,best free blog plugin for wordpress​,n/a,n/a,0,20,,n/a,n/a,n/a,0.00,0.29,n/a,n/a,"For metrics, refresh"
best free cache plugin for wordpress,best free cache plugin for wordpress​,n/a,n/a,0,20,,n/a,n/a,n/a,0.00,0.19,n/a,n/a,"For metrics, refresh"
best free captcha plugin for wordpress,best free captcha plugin for wordpress​,n/a,n/a,0,20,,n/a,n/a,n/a,0.00,0.00,n/a,n/a,"For metrics, refresh"
best free chat plugin for wordpress,best free chat plugin for wordpress​,n/a,n/a,0,20,,n/a,n/a,n/a,0.00,0.57,n/a,n/a,"For metrics, refresh"
best free contact form plugin for wordpress,best free contact form plugin for wordpress​,n/a,n/a,0,20,,n/a,n/a,n/a,0.13,0.45,n/a,n/a,"For metrics, refresh"
best free crm plugin for wordpress,best free crm plugin for wordpress​,n/a,n/a,0,20,,n/a,n/a,n/a,0.00,0.24,n/a,n/a,"For metrics, refresh"
best free ecommerce plugin for wordpress,best free ecommerce plugin for wordpress​,n/a,n/a,0,20,,n/a,n/a,n/a,0.00,0.43,n/a,n/a,"For metrics, refresh"
best free email marketing plugin for wordpress,best free email marketing plugin for wordpress​,n/a,n/a,0,20,,n/a,n/a,n/a,0.00,0.86,n/a,n/a,"For metrics, refresh"
best free faq plugin for wordpress,best free faq plugin for wordpress​,n/a,n/a,0,20,,n/a,n/a,n/a,0.00,0.04,n/a,n/a,"For metrics, refresh"
best free form builder plugin for wordpress,best free form builder plugin for wordpress​,n/a,n/a,0,20,,n/a,n/a,n/a,0.00,0.86,n/a,n/a,"For metrics, refresh"
best free forum plugin for wordpress,best free forum plugin for wordpress​,n/a,n/a,0,20,,n/a,n/a,n/a,0.00,0.33,n/a,n/a,"For metrics, refresh"
best free google analytics plugin for wordpress,best free google analytics plugin for wordpress​,n/a,n/a,0,20,,n/a,n/a,n/a,0.00,0.33,n/a,n/a,"For metrics, refresh"
best free live chat plugin for wordpress,best free live chat plugin for wordpress​,n/a,n/a,0,20,,n/a,n/a,n/a,0.00,0.29,n/a,n/a,"For metrics, refresh"
best free lms plugin for wordpress,best free lms plugin for wordpress​,n/a,n/a,0,20,,n/a,n/a,n/a,0.00,0.09,n/a,n/a,"For metrics, refresh"
best free newsletter plugin for wordpress,best free newsletter plugin for wordpress​,n/a,n/a,0,20,,n/a,n/a,n/a,0.27,0.39,n/a,n/a,"For metrics, refresh"
best free popup plugin for wordpress,best free popup plugin for wordpress​,n/a,n/a,0,20,,n/a,n/a,n/a,0.30,0.54,n/a,n/a,"For metrics, refresh"
best free push notification plugin for wordpress,best free push notification plugin for wordpress​,n/a,n/a,0,20,,n/a,n/a,n/a,0.28,0.12,n/a,n/a,"For metrics, refresh"
best free rss feed plugin for wordpress,best free rss feed plugin for wordpress​,n/a,n/a,0,20,,n/a,n/a,n/a,0.00,0.14,n/a,n/a,"For metrics, refresh"
best free security plugin for wordpress,best free security plugin for wordpress​,n/a,n/a,0,20,,n/a,n/a,n/a,0.29,0.31,n/a,n/a,"For metrics, refresh"
best free slider plugin for wordpress,best free slider plugin for wordpress​,n/a,n/a,0,20,,n/a,n/a,n/a,0.18,0.19,n/a,n/a,"For metrics, refresh"
best free social share plugin for wordpress,best free social share plugin for wordpress​,n/a,n/a,0,20,,n/a,n/a,n/a,0.00,0.33,n/a,n/a,"For metrics, refresh"
best free ssl plugin for wordpress,best free ssl plugin for wordpress​,n/a,n/a,0,20,,n/a,n/a,n/a,0.00,0.00,n/a,n/a,"For metrics, refresh"
best free table plugin for wordpress,best free table plugin for wordpress​,n/a,n/a,0,20,,n/a,n/a,n/a,0.00,0.00,n/a,n/a,"For metrics, refresh"
best free visitor counter plugin for wordpress,best free visitor counter plugin for wordpress​,n/a,n/a,0,20,,n/a,n/a,n/a,0.00,0.14,n/a,n/a,"For metrics, refresh"
best free whatsapp plugin for wordpress,best free whatsapp plugin for wordpress​,n/a,n/a,0,20,,n/a,n/a,n/a,0.00,0.14,n/a,n/a,"For metrics, refresh"
best free wordpress plugin for affiliate marketing,best free wordpress plugin for affiliate marketing​,n/a,n/a,0,20,,n/a,n/a,n/a,0.00,0.33,n/a,n/a,"For metrics, refresh"
best free wordpress plugin for user registration and login,best free wordpress plugin for user registration and login​,n/a,n/a,0,20,,n/a,n/a,n/a,0.00,0.33,n/a,n/a,"For metrics, refresh"
best free wordpress plugins for design,best free wordpress plugins for design​,n/a,n/a,0,20,,n/a,n/a,n/a,0.00,0.36,n/a,n/a,"For metrics, refresh"
best free wordpress plugins for ecommerce,best free wordpress plugins for ecommerce​,n/a,n/a,0,20,,n/a,n/a,n/a,0.00,0.43,n/a,n/a,"For metrics, refresh"
best gallery plugin for wordpress free,best gallery plugin for wordpress free​,n/a,n/a,0,20,,n/a,n/a,n/a,0.00,0.14,n/a,n/a,"For metrics, refresh"
best gdpr plugin for wordpress,best gdpr plugin for wordpress​,n/a,n/a,0,20,,n/a,n/a,n/a,0.00,0.43,n/a,n/a,"For metrics, refresh"
best google review plugin for wordpress,best google review plugin for wordpress​,n/a,n/a,0,20,,n/a,n/a,n/a,0.00,0.16,n/a,n/a,"For metrics, refresh"
best google tag manager plugin for wordpress,best google tag manager plugin for wordpress​,n/a,n/a,0,20,,n/a,n/a,n/a,0.00,0.33,n/a,n/a,"For metrics, refresh"
best header plugin for wordpress,best header plugin for wordpress​,n/a,n/a,0,20,,n/a,n/a,n/a,0.00,0.32,n/a,n/a,"For metrics, refresh"
best hotel booking plugin for wordpress,best hotel booking plugin for wordpress​,n/a,n/a,0,20,,n/a,n/a,n/a,0.05,0.18,n/a,n/a,"For metrics, refresh"
best idx plugin for wordpress,best idx plugin for wordpress​,n/a,n/a,0,20,,n/a,n/a,n/a,0.00,0.33,n/a,n/a,"For metrics, refresh"
best image compression plugins for wordpress,best image compression plugins for wordpress​,n/a,n/a,0,20,,n/a,n/a,n/a,0.00,0.26,n/a,n/a,"For metrics, refresh"
best language translator plugin for wordpress,best language translator plugin for wordpress​,n/a,n/a,0,20,,n/a,n/a,n/a,0.00,0.24,n/a,n/a,"For metrics, refresh"
best lazy load plugin for wordpress,best lazy load plugin for wordpress​,n/a,n/a,0,20,,n/a,n/a,n/a,0.00,0.24,n/a,n/a,"For metrics, refresh"
best live chat plugin for wordpress,best live chat plugin for wordpress​,n/a,n/a,0,20,,n/a,n/a,n/a,0.58,0.55,n/a,n/a,"For metrics, refresh"
best login and registration plugin for wordpress,best login and registration plugin for wordpress​,n/a,n/a,0,20,,n/a,n/a,n/a,0.00,0.09,n/a,n/a,"For metrics, refresh"
best map plugin for wordpress,best map plugin for wordpress​,n/a,n/a,0,20,,n/a,n/a,n/a,0.00,0.23,n/a,n/a,"For metrics, refresh"
best marketplace plugin for wordpress,best marketplace plugin for wordpress​,n/a,n/a,0,20,,n/a,n/a,n/a,0.00,0.43,n/a,n/a,"For metrics, refresh"
best multilingual plugin for wordpress,best multilingual plugin for wordpress​,n/a,n/a,0,20,,n/a,n/a,n/a,0.19,0.30,n/a,n/a,"For metrics, refresh"
best news plugin for wordpress,best news plugin for wordpress​,n/a,n/a,0,20,,n/a,n/a,n/a,0.00,0.00,n/a,n/a,"For metrics, refresh"
best news ticker plugin for wordpress,best news ticker plugin for wordpress​,n/a,n/a,0,20,,n/a,n/a,n/a,0.00,0.00,n/a,n/a,"For metrics, refresh"
best newsletter plugin for wordpress,best newsletter plugin for wordpress​,n/a,n/a,0,20,,n/a,n/a,n/a,0.40,0.39,n/a,n/a,"For metrics, refresh"
best notification plugin for wordpress,best notification plugin for wordpress​,n/a,n/a,0,20,,n/a,n/a,n/a,0.00,0.33,n/a,n/a,"For metrics, refresh"
best online course plugin for wordpress,best online course plugin for wordpress​,n/a,n/a,0,20,,n/a,n/a,n/a,0.00,0.33,n/a,n/a,"For metrics, refresh"
best online exam plugin for wordpress,best online exam plugin for wordpress​,n/a,n/a,0,20,,n/a,n/a,n/a,0.00,0.64,n/a,n/a,"For metrics, refresh"
best optimize plugin for wordpress,best optimize plugin for wordpress​,n/a,n/a,0,20,,n/a,n/a,n/a,0.00,0.52,n/a,n/a,"For metrics, refresh"
best otp plugin for wordpress,best otp plugin for wordpress​,n/a,n/a,0,20,,n/a,n/a,n/a,0.00,0.07,n/a,n/a,"For metrics, refresh"
best page builder plugin for wordpress free,best page builder plugin for wordpress free​,n/a,n/a,0,20,,n/a,n/a,n/a,0.00,0.29,n/a,n/a,"For metrics, refresh"
best paid plugins for wordpress,best paid plugins for wordpress​,n/a,n/a,0,20,,n/a,n/a,n/a,0.00,0.04,n/a,n/a,"For metrics, refresh"
best payment gateway plugin for wordpress,best payment gateway plugin for wordpress​,n/a,n/a,0,20,,n/a,n/a,n/a,0.52,1.00,n/a,n/a,"For metrics, refresh"
best paypal plugin for wordpress,best paypal plugin for wordpress​,n/a,n/a,0,20,,n/a,n/a,n/a,0.00,0.71,n/a,n/a,"For metrics, refresh"
best plugin editor for wordpress,best plugin editor for wordpress​,n/a,n/a,0,20,,n/a,n/a,n/a,0.00,0.00,n/a,n/a,"For metrics, refresh"
best plugin for blog wordpress,best plugin for blog wordpress​,n/a,n/a,0,20,,n/a,n/a,n/a,0.00,0.21,n/a,n/a,"For metrics, refresh"
best plugin for cache wordpress,best plugin for cache wordpress​,n/a,n/a,0,20,,n/a,n/a,n/a,0.00,0.86,n/a,n/a,"For metrics, refresh"
best plugin for contact form in wordpress,best plugin for contact form in wordpress​,n/a,n/a,0,20,,n/a,n/a,n/a,0.22,0.37,n/a,n/a,"For metrics, refresh"
best plugin for ecommerce wordpress,best plugin for ecommerce wordpress​,n/a,n/a,0,20,,n/a,n/a,n/a,0.00,0.36,n/a,n/a,"For metrics, refresh"
best plugin for forms wordpress,best plugin for forms wordpress​,n/a,n/a,0,20,,n/a,n/a,n/a,0.00,0.00,n/a,n/a,"For metrics, refresh"
best plugin for image optimization wordpress,best plugin for image optimization wordpress​,n/a,n/a,0,20,,n/a,n/a,n/a,0.15,0.39,n/a,n/a,"For metrics, refresh"
best plugin for newsletter wordpress,best plugin for newsletter wordpress​,n/a,n/a,0,20,,n/a,n/a,n/a,0.40,0.39,n/a,n/a,"For metrics, refresh"
best plugin for wordpress page builder,best plugin for wordpress page builder​,n/a,n/a,0,20,,n/a,n/a,n/a,0.14,0.12,n/a,n/a,"For metrics, refresh"
best plugin for wordpress speed,best plugin for wordpress speed​,n/a,n/a,0,20,,n/a,n/a,n/a,0.00,0.19,n/a,n/a,"For metrics, refresh"
best plugins for affiliate marketing wordpress,best plugins for affiliate marketing wordpress​,n/a,n/a,0,20,,n/a,n/a,n/a,0.00,0.14,n/a,n/a,"For metrics, refresh"
best plugins for wordpress website,best plugins for wordpress website​,n/a,n/a,0,20,,n/a,n/a,n/a,0.19,0.43,n/a,n/a,"For metrics, refresh"
best post plugin for wordpress,best post plugin for wordpress​,n/a,n/a,0,20,,n/a,n/a,n/a,0.00,0.07,n/a,n/a,"For metrics, refresh"
best post slider plugin for wordpress,best post slider plugin for wordpress​,n/a,n/a,0,20,,n/a,n/a,n/a,0.00,0.29,n/a,n/a,"For metrics, refresh"
best pricing table plugin for wordpress,best pricing table plugin for wordpress​,n/a,n/a,0,20,,n/a,n/a,n/a,0.00,0.33,n/a,n/a,"For metrics, refresh"
best product catalog plugin for wordpress,best product catalog plugin for wordpress​,n/a,n/a,0,20,,n/a,n/a,n/a,0.00,0.86,n/a,n/a,"For metrics, refresh"
best product slider plugin for wordpress,best product slider plugin for wordpress​,n/a,n/a,0,20,,n/a,n/a,n/a,0.00,0.21,n/a,n/a,"For metrics, refresh"
best push notification plugin for wordpress,best push notification plugin for wordpress​,n/a,n/a,0,20,,n/a,n/a,n/a,0.35,0.21,n/a,n/a,"For metrics, refresh"
best quiz maker plugin for wordpress,best quiz maker plugin for wordpress​,n/a,n/a,0,20,,n/a,n/a,n/a,0.00,0.36,n/a,n/a,"For metrics, refresh"
best redirection plugin for wordpress,best redirection plugin for wordpress​,n/a,n/a,0,20,,n/a,n/a,n/a,0.00,0.29,n/a,n/a,"For metrics, refresh"
best review plugin for wordpress,best review plugin for wordpress​,n/a,n/a,0,20,,n/a,n/a,n/a,0.00,0.21,n/a,n/a,"For metrics, refresh"
best rss feed plugin for wordpress,best rss feed plugin for wordpress​,n/a,n/a,0,20,,n/a,n/a,n/a,0.00,0.24,n/a,n/a,"For metrics, refresh"
best rss plugin for wordpress,best rss plugin for wordpress​,n/a,n/a,0,20,,n/a,n/a,n/a,0.00,0.24,n/a,n/a,"For metrics, refresh"
best schema plugin for wordpress,best schema plugin for wordpress​,n/a,n/a,0,20,,n/a,n/a,n/a,0.14,0.18,n/a,n/a,"For metrics, refresh"
best school management plugin for wordpress,best school management plugin for wordpress​,n/a,n/a,0,20,,n/a,n/a,n/a,0.13,0.22,n/a,n/a,"For metrics, refresh"
best security plugin for wordpress free,best security plugin for wordpress free​,n/a,n/a,0,20,,n/a,n/a,n/a,0.16,0.25,n/a,n/a,"For metrics, refresh"
best seo free plugin for wordpress,best seo free plugin for wordpress​,n/a,n/a,0,20,,n/a,n/a,n/a,0.00,0.43,n/a,n/a,"For metrics, refresh"
best seo plugin for wordpress website,best seo plugin for wordpress website​,n/a,n/a,0,20,,n/a,n/a,n/a,0.00,0.52,n/a,n/a,"For metrics, refresh"
best seo plugin for wordpress woocommerce,best seo plugin for wordpress woocommerce​,n/a,n/a,0,20,,n/a,n/a,n/a,0.00,0.43,n/a,n/a,"For metrics, refresh"
best share button plugin for wordpress,best share button plugin for wordpress​,n/a,n/a,0,20,,n/a,n/a,n/a,0.00,0.33,n/a,n/a,"For metrics, refresh"
best shopping cart plugin for wordpress,best shopping cart plugin for wordpress​,n/a,n/a,0,20,,n/a,n/a,n/a,0.00,0.14,n/a,n/a,"For metrics, refresh"
best shortcode plugin for wordpress,best shortcode plugin for wordpress​,n/a,n/a,0,20,,n/a,n/a,n/a,0.00,0.33,n/a,n/a,"For metrics, refresh"
best slider plugin for wordpress,best slider plugin for wordpress​,n/a,n/a,0,20,,n/a,n/a,n/a,0.19,0.27,n/a,n/a,"For metrics, refresh"
best slider plugin for wordpress free,best slider plugin for wordpress free​,n/a,n/a,0,20,,n/a,n/a,n/a,0.10,0.25,n/a,n/a,"For metrics, refresh"
best social login plugin for wordpress,best social login plugin for wordpress​,n/a,n/a,0,20,,n/a,n/a,n/a,0.00,0.00,n/a,n/a,"For metrics, refresh"
best social media plugin for wordpress,best social media plugin for wordpress​,n/a,n/a,0,20,,n/a,n/a,n/a,0.19,0.07,n/a,n/a,"For metrics, refresh"
best ssl plugin for wordpress,best ssl plugin for wordpress​,n/a,n/a,0,20,,n/a,n/a,n/a,0.00,0.43,n/a,n/a,"For metrics, refresh"
best store locator plugin for wordpress,best store locator plugin for wordpress​,n/a,n/a,0,20,,n/a,n/a,n/a,0.00,0.00,n/a,n/a,"For metrics, refresh"
best table plugin for wordpress,best table plugin for wordpress​,n/a,n/a,0,20,,n/a,n/a,n/a,0.26,0.18,n/a,n/a,"For metrics, refresh"
best testimonials plugin for wordpress,best testimonials plugin for wordpress​,n/a,n/a,0,20,,n/a,n/a,n/a,0.00,0.00,n/a,n/a,"For metrics, refresh"
best theme plugin for wordpress,best theme plugin for wordpress​,n/a,n/a,0,20,,n/a,n/a,n/a,0.00,0.76,n/a,n/a,"For metrics, refresh"
best user management plugin for wordpress,best user management plugin for wordpress​,n/a,n/a,0,20,,n/a,n/a,n/a,0.00,0.33,n/a,n/a,"For metrics, refresh"
best video player plugin for wordpress,best video player plugin for wordpress​,n/a,n/a,0,20,,n/a,n/a,n/a,0.00,0.33,n/a,n/a,"For metrics, refresh"
best webp plugin for wordpress,best webp plugin for wordpress​,n/a,n/a,0,20,,n/a,n/a,n/a,0.00,0.33,n/a,n/a,"For metrics, refresh"
best website builder plugin for wordpress,best website builder plugin for wordpress​,n/a,n/a,0,20,,n/a,n/a,n/a,0.27,0.48,n/a,n/a,"For metrics, refresh"
best whatsapp chat plugin for wordpress,best whatsapp chat plugin for wordpress​,n/a,n/a,0,20,,n/a,n/a,n/a,0.35,0.17,n/a,n/a,"For metrics, refresh"
best whatsapp plugin for wordpress,best whatsapp plugin for wordpress​,n/a,n/a,0,20,,n/a,n/a,n/a,0.32,0.32,n/a,n/a,"For metrics, refresh"
best woocommerce plugins for wordpress,best woocommerce plugins for wordpress​,n/a,n/a,0,20,,n/a,n/a,n/a,0.00,0.05,n/a,n/a,"For metrics, refresh"
best wordpress plugin for cache,best wordpress plugin for cache​,n/a,n/a,0,20,,n/a,n/a,n/a,0.00,0.71,n/a,n/a,"For metrics, refresh"
best wordpress plugin for forms,best wordpress plugin for forms​,n/a,n/a,0,20,,n/a,n/a,n/a,0.13,0.33,n/a,n/a,"For metrics, refresh"
best wordpress plugin for image compression,best wordpress plugin for image compression​,n/a,n/a,0,20,,n/a,n/a,n/a,0.00,0.00,n/a,n/a,"For metrics, refresh"
best wordpress plugin for mobile optimization,best wordpress plugin for mobile optimization​,n/a,n/a,0,20,,n/a,n/a,n/a,0.00,0.07,n/a,n/a,"For metrics, refresh"
best wordpress plugin for online courses,best wordpress plugin for online courses​,n/a,n/a,0,20,,n/a,n/a,n/a,0.00,0.33,n/a,n/a,"For metrics, refresh"
best wordpress plugin for quiz,best wordpress plugin for quiz​,n/a,n/a,0,20,,n/a,n/a,n/a,0.00,0.38,n/a,n/a,"For metrics, refresh"
best wordpress plugin for quizzes,best wordpress plugin for quizzes​,n/a,n/a,0,20,,n/a,n/a,n/a,0.00,0.38,n/a,n/a,"For metrics, refresh"
best wordpress plugin for real estate listings,best wordpress plugin for real estate listings​,n/a,n/a,0,20,,n/a,n/a,n/a,0.00,0.86,n/a,n/a,"For metrics, refresh"
best wordpress plugin for speed optimization,best wordpress plugin for speed optimization​,n/a,n/a,0,20,,n/a,n/a,n/a,0.39,0.24,n/a,n/a,"For metrics, refresh"
best wordpress plugin for subscriptions,best wordpress plugin for subscriptions​,n/a,n/a,0,20,,n/a,n/a,n/a,0.00,0.00,n/a,n/a,"For metrics, refresh"
best wordpress plugin for under construction,best wordpress plugin for under construction​,n/a,n/a,0,20,,n/a,n/a,n/a,0.00,0.00,n/a,n/a,"For metrics, refresh"
best wordpress plugin for user registration and login,best wordpress plugin for user registration and login​,n/a,n/a,0,20,,n/a,n/a,n/a,0.00,0.43,n/a,n/a,"For metrics, refresh"
best wordpress plugin for website migration,best wordpress plugin for website migration​,n/a,n/a,0,20,,n/a,n/a,n/a,0.00,0.29,n/a,n/a,"For metrics, refresh"
best wordpress plugin for website speed,best wordpress plugin for website speed​,n/a,n/a,0,20,,n/a,n/a,n/a,0.00,0.00,n/a,n/a,"For metrics, refresh"
best wordpress plugins for blogs,best wordpress plugins for blogs​,n/a,n/a,0,20,,n/a,n/a,n/a,0.34,0.19,n/a,n/a,"For metrics, refresh"
best wordpress plugins for design,best wordpress plugins for design​,n/a,n/a,0,20,,n/a,n/a,n/a,0.00,0.20,n/a,n/a,"For metrics, refresh"
best wordpress plugins for developers,best wordpress plugins for developers​,n/a,n/a,0,20,,n/a,n/a,n/a,0.00,0.00,n/a,n/a,"For metrics, refresh"
best wordpress plugins for education,best wordpress plugins for education​,n/a,n/a,0,20,,n/a,n/a,n/a,0.00,0.43,n/a,n/a,"For metrics, refresh"
best wordpress plugins for photographers,best wordpress plugins for photographers​,n/a,n/a,0,20,,n/a,n/a,n/a,0.00,0.00,n/a,n/a,"For metrics, refresh"
best wordpress plugins for travel agency,best wordpress plugins for travel agency​,n/a,n/a,0,20,,n/a,n/a,n/a,0.00,0.23,n/a,n/a,"For metrics, refresh"
best wordpress plugins for websites,best wordpress plugins for websites​,n/a,n/a,0,20,,n/a,n/a,n/a,0.19,0.43,n/a,n/a,"For metrics, refresh"
best xml sitemap plugin for wordpress,best xml sitemap plugin for wordpress​,n/a,n/a,0,20,,n/a,n/a,n/a,0.00,0.10,n/a,n/a,"For metrics, refresh"
what are the best plugins for wordpress,what are the best plugins for wordpress​,n/a,n/a,0,20,,n/a,n/a,n/a,0.00,0.00,n/a,n/a,"For metrics, refresh"
what is the best security plugin for wordpress,what is the best security plugin for wordpress​,n/a,n/a,0,20,,n/a,n/a,n/a,0.00,0.50,n/a,n/a,"For metrics, refresh"
best adsense plugin for wordpress,best adsense plugin for wordpress​,n/a,n/a,0,10,,n/a,n/a,n/a,0.00,0.38,n/a,n/a,"For metrics, refresh"
best affiliate program plugin for wordpress,best affiliate program plugin for wordpress​,n/a,n/a,0,10,,n/a,n/a,n/a,0.00,0.00,n/a,n/a,"For metrics, refresh"
best appointment scheduling plugin for wordpress,best appointment scheduling plugin for wordpress​,n/a,n/a,0,10,,n/a,n/a,n/a,0.00,0.00,n/a,n/a,"For metrics, refresh"
best audio player plugin for wordpress,best audio player plugin for wordpress​,n/a,n/a,0,10,,n/a,n/a,n/a,0.00,0.00,n/a,n/a,"For metrics, refresh"
best author plugin for wordpress,best author plugin for wordpress​,n/a,n/a,0,10,,n/a,n/a,n/a,0.00,0.00,n/a,n/a,"For metrics, refresh"
best backup plugin for wordpress free,best backup plugin for wordpress free​,n/a,n/a,0,10,,n/a,n/a,n/a,0.00,0.00,n/a,n/a,"For metrics, refresh"
best block plugins for wordpress,best block plugins for wordpress​,n/a,n/a,0,10,,n/a,n/a,n/a,0.00,0.00,n/a,n/a,"For metrics, refresh"
best css plugin for wordpress,best css plugin for wordpress​,n/a,n/a,0,10,,n/a,n/a,n/a,0.00,0.00,n/a,n/a,"For metrics, refresh"
best directory listing plugin for wordpress,best directory listing plugin for wordpress​,n/a,n/a,0,10,,n/a,n/a,n/a,0.00,0.50,n/a,n/a,"For metrics, refresh"
best dropship plugin for wordpress,best dropship plugin for wordpress​,n/a,n/a,0,10,,n/a,n/a,n/a,0.00,0.33,n/a,n/a,"For metrics, refresh"
best facebook feed plugin for wordpress,best facebook feed plugin for wordpress​,n/a,n/a,0,10,,n/a,n/a,n/a,0.00,0.00,n/a,n/a,"For metrics, refresh"
best form plugin for wordpress free,best form plugin for wordpress free​,n/a,n/a,0,10,,n/a,n/a,n/a,0.00,0.00,n/a,n/a,"For metrics, refresh"
best free cdn plugin for wordpress,best free cdn plugin for wordpress​,n/a,n/a,0,10,,n/a,n/a,n/a,0.00,0.00,n/a,n/a,"For metrics, refresh"
best free email plugin for wordpress,best free email plugin for wordpress​,n/a,n/a,0,10,,n/a,n/a,n/a,0.00,0.00,n/a,n/a,"For metrics, refresh"
best free events calendar plugin for wordpress,best free events calendar plugin for wordpress​,n/a,n/a,0,10,,n/a,n/a,n/a,0.00,0.57,n/a,n/a,"For metrics, refresh"
best free facebook feed plugin for wordpress,best free facebook feed plugin for wordpress​,n/a,n/a,0,10,,n/a,n/a,n/a,0.00,0.00,n/a,n/a,"For metrics, refresh"
best free slideshow plugin for wordpress,best free slideshow plugin for wordpress​,n/a,n/a,0,10,,n/a,n/a,n/a,0.00,0.00,n/a,n/a,"For metrics, refresh"
best free social media plugin for wordpress,best free social media plugin for wordpress​,n/a,n/a,0,10,,n/a,n/a,n/a,0.00,0.00,n/a,n/a,"For metrics, refresh"
best free social media sharing plugin for wordpress,best free social media sharing plugin for wordpress​,n/a,n/a,0,10,,n/a,n/a,n/a,0.00,0.33,n/a,n/a,"For metrics, refresh"
best free wordpress plugin for team members,best free wordpress plugin for team members​,n/a,n/a,0,10,,n/a,n/a,n/a,0.00,0.00,n/a,n/a,"For metrics, refresh"
best free wordpress plugins for blogs,best free wordpress plugins for blogs​,n/a,n/a,0,10,,n/a,n/a,n/a,0.00,0.00,n/a,n/a,"For metrics, refresh"
best google adsense plugin for wordpress,best google adsense plugin for wordpress​,n/a,n/a,0,10,,n/a,n/a,n/a,0.00,0.00,n/a,n/a,"For metrics, refresh"
best google maps plugins for wordpress,best google maps plugins for wordpress​,n/a,n/a,0,10,,n/a,n/a,n/a,0.00,0.86,n/a,n/a,"For metrics, refresh"
best html sitemap plugin for wordpress,best html sitemap plugin for wordpress​,n/a,n/a,0,10,,n/a,n/a,n/a,0.00,0.00,n/a,n/a,"For metrics, refresh"
best iframe plugin for wordpress,best iframe plugin for wordpress​,n/a,n/a,0,10,,n/a,n/a,n/a,0.00,0.00,n/a,n/a,"For metrics, refresh"
best instagram plugin for wordpress,best instagram plugin for wordpress​,n/a,n/a,0,10,,n/a,n/a,n/a,0.00,0.14,n/a,n/a,"For metrics, refresh"
best login register plugin for wordpress,best login register plugin for wordpress​,n/a,n/a,0,10,,n/a,n/a,n/a,0.00,0.09,n/a,n/a,"For metrics, refresh"
best marketing plugins for wordpress,best marketing plugins for wordpress​,n/a,n/a,0,10,,n/a,n/a,n/a,0.00,0.19,n/a,n/a,"For metrics, refresh"
best mlm plugin for wordpress,best mlm plugin for wordpress​,n/a,n/a,0,10,,n/a,n/a,n/a,0.00,0.33,n/a,n/a,"For metrics, refresh"
best multivendor plugin for wordpress,best multivendor plugin for wordpress​,n/a,n/a,0,10,,n/a,n/a,n/a,0.00,0.00,n/a,n/a,"For metrics, refresh"
best newsletter signup plugin for wordpress,best newsletter signup plugin for wordpress​,n/a,n/a,0,10,,n/a,n/a,n/a,0.00,0.00,n/a,n/a,"For metrics, refresh"
best plugin for google analytics wordpress,best plugin for google analytics wordpress​,n/a,n/a,0,10,,n/a,n/a,n/a,0.00,0.00,n/a,n/a,"For metrics, refresh"
best plugin for live chat in wordpress,best plugin for live chat in wordpress​,n/a,n/a,0,10,,n/a,n/a,n/a,0.00,1.00,n/a,n/a,"For metrics, refresh"
best plugin for page speed wordpress,best plugin for page speed wordpress​,n/a,n/a,0,10,,n/a,n/a,n/a,0.17,0.79,n/a,n/a,"For metrics, refresh"
best plugin for seo in wordpress,best plugin for seo in wordpress​,n/a,n/a,0,10,,n/a,n/a,n/a,0.00,0.21,n/a,n/a,"For metrics, refresh"
best plugin for slider in wordpress,best plugin for slider in wordpress​,n/a,n/a,0,10,,n/a,n/a,n/a,0.00,0.29,n/a,n/a,"For metrics, refresh"
best plugin for tables in wordpress,best plugin for tables in wordpress​,n/a,n/a,0,10,,n/a,n/a,n/a,0.00,0.71,n/a,n/a,"For metrics, refresh"
best plugins for speeding up wordpress,best plugins for speeding up wordpress​,n/a,n/a,0,10,,n/a,n/a,n/a,0.00,0.00,n/a,n/a,"For metrics, refresh"
best plugins for wordpress news site,best plugins for wordpress news site​,n/a,n/a,0,10,,n/a,n/a,n/a,0.00,0.00,n/a,n/a,"For metrics, refresh"
best plugins for wordpress site,best plugins for wordpress site​,n/a,n/a,0,10,,n/a,n/a,n/a,0.00,0.00,n/a,n/a,"For metrics, refresh"
best podcast plugin for wordpress,best podcast plugin for wordpress​,n/a,n/a,0,10,,n/a,n/a,n/a,0.00,0.33,n/a,n/a,"For metrics, refresh"
best preloader plugin for wordpress,best preloader plugin for wordpress​,n/a,n/a,0,10,,n/a,n/a,n/a,0.00,0.00,n/a,n/a,"For metrics, refresh"
best question and answer plugin for wordpress,best question and answer plugin for wordpress​,n/a,n/a,0,10,,n/a,n/a,n/a,0.00,0.00,n/a,n/a,"For metrics, refresh"
best rich snippets plugin for wordpress,best rich snippets plugin for wordpress​,n/a,n/a,0,10,,n/a,n/a,n/a,0.00,0.00,n/a,n/a,"For metrics, refresh"
best seo plugins for wordpress 2014,best seo plugins for wordpress 2014​,n/a,n/a,0,10,,n/a,n/a,n/a,0.00,0.00,n/a,n/a,"For metrics, refresh"
best shopify plugin for wordpress,best shopify plugin for wordpress​,n/a,n/a,0,10,,n/a,n/a,n/a,0.00,0.00,n/a,n/a,"For metrics, refresh"
best site backup plugin for wordpress,best site backup plugin for wordpress​,n/a,n/a,0,10,,n/a,n/a,n/a,0.00,0.43,n/a,n/a,"For metrics, refresh"
best social feed plugin for wordpress,best social feed plugin for wordpress​,n/a,n/a,0,10,,n/a,n/a,n/a,0.00,0.00,n/a,n/a,"For metrics, refresh"
best speed plugin for wordpress,best speed plugin for wordpress​,n/a,n/a,0,10,,n/a,n/a,n/a,0.00,0.00,n/a,n/a,"For metrics, refresh"
best speed up plugin for wordpress,best speed up plugin for wordpress​,n/a,n/a,0,10,,n/a,n/a,n/a,0.00,0.00,n/a,n/a,"For metrics, refresh"
best structured data plugin for wordpress,best structured data plugin for wordpress​,n/a,n/a,0,10,,n/a,n/a,n/a,0.00,0.00,n/a,n/a,"For metrics, refresh"
best tab plugin for wordpress,best tab plugin for wordpress​,n/a,n/a,0,10,,n/a,n/a,n/a,0.00,0.00,n/a,n/a,"For metrics, refresh"
best text editor for wordpress plugin,best text editor for wordpress plugin​,n/a,n/a,0,10,,n/a,n/a,n/a,0.00,0.33,n/a,n/a,"For metrics, refresh"
best under maintenance plugin for wordpress,best under maintenance plugin for wordpress​,n/a,n/a,0,10,,n/a,n/a,n/a,0.00,0.33,n/a,n/a,"For metrics, refresh"
best visitor counter plugin for wordpress,best visitor counter plugin for wordpress​,n/a,n/a,0,10,,n/a,n/a,n/a,0.00,0.33,n/a,n/a,"For metrics, refresh"
best weather plugin for wordpress,best weather plugin for wordpress​,n/a,n/a,0,10,,n/a,n/a,n/a,0.00,0.00,n/a,n/a,"For metrics, refresh"
best website optimization plugin for wordpress,best website optimization plugin for wordpress​,n/a,n/a,0,10,,n/a,n/a,n/a,0.30,0.43,n/a,n/a,"For metrics, refresh"
best wordpress plugin for appointment scheduling,best wordpress plugin for appointment scheduling​,n/a,n/a,0,10,,n/a,n/a,n/a,0.00,0.00,n/a,n/a,"For metrics, refresh"
best wordpress plugin for booking appointments,best wordpress plugin for booking appointments​,n/a,n/a,0,10,,n/a,n/a,n/a,0.00,1.00,n/a,n/a,"For metrics, refresh"
best wordpress plugin for facebook feed,best wordpress plugin for facebook feed​,n/a,n/a,0,10,,n/a,n/a,n/a,0.00,0.00,n/a,n/a,"For metrics, refresh"
best wordpress plugin for google adsense,best wordpress plugin for google adsense​,n/a,n/a,0,10,,n/a,n/a,n/a,0.00,0.00,n/a,n/a,"For metrics, refresh"
best wordpress plugin for hotel booking,best wordpress plugin for hotel booking​,n/a,n/a,0,10,,n/a,n/a,n/a,0.00,0.00,n/a,n/a,"For metrics, refresh"
best wordpress plugin for landing page,best wordpress plugin for landing page​,n/a,n/a,0,10,,n/a,n/a,n/a,0.00,0.00,n/a,n/a,"For metrics, refresh"
best wordpress plugin for live chat,best wordpress plugin for live chat​,n/a,n/a,0,10,,n/a,n/a,n/a,0.00,0.43,n/a,n/a,"For metrics, refresh"
best wordpress plugin for page speed,best wordpress plugin for page speed​,n/a,n/a,0,10,,n/a,n/a,n/a,0.00,0.33,n/a,n/a,"For metrics, refresh"
best wordpress plugin for selling digital products,best wordpress plugin for selling digital products​,n/a,n/a,0,10,,n/a,n/a,n/a,0.00,0.57,n/a,n/a,"For metrics, refresh"
best wordpress plugin for seo optimization,best wordpress plugin for seo optimization​,n/a,n/a,0,10,,n/a,n/a,n/a,0.00,0.00,n/a,n/a,"For metrics, refresh"
best wordpress plugins for business,best wordpress plugins for business​,n/a,n/a,0,10,,n/a,n/a,n/a,0.00,0.00,n/a,n/a,"For metrics, refresh"
best wordpress plugins for news sites,best wordpress plugins for news sites​,n/a,n/a,0,10,,n/a,n/a,n/a,0.00,0.38,n/a,n/a,"For metrics, refresh"
best wordpress plugins for news websites,best wordpress plugins for news websites​,n/a,n/a,0,10,,n/a,n/a,n/a,0.00,0.00,n/a,n/a,"For metrics, refresh"
best wordpress plugins for woocommerce,best wordpress plugins for woocommerce​,n/a,n/a,0,10,,n/a,n/a,n/a,0.00,0.05,n/a,n/a,"For metrics, refresh"
best youtube plugin for wordpress,best youtube plugin for wordpress​,n/a,n/a,0,10,,n/a,n/a,n/a,0.00,0.00,n/a,n/a,"For metrics, refresh"
the best seo plugin for wordpress,the best seo plugin for wordpress​,n/a,n/a,0,10,,n/a,n/a,n/a,0.00,0.00,n/a,n/a,"For metrics, refresh"
10 best seo plugins for wordpress,10 best seo plugins for wordpress​,n/a,n/a,0,0,,n/a,n/a,n/a,0.00,0.00,n/a,n/a,"For metrics, refresh"
1080for good clearity of img best plugin for wordpress,1080for good clearity of img best plugin for wordpress​,n/a,n/a,0,0,,n/a,n/a,n/a,0.00,0.00,n/a,n/a,"For metrics, refresh"
12 best woocommerce plugins for wordpress 2019,12 best woocommerce plugins for wordpress 2019​,n/a,n/a,0,0,,n/a,n/a,n/a,0.00,0.00,n/a,n/a,"For metrics, refresh"
2019 best cache plugin for wordpress,2019 best cache plugin for wordpress​,n/a,n/a,0,0,,n/a,n/a,n/a,0.00,0.00,n/a,n/a,"For metrics, refresh"
25 of the best wordpress plugins for marketers,25 of the best wordpress plugins for marketers​,n/a,n/a,0,0,,n/a,n/a,n/a,0.00,0.00,n/a,n/a,"For metrics, refresh"
3 best free google maps plugins for wordpress,3 best free google maps plugins for wordpress​,n/a,n/a,0,0,,n/a,n/a,n/a,0.00,0.00,n/a,n/a,"For metrics, refresh"
3 best menu plugin for wordpress,3 best menu plugin for wordpress​,n/a,n/a,0,0,,n/a,n/a,n/a,0.00,0.00,n/a,n/a,"For metrics, refresh"
5 best google analytics plugins for wordpress,5 best google analytics plugins for wordpress​,n/a,n/a,0,0,,n/a,n/a,n/a,0.00,0.00,n/a,n/a,"For metrics, refresh"
5 best plugins for wordpress masterblogging,5 best plugins for wordpress masterblogging​,n/a,n/a,0,0,,n/a,n/a,n/a,0.00,0.00,n/a,n/a,"For metrics, refresh"
5 best security plugins for wordpress,5 best security plugins for wordpress​,n/a,n/a,0,0,,n/a,n/a,n/a,0.00,0.00,n/a,n/a,"For metrics, refresh"
5 best wordpress translation plugin for multilingual,5 best wordpress translation plugin for multilingual​,n/a,n/a,0,0,,n/a,n/a,n/a,0.00,0.00,n/a,n/a,"For metrics, refresh"
5 of the best wordpress plugins for image galleries,5 of the best wordpress plugins for image galleries​,n/a,n/a,0,0,,n/a,n/a,n/a,0.00,0.00,n/a,n/a,"For metrics, refresh"
6 best form plugins for your wordpress blog,6 best form plugins for your wordpress blog​,n/a,n/a,0,0,,n/a,n/a,n/a,0.00,0.00,n/a,n/a,"For metrics, refresh"
add navigation in best quiz plugin for wordpress wp quiz,add navigation in best quiz plugin for wordpress wp quiz​,n/a,n/a,0,0,,n/a,n/a,n/a,0.00,0.00,n/a,n/a,"For metrics, refresh"
best 10 tips for wordpress plugin development,best 10 tips for wordpress plugin development​,n/a,n/a,0,0,,n/a,n/a,n/a,0.00,0.00,n/a,n/a,"For metrics, refresh"
best 404 redirect plugin for wordpress,best 404 redirect plugin for wordpress​,n/a,n/a,0,0,,n/a,n/a,n/a,0.00,0.00,n/a,n/a,"For metrics, refresh"
best 5 plugins for wordpress,best 5 plugins for wordpress​,n/a,n/a,0,0,,n/a,n/a,n/a,0.00,0.00,n/a,n/a,"For metrics, refresh"
best 5 seo plugin for wordpress,best 5 seo plugin for wordpress​,n/a,n/a,0,0,,n/a,n/a,n/a,0.00,0.00,n/a,n/a,"For metrics, refresh"
best 5 wordpress plugins for developing an ecommerce marketplace,best 5 wordpress plugins for developing an ecommerce marketplace​,n/a,n/a,0,0,,n/a,n/a,n/a,0.00,0.00,n/a,n/a,"For metrics, refresh"
best accordion menu plugin for wordpress,best accordion menu plugin for wordpress​,n/a,n/a,0,0,,n/a,n/a,n/a,0.00,0.00,n/a,n/a,"For metrics, refresh"
best accordion plugin for wordpress,best accordion plugin for wordpress​,n/a,n/a,0,0,,n/a,n/a,n/a,0.00,0.00,n/a,n/a,"For metrics, refresh"
best accounting plugin for selling goods in wordpress,best accounting plugin for selling goods in wordpress​,n/a,n/a,0,0,,n/a,n/a,n/a,0.00,0.00,n/a,n/a,"For metrics, refresh"
best ad placer plugin for wordpress,best ad placer plugin for wordpress​,n/a,n/a,0,0,,n/a,n/a,n/a,0.00,0.00,n/a,n/a,"For metrics, refresh"
best ad plugin for wordpress 2018,best ad plugin for wordpress 2018​,n/a,n/a,0,0,,n/a,n/a,n/a,0.00,0.00,n/a,n/a,"For metrics, refresh"
best add plugin for wordpress,best add plugin for wordpress​,n/a,n/a,0,0,,n/a,n/a,n/a,0.00,0.00,n/a,n/a,"For metrics, refresh"
best ads inserting plugin for wordpress,best ads inserting plugin for wordpress​,n/a,n/a,0,0,,n/a,n/a,n/a,0.00,0.00,n/a,n/a,"For metrics, refresh"
best ads plugin for wordpress pagely,best ads plugin for wordpress pagely​,n/a,n/a,0,0,,n/a,n/a,n/a,0.00,0.00,n/a,n/a,"For metrics, refresh"
best ads.txt plugin for wordpress,best ads.txt plugin for wordpress​,n/a,n/a,0,0,,n/a,n/a,n/a,0.00,0.00,n/a,n/a,"For metrics, refresh"
best adsense ads plugin for wordpress,best adsense ads plugin for wordpress​,n/a,n/a,0,0,,n/a,n/a,n/a,0.00,0.00,n/a,n/a,"For metrics, refresh"
best adsense plugin for wordpress 2016,best adsense plugin for wordpress 2016​,n/a,n/a,0,0,,n/a,n/a,n/a,0.00,0.00,n/a,n/a,"For metrics, refresh"
best adsense plugin for wordpress 2017,best adsense plugin for wordpress 2017​,n/a,n/a,0,0,,n/a,n/a,n/a,0.00,0.00,n/a,n/a,"For metrics, refresh"
best adsense plugin for wordpress 2018,best adsense plugin for wordpress 2018​,n/a,n/a,0,0,,n/a,n/a,n/a,0.00,0.00,n/a,n/a,"For metrics, refresh"
best adsense plugin for wordpress 2019,best adsense plugin for wordpress 2019​,n/a,n/a,0,0,,n/a,n/a,n/a,0.00,0.00,n/a,n/a,"For metrics, refresh"
best adsense plugin for wordpress free,best adsense plugin for wordpress free​,n/a,n/a,0,0,,n/a,n/a,n/a,0.00,0.00,n/a,n/a,"For metrics, refresh"
best adsense plugin for wordpress responsive,best adsense plugin for wordpress responsive​,n/a,n/a,0,0,,n/a,n/a,n/a,0.00,0.00,n/a,n/a,"For metrics, refresh"
best adsense plugin for wordpress shoutmeloud,best adsense plugin for wordpress shoutmeloud​,n/a,n/a,0,0,,n/a,n/a,n/a,0.00,0.00,n/a,n/a,"For metrics, refresh"
best adsense plugin for wordpress wpbeginner,best adsense plugin for wordpress wpbeginner​,n/a,n/a,0,0,,n/a,n/a,n/a,0.00,0.00,n/a,n/a,"For metrics, refresh"
best adsense plugin which show in content for wordpress 2019,best adsense plugin which show in content for wordpress 2019​,n/a,n/a,0,0,,n/a,n/a,n/a,0.00,0.00,n/a,n/a,"For metrics, refresh"
best adult plugin for wordpress,best adult plugin for wordpress​,n/a,n/a,0,0,,n/a,n/a,n/a,0.00,0.00,n/a,n/a,"For metrics, refresh"
best advertising management plugin for wordpress,best advertising management plugin for wordpress​,n/a,n/a,0,0,,n/a,n/a,n/a,0.00,0.00,n/a,n/a,"For metrics, refresh"
best advertising management plugin for wordpress image,best advertising management plugin for wordpress image​,n/a,n/a,0,0,,n/a,n/a,n/a,0.00,0.00,n/a,n/a,"For metrics, refresh"
best advertising management plugin for wordpress photo,best advertising management plugin for wordpress photo​,n/a,n/a,0,0,,n/a,n/a,n/a,0.00,0.00,n/a,n/a,"For metrics, refresh"
best adwords tracking plugin for wordpress neil patel,best adwords tracking plugin for wordpress neil patel​,n/a,n/a,0,0,,n/a,n/a,n/a,0.00,0.00,n/a,n/a,"For metrics, refresh"
best affiliate plugin for wordpress 2019,best affiliate plugin for wordpress 2019​,n/a,n/a,0,0,,n/a,n/a,n/a,0.00,0.00,n/a,n/a,"For metrics, refresh"
best affiliate plugin wordpress for pointd,best affiliate plugin wordpress for pointd​,n/a,n/a,0,0,,n/a,n/a,n/a,0.00,0.00,n/a,n/a,"For metrics, refresh"
best affiliate plugin wordpress for points,best affiliate plugin wordpress for points​,n/a,n/a,0,0,,n/a,n/a,n/a,0.00,0.00,n/a,n/a,"For metrics, refresh"
best all in one social media plugin for wordpress,best all in one social media plugin for wordpress​,n/a,n/a,0,0,,n/a,n/a,n/a,0.00,0.00,n/a,n/a,"For metrics, refresh"
best alumni plugin for wordpress,best alumni plugin for wordpress​,n/a,n/a,0,0,,n/a,n/a,n/a,0.00,0.00,n/a,n/a,"For metrics, refresh"
best amazon affiliate plugin for wordpress blog,best amazon affiliate plugin for wordpress blog​,n/a,n/a,0,0,,n/a,n/a,n/a,0.00,0.00,n/a,n/a,"For metrics, refresh"
best amp plugin for wordpress 2018,best amp plugin for wordpress 2018​,n/a,n/a,0,0,,n/a,n/a,n/a,0.00,0.00,n/a,n/a,"For metrics, refresh"
best amp plugin for wordpress 2019,best amp plugin for wordpress 2019​,n/a,n/a,0,0,,n/a,n/a,n/a,0.00,0.00,n/a,n/a,"For metrics, refresh"
best amp plugin for wordpress 2019 download,best amp plugin for wordpress 2019 download​,n/a,n/a,0,0,,n/a,n/a,n/a,0.00,0.00,n/a,n/a,"For metrics, refresh"
best analytics plugin for wordpress 2017,best analytics plugin for wordpress 2017​,n/a,n/a,0,0,,n/a,n/a,n/a,0.00,0.00,n/a,n/a,"For metrics, refresh"
best analytics plugin for wordpress 2018,best analytics plugin for wordpress 2018​,n/a,n/a,0,0,,n/a,n/a,n/a,0.00,0.00,n/a,n/a,"For metrics, refresh"
best and all plugins free theme for wordpress.com,best and all plugins free theme for wordpress.com​,n/a,n/a,0,0,,n/a,n/a,n/a,0.00,0.00,n/a,n/a,"For metrics, refresh"
best and basic plugins for wordpress,best and basic plugins for wordpress​,n/a,n/a,0,0,,n/a,n/a,n/a,0.00,0.00,n/a,n/a,"For metrics, refresh"
best and free image carosel plugin for wordpress,best and free image carosel plugin for wordpress​,n/a,n/a,0,0,,n/a,n/a,n/a,0.00,0.00,n/a,n/a,"For metrics, refresh"
best and free image carousel plugin for wordpress,best and free image carousel plugin for wordpress​,n/a,n/a,0,0,,n/a,n/a,n/a,0.00,0.00,n/a,n/a,"For metrics, refresh"
best android app plugin for wordpress,best android app plugin for wordpress​,n/a,n/a,0,0,,n/a,n/a,n/a,0.00,0.00,n/a,n/a,"For metrics, refresh"
best animated plugin for wordpress,best animated plugin for wordpress​,n/a,n/a,0,0,,n/a,n/a,n/a,0.00,0.00,n/a,n/a,"For metrics, refresh"
best animated preloader plugin for wordpress,best animated preloader plugin for wordpress​,n/a,n/a,0,0,,n/a,n/a,n/a,0.00,0.00,n/a,n/a,"For metrics, refresh"
best announcement plugin for wordpress,best announcement plugin for wordpress​,n/a,n/a,0,0,,n/a,n/a,n/a,0.00,0.00,n/a,n/a,"For metrics, refresh"
best announcement pop up plugin for wordpress,best announcement pop up plugin for wordpress​,n/a,n/a,0,0,,n/a,n/a,n/a,0.00,0.00,n/a,n/a,"For metrics, refresh"
best anti spam plugins for wordpress 2017,best anti spam plugins for wordpress 2017​,n/a,n/a,0,0,,n/a,n/a,n/a,0.00,0.00,n/a,n/a,"For metrics, refresh"
best antivirus plugin for wordpress website,best antivirus plugin for wordpress website​,n/a,n/a,0,0,,n/a,n/a,n/a,0.00,0.00,n/a,n/a,"For metrics, refresh"
best app for learn custom plugin development wordpress,best app for learn custom plugin development wordpress​,n/a,n/a,0,0,,n/a,n/a,n/a,0.00,0.00,n/a,n/a,"For metrics, refresh"
best artist management plugin for wordpress,best artist management plugin for wordpress​,n/a,n/a,0,0,,n/a,n/a,n/a,0.00,0.00,n/a,n/a,"For metrics, refresh"
best astrology plugin for wordpress,best astrology plugin for wordpress​,n/a,n/a,0,0,,n/a,n/a,n/a,0.00,0.00,n/a,n/a,"For metrics, refresh"
best audio player plugin with more options for wordpress,best audio player plugin with more options for wordpress​,n/a,n/a,0,0,,n/a,n/a,n/a,0.00,0.00,n/a,n/a,"For metrics, refresh"
best audio plugins for wordpress,best audio plugins for wordpress​,n/a,n/a,0,0,,n/a,n/a,n/a,0.00,0.00,n/a,n/a,"For metrics, refresh"
best author rich snippets plugin for wordpress,best author rich snippets plugin for wordpress​,n/a,n/a,0,0,,n/a,n/a,n/a,0.00,0.00,n/a,n/a,"For metrics, refresh"
best authorize net plugin for wordpress,best authorize net plugin for wordpress​,n/a,n/a,0,0,,n/a,n/a,n/a,0.00,0.00,n/a,n/a,"For metrics, refresh"
best auto backup plugin for wordpress,best auto backup plugin for wordpress​,n/a,n/a,0,0,,n/a,n/a,n/a,0.00,0.00,n/a,n/a,"For metrics, refresh"
best auto post plugin for wordpress,best auto post plugin for wordpress​,n/a,n/a,0,0,,n/a,n/a,n/a,0.00,0.00,n/a,n/a,"For metrics, refresh"
best autoblogging plugins for wordpress,best autoblogging plugins for wordpress​,n/a,n/a,0,0,,n/a,n/a,n/a,0.00,0.00,n/a,n/a,"For metrics, refresh"
best automatic plugin updater for wordpress,best automatic plugin updater for wordpress​,n/a,n/a,0,0,,n/a,n/a,n/a,0.00,0.00,n/a,n/a,"For metrics, refresh"
best automatic seo plugin for wordpress,best automatic seo plugin for wordpress​,n/a,n/a,0,0,,n/a,n/a,n/a,0.00,0.00,n/a,n/a,"For metrics, refresh"
best backup and migration plugin for wordpress,best backup and migration plugin for wordpress​,n/a,n/a,0,0,,n/a,n/a,n/a,0.00,0.00,n/a,n/a,"For metrics, refresh"
best backup plugin for full backup wordpress,best backup plugin for full backup wordpress​,n/a,n/a,0,0,,n/a,n/a,n/a,0.00,0.00,n/a,n/a,"For metrics, refresh"
best backup plugin for wordpress multisite,best backup plugin for wordpress multisite​,n/a,n/a,0,0,,n/a,n/a,n/a,0.00,0.00,n/a,n/a,"For metrics, refresh"
best beautiful free social share plugin for wordpress,best beautiful free social share plugin for wordpress​,n/a,n/a,0,0,,n/a,n/a,n/a,0.00,0.00,n/a,n/a,"For metrics, refresh"
best best popup notification plugin for wordpress,best best popup notification plugin for wordpress​,n/a,n/a,0,0,,n/a,n/a,n/a,0.00,0.00,n/a,n/a,"For metrics, refresh"
best blog comments plugin for wordpress,best blog comments plugin for wordpress​,n/a,n/a,0,0,,n/a,n/a,n/a,0.00,0.00,n/a,n/a,"For metrics, refresh"
best blog layout plugin for wordpress,best blog layout plugin for wordpress​,n/a,n/a,0,0,,n/a,n/a,n/a,0.00,0.00,n/a,n/a,"For metrics, refresh"
best blog plugin for wordpress free,best blog plugin for wordpress free​,n/a,n/a,0,0,,n/a,n/a,n/a,0.00,0.00,n/a,n/a,"For metrics, refresh"
best bluk mailing plugin for wordpress,best bluk mailing plugin for wordpress​,n/a,n/a,0,0,,n/a,n/a,n/a,0.00,0.00,n/a,n/a,"For metrics, refresh"
best body share plugin for wordpress,best body share plugin for wordpress​,n/a,n/a,0,0,,n/a,n/a,n/a,0.00,0.00,n/a,n/a,"For metrics, refresh"
best book for wordpress plugin development,best book for wordpress plugin development​,n/a,n/a,0,0,,n/a,n/a,n/a,0.00,0.00,n/a,n/a,"For metrics, refresh"
best booking and payment plugins for hotels in wordpress,best booking and payment plugins for hotels in wordpress​,n/a,n/a,0,0,,n/a,n/a,n/a,0.00,0.00,n/a,n/a,"For metrics, refresh"
best browser caching plugin for wordpress,best browser caching plugin for wordpress​,n/a,n/a,0,0,,n/a,n/a,n/a,0.00,0.00,n/a,n/a,"For metrics, refresh"
best bulk email plugin for wordpress,best bulk email plugin for wordpress​,n/a,n/a,0,0,,n/a,n/a,n/a,0.00,0.00,n/a,n/a,"For metrics, refresh"
best business directory plugins for wordpress,best business directory plugins for wordpress​,n/a,n/a,0,0,,n/a,n/a,n/a,0.00,0.00,n/a,n/a,"For metrics, refresh"
best business plugins for wordpress,best business plugins for wordpress​,n/a,n/a,0,0,,n/a,n/a,n/a,0.00,0.00,n/a,n/a,"For metrics, refresh"
best button shortcode plugin for wordpress,best button shortcode plugin for wordpress​,n/a,n/a,0,0,,n/a,n/a,n/a,0.00,0.00,n/a,n/a,"For metrics, refresh"
best cache plugin for ecommerce wordpress,best cache plugin for ecommerce wordpress​,n/a,n/a,0,0,,n/a,n/a,n/a,0.00,0.00,n/a,n/a,"For metrics, refresh"
best cache plugin for spiral wordpress theme,best cache plugin for spiral wordpress theme​,n/a,n/a,0,0,,n/a,n/a,n/a,0.00,0.00,n/a,n/a,"For metrics, refresh"
best cache plugin for ssl wordpress,best cache plugin for ssl wordpress​,n/a,n/a,0,0,,n/a,n/a,n/a,0.00,0.00,n/a,n/a,"For metrics, refresh"
best cache plugin for the7 theme wordpress,best cache plugin for the7 theme wordpress​,n/a,n/a,0,0,,n/a,n/a,n/a,0.00,0.00,n/a,n/a,"For metrics, refresh"
best cache plugin for wordpress 2018,best cache plugin for wordpress 2018​,n/a,n/a,0,0,,n/a,n/a,n/a,0.00,0.00,n/a,n/a,"For metrics, refresh"
best cache plugin for wordpress 2019,best cache plugin for wordpress 2019​,n/a,n/a,0,0,,n/a,n/a,n/a,0.00,0.00,n/a,n/a,"For metrics, refresh"
best cache plugin for wordpress for site speed,best cache plugin for wordpress for site speed​,n/a,n/a,0,0,,n/a,n/a,n/a,0.00,0.00,n/a,n/a,"For metrics, refresh"
best cache plugin for wordpress free speed loading,best cache plugin for wordpress free speed loading​,n/a,n/a,0,0,,n/a,n/a,n/a,0.00,0.00,n/a,n/a,"For metrics, refresh"
best cache plugin for wordpress listingpro,best cache plugin for wordpress listingpro​,n/a,n/a,0,0,,n/a,n/a,n/a,0.00,0.00,n/a,n/a,"For metrics, refresh"
best cache plugin for wordpress multisite,best cache plugin for wordpress multisite​,n/a,n/a,0,0,,n/a,n/a,n/a,0.00,0.00,n/a,n/a,"For metrics, refresh"
best cache plugin for wordpress with autoptimize,best cache plugin for wordpress with autoptimize​,n/a,n/a,0,0,,n/a,n/a,n/a,0.00,0.00,n/a,n/a,"For metrics, refresh"
best cache plugins for apache wordpress,best cache plugins for apache wordpress​,n/a,n/a,0,0,,n/a,n/a,n/a,0.00,0.00,n/a,n/a,"For metrics, refresh"
best cache removing plugin for wordpress,best cache removing plugin for wordpress​,n/a,n/a,0,0,,n/a,n/a,n/a,0.00,0.00,n/a,n/a,"For metrics, refresh"
best call and whatsapp plugin for wordpress,best call and whatsapp plugin for wordpress​,n/a,n/a,0,0,,n/a,n/a,n/a,0.00,0.00,n/a,n/a,"For metrics, refresh"
best call and whatsapp plugin for wordpress free,best call and whatsapp plugin for wordpress free​,n/a,n/a,0,0,,n/a,n/a,n/a,0.00,0.00,n/a,n/a,"For metrics, refresh"
best call to action plugin for wordpress,best call to action plugin for wordpress​,n/a,n/a,0,0,,n/a,n/a,n/a,0.00,0.00,n/a,n/a,"For metrics, refresh"
best captcha plugin for wordpress 2019,best captcha plugin for wordpress 2019​,n/a,n/a,0,0,,n/a,n/a,n/a,0.00,0.00,n/a,n/a,"For metrics, refresh"
best carousal slider plugin for wordpress,best carousal slider plugin for wordpress​,n/a,n/a,0,0,,n/a,n/a,n/a,0.00,0.00,n/a,n/a,"For metrics, refresh"
best cashe plugin for wordpress,best cashe plugin for wordpress​,n/a,n/a,0,0,,n/a,n/a,n/a,0.00,0.00,n/a,n/a,"For metrics, refresh"
best catagorised faq plugin for wordpress,best catagorised faq plugin for wordpress​,n/a,n/a,0,0,,n/a,n/a,n/a,0.00,0.00,n/a,n/a,"For metrics, refresh"
best catalog plugin for wordpress,best catalog plugin for wordpress​,n/a,n/a,0,0,,n/a,n/a,n/a,0.00,0.00,n/a,n/a,"For metrics, refresh"
best catalog plugin for wordpress wpbeginner,best catalog plugin for wordpress wpbeginner​,n/a,n/a,0,0,,n/a,n/a,n/a,0.00,0.00,n/a,n/a,"For metrics, refresh"
best cdn for wordpress plugin,best cdn for wordpress plugin​,n/a,n/a,0,0,,n/a,n/a,n/a,0.00,0.00,n/a,n/a,"For metrics, refresh"
best cdn plugins for wordpress,best cdn plugins for wordpress​,n/a,n/a,0,0,,n/a,n/a,n/a,0.00,0.00,n/a,n/a,"For metrics, refresh"
best cdn plugins for wordpress plugin,best cdn plugins for wordpress plugin​,n/a,n/a,0,0,,n/a,n/a,n/a,0.00,0.00,n/a,n/a,"For metrics, refresh"
best chache plugin for wordpress,best chache plugin for wordpress​,n/a,n/a,0,0,,n/a,n/a,n/a,0.00,0.00,n/a,n/a,"For metrics, refresh"
best chat bot plugin for wordpress,best chat bot plugin for wordpress​,n/a,n/a,0,0,,n/a,n/a,n/a,0.00,0.00,n/a,n/a,"For metrics, refresh"
best chat box plugin for wordpress,best chat box plugin for wordpress​,n/a,n/a,0,0,,n/a,n/a,n/a,0.00,0.00,n/a,n/a,"For metrics, refresh"
best chat plugin for wordpress free with mobile app,best chat plugin for wordpress free with mobile app​,n/a,n/a,0,0,,n/a,n/a,n/a,0.00,0.00,n/a,n/a,"For metrics, refresh"
best chat plugin for wordpress with android app,best chat plugin for wordpress with android app​,n/a,n/a,0,0,,n/a,n/a,n/a,0.00,0.00,n/a,n/a,"For metrics, refresh"
best chat room plugin for wordpress,best chat room plugin for wordpress​,n/a,n/a,0,0,,n/a,n/a,n/a,0.00,0.00,n/a,n/a,"For metrics, refresh"
best chat support plugin for wordpress,best chat support plugin for wordpress​,n/a,n/a,0,0,,n/a,n/a,n/a,0.00,0.00,n/a,n/a,"For metrics, refresh"
best chatting plugin for wordpress,best chatting plugin for wordpress​,n/a,n/a,0,0,,n/a,n/a,n/a,0.00,0.00,n/a,n/a,"For metrics, refresh"
best checkout process plugin for wordpress,best checkout process plugin for wordpress​,n/a,n/a,0,0,,n/a,n/a,n/a,0.00,0.00,n/a,n/a,"For metrics, refresh"
best chess plugin for wordpress,best chess plugin for wordpress​,n/a,n/a,0,0,,n/a,n/a,n/a,0.00,0.00,n/a,n/a,"For metrics, refresh"
best child theme plugin for wordpress,best child theme plugin for wordpress​,n/a,n/a,0,0,,n/a,n/a,n/a,0.00,0.00,n/a,n/a,"For metrics, refresh"
best classified plugins for wordpress,best classified plugins for wordpress​,n/a,n/a,0,0,,n/a,n/a,n/a,0.00,0.00,n/a,n/a,"For metrics, refresh"
best cleaner plugin for wordpress,best cleaner plugin for wordpress​,n/a,n/a,0,0,,n/a,n/a,n/a,0.00,0.00,n/a,n/a,"For metrics, refresh"
best clickbank plugin for wordpress,best clickbank plugin for wordpress​,n/a,n/a,0,0,,n/a,n/a,n/a,0.00,0.00,n/a,n/a,"For metrics, refresh"
best clothing website plugins for wordpress,best clothing website plugins for wordpress​,n/a,n/a,0,0,,n/a,n/a,n/a,0.00,0.00,n/a,n/a,"For metrics, refresh"
best code plugin for wordpress,best code plugin for wordpress​,n/a,n/a,0,0,,n/a,n/a,n/a,0.00,0.00,n/a,n/a,"For metrics, refresh"
best coming soon page plugin for wordpress,best coming soon page plugin for wordpress​,n/a,n/a,0,0,,n/a,n/a,n/a,0.00,0.00,n/a,n/a,"For metrics, refresh"
best coming soon plugins for wordpress,best coming soon plugins for wordpress​,n/a,n/a,0,0,,n/a,n/a,n/a,0.00,0.00,n/a,n/a,"For metrics, refresh"
best comment plugin for wordpress 2017,best comment plugin for wordpress 2017​,n/a,n/a,0,0,,n/a,n/a,n/a,0.00,0.00,n/a,n/a,"For metrics, refresh"
best comment plugin for wordpress blog,best comment plugin for wordpress blog​,n/a,n/a,0,0,,n/a,n/a,n/a,0.00,0.00,n/a,n/a,"For metrics, refresh"
best commenting plugin for wordpress,best commenting plugin for wordpress​,n/a,n/a,0,0,,n/a,n/a,n/a,0.00,0.00,n/a,n/a,"For metrics, refresh"
best comments plugin for wordpress 2018,best comments plugin for wordpress 2018​,n/a,n/a,0,0,,n/a,n/a,n/a,0.00,0.00,n/a,n/a,"For metrics, refresh"
best community management plugin for wordpress,best community management plugin for wordpress​,n/a,n/a,0,0,,n/a,n/a,n/a,0.00,0.00,n/a,n/a,"For metrics, refresh"
best community mangement plugin for wordpress,best community mangement plugin for wordpress​,n/a,n/a,0,0,,n/a,n/a,n/a,0.00,0.00,n/a,n/a,"For metrics, refresh"
best compare plugin for wordpress,best compare plugin for wordpress​,n/a,n/a,0,0,,n/a,n/a,n/a,0.00,0.00,n/a,n/a,"For metrics, refresh"
best complaints plugin for wordpress,best complaints plugin for wordpress​,n/a,n/a,0,0,,n/a,n/a,n/a,0.00,0.00,n/a,n/a,"For metrics, refresh"
best compression plugin html for wordpress,best compression plugin html for wordpress​,n/a,n/a,0,0,,n/a,n/a,n/a,0.00,0.00,n/a,n/a,"For metrics, refresh"
best constant contact plugin for wordpress,best constant contact plugin for wordpress​,n/a,n/a,0,0,,n/a,n/a,n/a,0.00,0.00,n/a,n/a,"For metrics, refresh"
best contact form plugin for wordpress 2017,best contact form plugin for wordpress 2017​,n/a,n/a,0,0,,n/a,n/a,n/a,0.00,0.00,n/a,n/a,"For metrics, refresh"
best contact form plugin for wordpress 2019,best contact form plugin for wordpress 2019​,n/a,n/a,0,0,,n/a,n/a,n/a,0.00,0.00,n/a,n/a,"For metrics, refresh"
best contact form plugin for wordpress 4.9,best contact form plugin for wordpress 4.9​,n/a,n/a,0,0,,n/a,n/a,n/a,0.00,0.00,n/a,n/a,"For metrics, refresh"
best contact form plugin for wordpress google,best contact form plugin for wordpress google​,n/a,n/a,0,0,,n/a,n/a,n/a,0.00,0.00,n/a,n/a,"For metrics, refresh"
best contact form plugin for wordpress with upload,best contact form plugin for wordpress with upload​,n/a,n/a,0,0,,n/a,n/a,n/a,0.00,0.00,n/a,n/a,"For metrics, refresh"
best contact plugin for wordpress,best contact plugin for wordpress​,n/a,n/a,0,0,,n/a,n/a,n/a,0.00,0.00,n/a,n/a,"For metrics, refresh"
best contact plugin for wordpress 2018,best contact plugin for wordpress 2018​,n/a,n/a,0,0,,n/a,n/a,n/a,0.00,0.00,n/a,n/a,"For metrics, refresh"
best content slider plugin for wordpress,best content slider plugin for wordpress​,n/a,n/a,0,0,,n/a,n/a,n/a,0.00,0.00,n/a,n/a,"For metrics, refresh"
best content spinner for wordpress plugin,best content spinner for wordpress plugin​,n/a,n/a,0,0,,n/a,n/a,n/a,0.00,0.00,n/a,n/a,"For metrics, refresh"
best contest plugin for wordpress,best contest plugin for wordpress​,n/a,n/a,0,0,,n/a,n/a,n/a,0.00,0.00,n/a,n/a,"For metrics, refresh"
best cookies consent plugin for wordpress,best cookies consent plugin for wordpress​,n/a,n/a,0,0,,n/a,n/a,n/a,0.00,0.00,n/a,n/a,"For metrics, refresh"
best cost calculator plugins for wordpress,best cost calculator plugins for wordpress​,n/a,n/a,0,0,,n/a,n/a,n/a,0.00,0.00,n/a,n/a,"For metrics, refresh"
best countdown plugin for wordpress,best countdown plugin for wordpress​,n/a,n/a,0,0,,n/a,n/a,n/a,0.00,0.00,n/a,n/a,"For metrics, refresh"
best countdown timer plugin for an ecommerce website on wordpress,best countdown timer plugin for an ecommerce website on wordpress​,n/a,n/a,0,0,,n/a,n/a,n/a,0.00,0.00,n/a,n/a,"For metrics, refresh"
best counter plugin for wordpress,best counter plugin for wordpress​,n/a,n/a,0,0,,n/a,n/a,n/a,0.00,0.00,n/a,n/a,"For metrics, refresh"
best cricket plugin for wordpress,best cricket plugin for wordpress​,n/a,n/a,0,0,,n/a,n/a,n/a,0.00,0.00,n/a,n/a,"For metrics, refresh"
best crm for multiple companies plugins for wordpress,best crm for multiple companies plugins for wordpress​,n/a,n/a,0,0,,n/a,n/a,n/a,0.00,0.00,n/a,n/a,"For metrics, refresh"
best crm plugin for wordpress with front end,best crm plugin for wordpress with front end​,n/a,n/a,0,0,,n/a,n/a,n/a,0.00,0.00,n/a,n/a,"For metrics, refresh"
best cron job plugin for wordpress,best cron job plugin for wordpress​,n/a,n/a,0,0,,n/a,n/a,n/a,0.00,0.00,n/a,n/a,"For metrics, refresh"
best css minify plugin for wordpress,best css minify plugin for wordpress​,n/a,n/a,0,0,,n/a,n/a,n/a,0.00,0.00,n/a,n/a,"For metrics, refresh"
best currency plugin for wordpress,best currency plugin for wordpress​,n/a,n/a,0,0,,n/a,n/a,n/a,0.00,0.00,n/a,n/a,"For metrics, refresh"
best custom cdn plugin for wordpress,best custom cdn plugin for wordpress​,n/a,n/a,0,0,,n/a,n/a,n/a,0.00,0.00,n/a,n/a,"For metrics, refresh"
best custom meta plugins for wordpress,best custom meta plugins for wordpress​,n/a,n/a,0,0,,n/a,n/a,n/a,0.00,0.00,n/a,n/a,"For metrics, refresh"
best custom plugins for wordpress,best custom plugins for wordpress​,n/a,n/a,0,0,,n/a,n/a,n/a,0.00,0.00,n/a,n/a,"For metrics, refresh"
best customer feedback plugin for wordpress,best customer feedback plugin for wordpress​,n/a,n/a,0,0,,n/a,n/a,n/a,0.00,0.00,n/a,n/a,"For metrics, refresh"
best customer review plugin for wordpress,best customer review plugin for wordpress​,n/a,n/a,0,0,,n/a,n/a,n/a,0.00,0.00,n/a,n/a,"For metrics, refresh"
best customizable q&a plugin for wordpress,best customizable q&a plugin for wordpress​,n/a,n/a,0,0,,n/a,n/a,n/a,0.00,0.00,n/a,n/a,"For metrics, refresh"
best cutomer support plugin for wordpress,best cutomer support plugin for wordpress​,n/a,n/a,0,0,,n/a,n/a,n/a,0.00,0.00,n/a,n/a,"For metrics, refresh"
best daily ayah quran plugin for wordpress,best daily ayah quran plugin for wordpress​,n/a,n/a,0,0,,n/a,n/a,n/a,0.00,0.00,n/a,n/a,"For metrics, refresh"
best database cleaner plugin for wordpress,best database cleaner plugin for wordpress​,n/a,n/a,0,0,,n/a,n/a,n/a,0.00,0.00,n/a,n/a,"For metrics, refresh"
best directory listing plugin for wordpress free,best directory listing plugin for wordpress free​,n/a,n/a,0,0,,n/a,n/a,n/a,0.00,0.00,n/a,n/a,"For metrics, refresh"
best donation plugin wordpress for india,best donation plugin wordpress for india​,n/a,n/a,0,0,,n/a,n/a,n/a,0.00,0.00,n/a,n/a,"For metrics, refresh"
best download button plugin for wordpress,best download button plugin for wordpress​,n/a,n/a,0,0,,n/a,n/a,n/a,0.00,0.00,n/a,n/a,"For metrics, refresh"
best download plugin for wordpress,best download plugin for wordpress​,n/a,n/a,0,0,,n/a,n/a,n/a,0.00,0.00,n/a,n/a,"For metrics, refresh"
best download plugins for wordpress,best download plugins for wordpress​,n/a,n/a,0,0,,n/a,n/a,n/a,0.00,0.00,n/a,n/a,"For metrics, refresh"
best drag and drop form builder for wordpress plugin,best drag and drop form builder for wordpress plugin​,n/a,n/a,0,0,,n/a,n/a,n/a,0.00,0.00,n/a,n/a,"For metrics, refresh"
best drag and drop form builder for wordpress plugin free,best drag and drop form builder for wordpress plugin free​,n/a,n/a,0,0,,n/a,n/a,n/a,0.00,0.00,n/a,n/a,"For metrics, refresh"
best dropbox plugin for wordpress,best dropbox plugin for wordpress​,n/a,n/a,0,0,,n/a,n/a,n/a,0.00,0.00,n/a,n/a,"For metrics, refresh"
best duplicate content checker for wordpress plugin,best duplicate content checker for wordpress plugin​,n/a,n/a,0,0,,n/a,n/a,n/a,0.00,0.00,n/a,n/a,"For metrics, refresh"
best easiest free seo plugins for wordpress,best easiest free seo plugins for wordpress​,n/a,n/a,0,0,,n/a,n/a,n/a,0.00,0.00,n/a,n/a,"For metrics, refresh"
best ebook reader plugin for wordpress,best ebook reader plugin for wordpress​,n/a,n/a,0,0,,n/a,n/a,n/a,0.00,0.00,n/a,n/a,"For metrics, refresh"
best ecommerce for mega menu plugin wordpress,best ecommerce for mega menu plugin wordpress​,n/a,n/a,0,0,,n/a,n/a,n/a,0.00,0.00,n/a,n/a,"For metrics, refresh"
best ecommerce plugin for wordpress 2018,best ecommerce plugin for wordpress 2018​,n/a,n/a,0,0,,n/a,n/a,n/a,0.00,0.00,n/a,n/a,"For metrics, refresh"
best ecommerce plugin for wordpress 2019,best ecommerce plugin for wordpress 2019​,n/a,n/a,0,0,,n/a,n/a,n/a,0.00,0.00,n/a,n/a,"For metrics, refresh"
best ecommerse plugins for wordpress,best ecommerse plugins for wordpress​,n/a,n/a,0,0,,n/a,n/a,n/a,0.00,0.00,n/a,n/a,"For metrics, refresh"
best editor for wordpress custom css plugin,best editor for wordpress custom css plugin​,n/a,n/a,0,0,,n/a,n/a,n/a,0.00,0.00,n/a,n/a,"For metrics, refresh"
best editor plugin for wordpress free,best editor plugin for wordpress free​,n/a,n/a,0,0,,n/a,n/a,n/a,0.00,0.00,n/a,n/a,"For metrics, refresh"
best effects free plugins for wordpress,best effects free plugins for wordpress​,n/a,n/a,0,0,,n/a,n/a,n/a,0.00,0.00,n/a,n/a,"For metrics, refresh"
best email log plugin for wordpress,best email log plugin for wordpress​,n/a,n/a,0,0,,n/a,n/a,n/a,0.00,0.00,n/a,n/a,"For metrics, refresh"
best email marketing plugins for wordpress,best email marketing plugins for wordpress​,n/a,n/a,0,0,,n/a,n/a,n/a,0.00,0.00,n/a,n/a,"For metrics, refresh"
best email newsletter plugin for wordpress,best email newsletter plugin for wordpress​,n/a,n/a,0,0,,n/a,n/a,n/a,0.00,0.00,n/a,n/a,"For metrics, refresh"
best email signup plugin for wordpress,best email signup plugin for wordpress​,n/a,n/a,0,0,,n/a,n/a,n/a,0.00,0.00,n/a,n/a,"For metrics, refresh"
best email subscription popup plugins for wordpress,best email subscription popup plugins for wordpress​,n/a,n/a,0,0,,n/a,n/a,n/a,0.00,0.00,n/a,n/a,"For metrics, refresh"
best email template plugin for wordpress,best email template plugin for wordpress​,n/a,n/a,0,0,,n/a,n/a,n/a,0.00,0.00,n/a,n/a,"For metrics, refresh"
best email templates plugin for wordpress,best email templates plugin for wordpress​,n/a,n/a,0,0,,n/a,n/a,n/a,0.00,0.00,n/a,n/a,"For metrics, refresh"
best epaper plugin for wordpress,best epaper plugin for wordpress​,n/a,n/a,0,0,,n/a,n/a,n/a,0.00,0.00,n/a,n/a,"For metrics, refresh"
best epub reader plugin for wordpress,best epub reader plugin for wordpress​,n/a,n/a,0,0,,n/a,n/a,n/a,0.00,0.00,n/a,n/a,"For metrics, refresh"
best essential plugin for wordpress,best essential plugin for wordpress​,n/a,n/a,0,0,,n/a,n/a,n/a,0.00,0.00,n/a,n/a,"For metrics, refresh"
best essential plugin for wordpress website,best essential plugin for wordpress website​,n/a,n/a,0,0,,n/a,n/a,n/a,0.00,0.00,n/a,n/a,"For metrics, refresh"
best essential plugins for news website wordpress site,best essential plugins for news website wordpress site​,n/a,n/a,0,0,,n/a,n/a,n/a,0.00,0.00,n/a,n/a,"For metrics, refresh"
best event booking plugin for wordpress,best event booking plugin for wordpress​,n/a,n/a,0,0,,n/a,n/a,n/a,0.00,0.00,n/a,n/a,"For metrics, refresh"
best event calender plugin for wordpress,best event calender plugin for wordpress​,n/a,n/a,0,0,,n/a,n/a,n/a,0.00,0.00,n/a,n/a,"For metrics, refresh"
best exam plugin for wordpress,best exam plugin for wordpress​,n/a,n/a,0,0,,n/a,n/a,n/a,0.00,0.00,n/a,n/a,"For metrics, refresh"
best except plugin for wordpress homepage,best except plugin for wordpress homepage​,n/a,n/a,0,0,,n/a,n/a,n/a,0.00,0.00,n/a,n/a,"For metrics, refresh"
best exit intent pop up newsletter plugin for wordpress 2019,best exit intent pop up newsletter plugin for wordpress 2019​,n/a,n/a,0,0,,n/a,n/a,n/a,0.00,0.00,n/a,n/a,"For metrics, refresh"
best exit popup plugin for wordpress,best exit popup plugin for wordpress​,n/a,n/a,0,0,,n/a,n/a,n/a,0.00,0.00,n/a,n/a,"For metrics, refresh"
best facebook comment plugin for wordpress,best facebook comment plugin for wordpress​,n/a,n/a,0,0,,n/a,n/a,n/a,0.00,0.00,n/a,n/a,"For metrics, refresh"
best facebook comments plugin for wordpress,best facebook comments plugin for wordpress​,n/a,n/a,0,0,,n/a,n/a,n/a,0.00,0.00,n/a,n/a,"For metrics, refresh"
best facebook feed for disserentin all post plugin for wordpress,best facebook feed for disserentin all post plugin for wordpress​,n/a,n/a,0,0,,n/a,n/a,n/a,0.00,0.00,n/a,n/a,"For metrics, refresh"
best facebook like button plugin for wordpress,best facebook like button plugin for wordpress​,n/a,n/a,0,0,,n/a,n/a,n/a,0.00,0.00,n/a,n/a,"For metrics, refresh"
best facebook login plugin for wordpress,best facebook login plugin for wordpress​,n/a,n/a,0,0,,n/a,n/a,n/a,0.00,0.00,n/a,n/a,"For metrics, refresh"
best facebook page plugin for wordpress,best facebook page plugin for wordpress​,n/a,n/a,0,0,,n/a,n/a,n/a,0.00,0.00,n/a,n/a,"For metrics, refresh"
best facebook plugin for wordpress,best facebook plugin for wordpress​,n/a,n/a,0,0,,n/a,n/a,n/a,0.00,0.00,n/a,n/a,"For metrics, refresh"
best facebook plugin for wordpress 2017,best facebook plugin for wordpress 2017​,n/a,n/a,0,0,,n/a,n/a,n/a,0.00,0.00,n/a,n/a,"For metrics, refresh"
best facebook plugin for wordpress 2018,best facebook plugin for wordpress 2018​,n/a,n/a,0,0,,n/a,n/a,n/a,0.00,0.00,n/a,n/a,"For metrics, refresh"
best facebook review plugin for wordpress,best facebook review plugin for wordpress​,n/a,n/a,0,0,,n/a,n/a,n/a,0.00,0.00,n/a,n/a,"For metrics, refresh"
best facebook share plugin for wordpress,best facebook share plugin for wordpress​,n/a,n/a,0,0,,n/a,n/a,n/a,0.00,0.00,n/a,n/a,"For metrics, refresh"
best fake notification plugin for wordpress,best fake notification plugin for wordpress​,n/a,n/a,0,0,,n/a,n/a,n/a,0.00,0.00,n/a,n/a,"For metrics, refresh"
best fake sales notification plugin for wordpress,best fake sales notification plugin for wordpress​,n/a,n/a,0,0,,n/a,n/a,n/a,0.00,0.00,n/a,n/a,"For metrics, refresh"
best faq plugin for wordpress 2017,best faq plugin for wordpress 2017​,n/a,n/a,0,0,,n/a,n/a,n/a,0.00,0.00,n/a,n/a,"For metrics, refresh"
best fast cache plugin for wordpress,best fast cache plugin for wordpress​,n/a,n/a,0,0,,n/a,n/a,n/a,0.00,0.00,n/a,n/a,"For metrics, refresh"
best featured post plugin wordpress for food blog,best featured post plugin wordpress for food blog​,n/a,n/a,0,0,,n/a,n/a,n/a,0.00,0.00,n/a,n/a,"For metrics, refresh"
best feedback free plugin for wordpress,best feedback free plugin for wordpress​,n/a,n/a,0,0,,n/a,n/a,n/a,0.00,0.00,n/a,n/a,"For metrics, refresh"
best feedback plugin for wordpress,best feedback plugin for wordpress​,n/a,n/a,0,0,,n/a,n/a,n/a,0.00,0.00,n/a,n/a,"For metrics, refresh"
best feedback plugin for wordpress blog,best feedback plugin for wordpress blog​,n/a,n/a,0,0,,n/a,n/a,n/a,0.00,0.00,n/a,n/a,"For metrics, refresh"
best feedburner plugin for wordpress,best feedburner plugin for wordpress​,n/a,n/a,0,0,,n/a,n/a,n/a,0.00,0.00,n/a,n/a,"For metrics, refresh"
best feedly plugin for wordpress,best feedly plugin for wordpress​,n/a,n/a,0,0,,n/a,n/a,n/a,0.00,0.00,n/a,n/a,"For metrics, refresh"
best file upload plugin for wordpress,best file upload plugin for wordpress​,n/a,n/a,0,0,,n/a,n/a,n/a,0.00,0.00,n/a,n/a,"For metrics, refresh"
best fixed share plugin for wordpress,best fixed share plugin for wordpress​,n/a,n/a,0,0,,n/a,n/a,n/a,0.00,0.00,n/a,n/a,"For metrics, refresh"
best flickr gallery plugin for wordpress,best flickr gallery plugin for wordpress​,n/a,n/a,0,0,,n/a,n/a,n/a,0.00,0.00,n/a,n/a,"For metrics, refresh"
best flight plugin for wordpress,best flight plugin for wordpress​,n/a,n/a,0,0,,n/a,n/a,n/a,0.00,0.00,n/a,n/a,"For metrics, refresh"
best floating menu plugin for wordpress,best floating menu plugin for wordpress​,n/a,n/a,0,0,,n/a,n/a,n/a,0.00,0.00,n/a,n/a,"For metrics, refresh"
best football club plugin for wordpress,best football club plugin for wordpress​,n/a,n/a,0,0,,n/a,n/a,n/a,0.00,0.00,n/a,n/a,"For metrics, refresh"
best football plugin for wordpress,best football plugin for wordpress​,n/a,n/a,0,0,,n/a,n/a,n/a,0.00,0.00,n/a,n/a,"For metrics, refresh"
best footer customizing plugin for wordpress,best footer customizing plugin for wordpress​,n/a,n/a,0,0,,n/a,n/a,n/a,0.00,0.00,n/a,n/a,"For metrics, refresh"
best footer plugins for wordpress,best footer plugins for wordpress​,n/a,n/a,0,0,,n/a,n/a,n/a,0.00,0.00,n/a,n/a,"For metrics, refresh"
best form builder plugin for wordpress shoutmeloud,best form builder plugin for wordpress shoutmeloud​,n/a,n/a,0,0,,n/a,n/a,n/a,0.00,0.00,n/a,n/a,"For metrics, refresh"
best form builder plugins for wordpress,best form builder plugins for wordpress​,n/a,n/a,0,0,,n/a,n/a,n/a,0.00,0.00,n/a,n/a,"For metrics, refresh"
best form creation plugin for wordpress,best form creation plugin for wordpress​,n/a,n/a,0,0,,n/a,n/a,n/a,0.00,0.00,n/a,n/a,"For metrics, refresh"
best form plugin for wordpress free drag and drop,best form plugin for wordpress free drag and drop​,n/a,n/a,0,0,,n/a,n/a,n/a,0.00,0.00,n/a,n/a,"For metrics, refresh"
best form plugin for wordpress salient theme,best form plugin for wordpress salient theme​,n/a,n/a,0,0,,n/a,n/a,n/a,0.00,0.00,n/a,n/a,"For metrics, refresh"
best form plugin for wordpress with validation,best form plugin for wordpress with validation​,n/a,n/a,0,0,,n/a,n/a,n/a,0.00,0.00,n/a,n/a,"For metrics, refresh"
best form plugins for wordpress free download,best form plugins for wordpress free download​,n/a,n/a,0,0,,n/a,n/a,n/a,0.00,0.00,n/a,n/a,"For metrics, refresh"
best form with payment plugin for wordpress,best form with payment plugin for wordpress​,n/a,n/a,0,0,,n/a,n/a,n/a,0.00,0.00,n/a,n/a,"For metrics, refresh"
best forum plugin for wordpress 2018,best forum plugin for wordpress 2018​,n/a,n/a,0,0,,n/a,n/a,n/a,0.00,0.00,n/a,n/a,"For metrics, refresh"
best forum site for wordpress plugin,best forum site for wordpress plugin​,n/a,n/a,0,0,,n/a,n/a,n/a,0.00,0.00,n/a,n/a,"For metrics, refresh"
best free accordion plugin for wordpress,best free accordion plugin for wordpress​,n/a,n/a,0,0,,n/a,n/a,n/a,0.00,0.00,n/a,n/a,"For metrics, refresh"
best free ad plugin for wordpress,best free ad plugin for wordpress​,n/a,n/a,0,0,,n/a,n/a,n/a,0.00,0.00,n/a,n/a,"For metrics, refresh"
best free adsense plugin for wordpress,best free adsense plugin for wordpress​,n/a,n/a,0,0,,n/a,n/a,n/a,0.00,0.00,n/a,n/a,"For metrics, refresh"
best free ai chat plugin for wordpress,best free ai chat plugin for wordpress​,n/a,n/a,0,0,,n/a,n/a,n/a,0.00,0.00,n/a,n/a,"For metrics, refresh"
best free amazon affiliate plugin for wordpress,best free amazon affiliate plugin for wordpress​,n/a,n/a,0,0,,n/a,n/a,n/a,0.00,0.00,n/a,n/a,"For metrics, refresh"
best free amazon plugins for wordpress,best free amazon plugins for wordpress​,n/a,n/a,0,0,,n/a,n/a,n/a,0.00,0.00,n/a,n/a,"For metrics, refresh"
best free amp plugin for wordpress in hindi,best free amp plugin for wordpress in hindi​,n/a,n/a,0,0,,n/a,n/a,n/a,0.00,0.00,n/a,n/a,"For metrics, refresh"
best free antivirus plugin for wordpress,best free antivirus plugin for wordpress​,n/a,n/a,0,0,,n/a,n/a,n/a,0.00,0.00,n/a,n/a,"For metrics, refresh"
best free app converter plugin for wordpress,best free app converter plugin for wordpress​,n/a,n/a,0,0,,n/a,n/a,n/a,0.00,0.00,n/a,n/a,"For metrics, refresh"
best free appointment plugin for wordpress,best free appointment plugin for wordpress​,n/a,n/a,0,0,,n/a,n/a,n/a,0.00,0.00,n/a,n/a,"For metrics, refresh"
best free appointment scheduling plugin for wordpress,best free appointment scheduling plugin for wordpress​,n/a,n/a,0,0,,n/a,n/a,n/a,0.00,0.00,n/a,n/a,"For metrics, refresh"
best free authorize.net plugin for wordpress,best free authorize.net plugin for wordpress​,n/a,n/a,0,0,,n/a,n/a,n/a,0.00,0.00,n/a,n/a,"For metrics, refresh"
best free auto post slider plugin for wordpress,best free auto post slider plugin for wordpress​,n/a,n/a,0,0,,n/a,n/a,n/a,0.00,0.00,n/a,n/a,"For metrics, refresh"
best free automatic backup plugin for wordpress,best free automatic backup plugin for wordpress​,n/a,n/a,0,0,,n/a,n/a,n/a,0.00,0.00,n/a,n/a,"For metrics, refresh"
best free beautiful customizable contact form plugin for wordpress,best free beautiful customizable contact form plugin for wordpress​,n/a,n/a,0,0,,n/a,n/a,n/a,0.00,0.00,n/a,n/a,"For metrics, refresh"
best free booking form plugin for wordpress,best free booking form plugin for wordpress​,n/a,n/a,0,0,,n/a,n/a,n/a,0.00,0.00,n/a,n/a,"For metrics, refresh"
best free business directory plugin for wordpress,best free business directory plugin for wordpress​,n/a,n/a,0,0,,n/a,n/a,n/a,0.00,0.00,n/a,n/a,"For metrics, refresh"
best free call to action plugin for wordpress,best free call to action plugin for wordpress​,n/a,n/a,0,0,,n/a,n/a,n/a,0.00,0.00,n/a,n/a,"For metrics, refresh"
best free catalog plugins for wordpress,best free catalog plugins for wordpress​,n/a,n/a,0,0,,n/a,n/a,n/a,0.00,0.00,n/a,n/a,"For metrics, refresh"
best free category plugin for wordpress,best free category plugin for wordpress​,n/a,n/a,0,0,,n/a,n/a,n/a,0.00,0.00,n/a,n/a,"For metrics, refresh"
best free cdn plugins for wordpress,best free cdn plugins for wordpress​,n/a,n/a,0,0,,n/a,n/a,n/a,0.00,0.00,n/a,n/a,"For metrics, refresh"
best free chat room plugin for wordpress,best free chat room plugin for wordpress​,n/a,n/a,0,0,,n/a,n/a,n/a,0.00,0.00,n/a,n/a,"For metrics, refresh"
best free comment spam plugin for wordpress,best free comment spam plugin for wordpress​,n/a,n/a,0,0,,n/a,n/a,n/a,0.00,0.00,n/a,n/a,"For metrics, refresh"
best free contact form plugin for wordpress 4.9,best free contact form plugin for wordpress 4.9​,n/a,n/a,0,0,,n/a,n/a,n/a,0.00,0.00,n/a,n/a,"For metrics, refresh"
best free contact form plugin for wordpress and free integeration,best free contact form plugin for wordpress and free integeration​,n/a,n/a,0,0,,n/a,n/a,n/a,0.00,0.00,n/a,n/a,"For metrics, refresh"
best free custom login plugin for wordpress,best free custom login plugin for wordpress​,n/a,n/a,0,0,,n/a,n/a,n/a,0.00,0.00,n/a,n/a,"For metrics, refresh"
best free digital download plugin for wordpress,best free digital download plugin for wordpress​,n/a,n/a,0,0,,n/a,n/a,n/a,0.00,0.00,n/a,n/a,"For metrics, refresh"
best free donation plugin wordpress for india,best free donation plugin wordpress for india​,n/a,n/a,0,0,,n/a,n/a,n/a,0.00,0.00,n/a,n/a,"For metrics, refresh"
best free ecommerce plugin for wordpress 2018,best free ecommerce plugin for wordpress 2018​,n/a,n/a,0,0,,n/a,n/a,n/a,0.00,0.00,n/a,n/a,"For metrics, refresh"
best free ecommerce plugins for wordpress 2018,best free ecommerce plugins for wordpress 2018​,n/a,n/a,0,0,,n/a,n/a,n/a,0.00,0.00,n/a,n/a,"For metrics, refresh"
best free editor plugin for wordpress,best free editor plugin for wordpress​,n/a,n/a,0,0,,n/a,n/a,n/a,0.00,0.00,n/a,n/a,"For metrics, refresh"
best free education plugin for wordpress,best free education plugin for wordpress​,n/a,n/a,0,0,,n/a,n/a,n/a,0.00,0.00,n/a,n/a,"For metrics, refresh"
best free email subscriber plugin for wordpress,best free email subscriber plugin for wordpress​,n/a,n/a,0,0,,n/a,n/a,n/a,0.00,0.00,n/a,n/a,"For metrics, refresh"
best free event manager plugin for wordpress,best free event manager plugin for wordpress​,n/a,n/a,0,0,,n/a,n/a,n/a,0.00,0.00,n/a,n/a,"For metrics, refresh"
best free feedback plugin for wordpress,best free feedback plugin for wordpress​,n/a,n/a,0,0,,n/a,n/a,n/a,0.00,0.00,n/a,n/a,"For metrics, refresh"
best free film strip slider plugin for wordpress,best free film strip slider plugin for wordpress​,n/a,n/a,0,0,,n/a,n/a,n/a,0.00,0.00,n/a,n/a,"For metrics, refresh"
best free footer design plugin for wordpress,best free footer design plugin for wordpress​,n/a,n/a,0,0,,n/a,n/a,n/a,0.00,0.00,n/a,n/a,"For metrics, refresh"
best free form plugins for wordpress,best free form plugins for wordpress​,n/a,n/a,0,0,,n/a,n/a,n/a,0.00,0.00,n/a,n/a,"For metrics, refresh"
best free google analytics plugin for wordpress 2017,best free google analytics plugin for wordpress 2017​,n/a,n/a,0,0,,n/a,n/a,n/a,0.00,0.00,n/a,n/a,"For metrics, refresh"
best free google analytics plugin for wordpress 2018,best free google analytics plugin for wordpress 2018​,n/a,n/a,0,0,,n/a,n/a,n/a,0.00,0.00,n/a,n/a,"For metrics, refresh"
best free google analytics plugin for wordpress 2019,best free google analytics plugin for wordpress 2019​,n/a,n/a,0,0,,n/a,n/a,n/a,0.00,0.00,n/a,n/a,"For metrics, refresh"
best free google map plugin for wordpress,best free google map plugin for wordpress​,n/a,n/a,0,0,,n/a,n/a,n/a,0.00,0.00,n/a,n/a,"For metrics, refresh"
best free google maps plugins for wordpress,best free google maps plugins for wordpress​,n/a,n/a,0,0,,n/a,n/a,n/a,0.00,0.00,n/a,n/a,"For metrics, refresh"
best free group chat plugin for wordpress,best free group chat plugin for wordpress​,n/a,n/a,0,0,,n/a,n/a,n/a,0.00,0.00,n/a,n/a,"For metrics, refresh"
best free gzip compression plugin for wordpress,best free gzip compression plugin for wordpress​,n/a,n/a,0,0,,n/a,n/a,n/a,0.00,0.00,n/a,n/a,"For metrics, refresh"
best free idx plugin for wordpress,best free idx plugin for wordpress​,n/a,n/a,0,0,,n/a,n/a,n/a,0.00,0.00,n/a,n/a,"For metrics, refresh"
best free image compression plugin for wordpress,best free image compression plugin for wordpress​,n/a,n/a,0,0,,n/a,n/a,n/a,0.00,0.00,n/a,n/a,"For metrics, refresh"
best free image optimization plugin for wordpress,best free image optimization plugin for wordpress​,n/a,n/a,0,0,,n/a,n/a,n/a,0.00,0.00,n/a,n/a,"For metrics, refresh"
best free image slider plugin for wordpress,best free image slider plugin for wordpress​,n/a,n/a,0,0,,n/a,n/a,n/a,0.00,0.00,n/a,n/a,"For metrics, refresh"
best free image slider plugin for wordpress 2018,best free image slider plugin for wordpress 2018​,n/a,n/a,0,0,,n/a,n/a,n/a,0.00,0.00,n/a,n/a,"For metrics, refresh"
best free instagram slider plugin for wordpress,best free instagram slider plugin for wordpress​,n/a,n/a,0,0,,n/a,n/a,n/a,0.00,0.00,n/a,n/a,"For metrics, refresh"
best free knowledge base plugin for wordpress,best free knowledge base plugin for wordpress​,n/a,n/a,0,0,,n/a,n/a,n/a,0.00,0.00,n/a,n/a,"For metrics, refresh"
best free landing page plugin for wordpress 2017,best free landing page plugin for wordpress 2017​,n/a,n/a,0,0,,n/a,n/a,n/a,0.00,0.00,n/a,n/a,"For metrics, refresh"
best free landing page plugin for wordpress 2018,best free landing page plugin for wordpress 2018​,n/a,n/a,0,0,,n/a,n/a,n/a,0.00,0.00,n/a,n/a,"For metrics, refresh"
best free landing page plugin for wordpress 2019,best free landing page plugin for wordpress 2019​,n/a,n/a,0,0,,n/a,n/a,n/a,0.00,0.00,n/a,n/a,"For metrics, refresh"
best free lead generation plugin for wordpress,best free lead generation plugin for wordpress​,n/a,n/a,0,0,,n/a,n/a,n/a,0.00,0.00,n/a,n/a,"For metrics, refresh"
best free login redkirect plugin for wordpress,best free login redkirect plugin for wordpress​,n/a,n/a,0,0,,n/a,n/a,n/a,0.00,0.00,n/a,n/a,"For metrics, refresh"
best free membership plugin for wordpress in hindi,best free membership plugin for wordpress in hindi​,n/a,n/a,0,0,,n/a,n/a,n/a,0.00,0.00,n/a,n/a,"For metrics, refresh"
best free membership plugins for wordpress,best free membership plugins for wordpress​,n/a,n/a,0,0,,n/a,n/a,n/a,0.00,0.00,n/a,n/a,"For metrics, refresh"
best free menu design plugin for wordpress,best free menu design plugin for wordpress​,n/a,n/a,0,0,,n/a,n/a,n/a,0.00,0.00,n/a,n/a,"For metrics, refresh"
best free mobile menu plugin for wordpress,best free mobile menu plugin for wordpress​,n/a,n/a,0,0,,n/a,n/a,n/a,0.00,0.00,n/a,n/a,"For metrics, refresh"
best free mobile plugin for wordpress,best free mobile plugin for wordpress​,n/a,n/a,0,0,,n/a,n/a,n/a,0.00,0.00,n/a,n/a,"For metrics, refresh"
best free multilingual plugin for wordpress,best free multilingual plugin for wordpress​,n/a,n/a,0,0,,n/a,n/a,n/a,0.00,0.00,n/a,n/a,"For metrics, refresh"
best free news feed plugin for wordpress,best free news feed plugin for wordpress​,n/a,n/a,0,0,,n/a,n/a,n/a,0.00,0.00,n/a,n/a,"For metrics, refresh"
best free newsletter plugin for wordpress 2016,best free newsletter plugin for wordpress 2016​,n/a,n/a,0,0,,n/a,n/a,n/a,0.00,0.00,n/a,n/a,"For metrics, refresh"
best free newsletter plugin for wordpress 2017,best free newsletter plugin for wordpress 2017​,n/a,n/a,0,0,,n/a,n/a,n/a,0.00,0.00,n/a,n/a,"For metrics, refresh"
best free newsletter plugin for wordpress 2018,best free newsletter plugin for wordpress 2018​,n/a,n/a,0,0,,n/a,n/a,n/a,0.00,0.00,n/a,n/a,"For metrics, refresh"
best free newsletter plugins for wordpress,best free newsletter plugins for wordpress​,n/a,n/a,0,0,,n/a,n/a,n/a,0.00,0.00,n/a,n/a,"For metrics, refresh"
best free newsletter signup plugin for wordpress,best free newsletter signup plugin for wordpress​,n/a,n/a,0,0,,n/a,n/a,n/a,0.00,0.00,n/a,n/a,"For metrics, refresh"
best free online chat plugin for wordpress,best free online chat plugin for wordpress​,n/a,n/a,0,0,,n/a,n/a,n/a,0.00,0.00,n/a,n/a,"For metrics, refresh"
best free opt in plugin for wordpress,best free opt in plugin for wordpress​,n/a,n/a,0,0,,n/a,n/a,n/a,0.00,0.00,n/a,n/a,"For metrics, refresh"
best free optin plugin for wordpress,best free optin plugin for wordpress​,n/a,n/a,0,0,,n/a,n/a,n/a,0.00,0.00,n/a,n/a,"For metrics, refresh"
best free page builder plugin for illdy theme wordpress,best free page builder plugin for illdy theme wordpress​,n/a,n/a,0,0,,n/a,n/a,n/a,0.00,0.00,n/a,n/a,"For metrics, refresh"
best free page design plugin for wordpress,best free page design plugin for wordpress​,n/a,n/a,0,0,,n/a,n/a,n/a,0.00,0.00,n/a,n/a,"For metrics, refresh"
best free payment gateway plugin for wordpress,best free payment gateway plugin for wordpress​,n/a,n/a,0,0,,n/a,n/a,n/a,0.00,0.00,n/a,n/a,"For metrics, refresh"
best free pdf viewer plugin for wordpress,best free pdf viewer plugin for wordpress​,n/a,n/a,0,0,,n/a,n/a,n/a,0.00,0.00,n/a,n/a,"For metrics, refresh"
best free photo album plugin for wordpress,best free photo album plugin for wordpress​,n/a,n/a,0,0,,n/a,n/a,n/a,0.00,0.00,n/a,n/a,"For metrics, refresh"
best free plugin for building header wordpress,best free plugin for building header wordpress​,n/a,n/a,0,0,,n/a,n/a,n/a,0.00,0.00,n/a,n/a,"For metrics, refresh"
best free plugin for contact us page wordpress,best free plugin for contact us page wordpress​,n/a,n/a,0,0,,n/a,n/a,n/a,0.00,0.00,n/a,n/a,"For metrics, refresh"
best free plugin for creating catalog in wordpress,best free plugin for creating catalog in wordpress​,n/a,n/a,0,0,,n/a,n/a,n/a,0.00,0.00,n/a,n/a,"For metrics, refresh"
best free plugin for database connectivity in wordpress,best free plugin for database connectivity in wordpress​,n/a,n/a,0,0,,n/a,n/a,n/a,0.00,0.00,n/a,n/a,"For metrics, refresh"
best free plugin for ecommerce wordpress,best free plugin for ecommerce wordpress​,n/a,n/a,0,0,,n/a,n/a,n/a,0.00,0.00,n/a,n/a,"For metrics, refresh"
best free plugin for embedding video in wordpress,best free plugin for embedding video in wordpress​,n/a,n/a,0,0,,n/a,n/a,n/a,0.00,0.00,n/a,n/a,"For metrics, refresh"
best free plugin for gallery in wordpress,best free plugin for gallery in wordpress​,n/a,n/a,0,0,,n/a,n/a,n/a,0.00,0.00,n/a,n/a,"For metrics, refresh"
best free plugin for hotel booking for wordpress,best free plugin for hotel booking for wordpress​,n/a,n/a,0,0,,n/a,n/a,n/a,0.00,0.00,n/a,n/a,"For metrics, refresh"
best free plugin for image carousel in wordpress,best free plugin for image carousel in wordpress​,n/a,n/a,0,0,,n/a,n/a,n/a,0.00,0.00,n/a,n/a,"For metrics, refresh"
best free plugin for popup wordpress,best free plugin for popup wordpress​,n/a,n/a,0,0,,n/a,n/a,n/a,0.00,0.00,n/a,n/a,"For metrics, refresh"
best free plugin for price in wordpress,best free plugin for price in wordpress​,n/a,n/a,0,0,,n/a,n/a,n/a,0.00,0.00,n/a,n/a,"For metrics, refresh"
best free plugin for social share for posts on wordpress,best free plugin for social share for posts on wordpress​,n/a,n/a,0,0,,n/a,n/a,n/a,0.00,0.00,n/a,n/a,"For metrics, refresh"
best free plugin for social share on wordpress,best free plugin for social share on wordpress​,n/a,n/a,0,0,,n/a,n/a,n/a,0.00,0.00,n/a,n/a,"For metrics, refresh"
best free plugin for wordpress for editing,best free plugin for wordpress for editing​,n/a,n/a,0,0,,n/a,n/a,n/a,0.00,0.00,n/a,n/a,"For metrics, refresh"
best free plugins and its use for wordpress,best free plugins and its use for wordpress​,n/a,n/a,0,0,,n/a,n/a,n/a,0.00,0.00,n/a,n/a,"For metrics, refresh"
best free plugins for a wordpress shop site,best free plugins for a wordpress shop site​,n/a,n/a,0,0,,n/a,n/a,n/a,0.00,0.00,n/a,n/a,"For metrics, refresh"
best free plugins for a wordpress site,best free plugins for a wordpress site​,n/a,n/a,0,0,,n/a,n/a,n/a,0.00,0.00,n/a,n/a,"For metrics, refresh"
best free plugins for affiliate marketing wordpress,best free plugins for affiliate marketing wordpress​,n/a,n/a,0,0,,n/a,n/a,n/a,0.00,0.00,n/a,n/a,"For metrics, refresh"
best free plugins for business wordpress 2017,best free plugins for business wordpress 2017​,n/a,n/a,0,0,,n/a,n/a,n/a,0.00,0.00,n/a,n/a,"For metrics, refresh"
best free plugins for digital markrting in wordpress,best free plugins for digital markrting in wordpress​,n/a,n/a,0,0,,n/a,n/a,n/a,0.00,0.00,n/a,n/a,"For metrics, refresh"
best free plugins for making dashboard in wordpress for user,best free plugins for making dashboard in wordpress for user​,n/a,n/a,0,0,,n/a,n/a,n/a,0.00,0.00,n/a,n/a,"For metrics, refresh"
best free plugins for photography portfolios on wordpress,best free plugins for photography portfolios on wordpress​,n/a,n/a,0,0,,n/a,n/a,n/a,0.00,0.00,n/a,n/a,"For metrics, refresh"
best free plugins for wordpress 2018,best free plugins for wordpress 2018​,n/a,n/a,0,0,,n/a,n/a,n/a,0.00,0.00,n/a,n/a,"For metrics, refresh"
best free plugins for wordpress blog,best free plugins for wordpress blog​,n/a,n/a,0,0,,n/a,n/a,n/a,0.00,0.00,n/a,n/a,"For metrics, refresh"
best free plugins for wordpress for affiliate,best free plugins for wordpress for affiliate​,n/a,n/a,0,0,,n/a,n/a,n/a,0.00,0.00,n/a,n/a,"For metrics, refresh"
best free plugins for wordpress for affiliate marketing,best free plugins for wordpress for affiliate marketing​,n/a,n/a,0,0,,n/a,n/a,n/a,0.00,0.00,n/a,n/a,"For metrics, refresh"
best free plugins for wordpress for creating job portal,best free plugins for wordpress for creating job portal​,n/a,n/a,0,0,,n/a,n/a,n/a,0.00,0.00,n/a,n/a,"For metrics, refresh"
best free plugins for wordpress news site,best free plugins for wordpress news site​,n/a,n/a,0,0,,n/a,n/a,n/a,0.00,0.00,n/a,n/a,"For metrics, refresh"
best free podcast plugin for wordpress,best free podcast plugin for wordpress​,n/a,n/a,0,0,,n/a,n/a,n/a,0.00,0.00,n/a,n/a,"For metrics, refresh"
best free pop up plugin for wordpress,best free pop up plugin for wordpress​,n/a,n/a,0,0,,n/a,n/a,n/a,0.00,0.00,n/a,n/a,"For metrics, refresh"
best free popup subscription plugin for wordpress,best free popup subscription plugin for wordpress​,n/a,n/a,0,0,,n/a,n/a,n/a,0.00,0.00,n/a,n/a,"For metrics, refresh"
best free registration form plugin for wordpress,best free registration form plugin for wordpress​,n/a,n/a,0,0,,n/a,n/a,n/a,0.00,0.00,n/a,n/a,"For metrics, refresh"
best free related posts plugin for wordpress,best free related posts plugin for wordpress​,n/a,n/a,0,0,,n/a,n/a,n/a,0.00,0.00,n/a,n/a,"For metrics, refresh"
best free related posts plugins for wordpress,best free related posts plugins for wordpress​,n/a,n/a,0,0,,n/a,n/a,n/a,0.00,0.00,n/a,n/a,"For metrics, refresh"
best free resume plugins for wordpress,best free resume plugins for wordpress​,n/a,n/a,0,0,,n/a,n/a,n/a,0.00,0.00,n/a,n/a,"For metrics, refresh"
best free rewards plugin for woocommerce wordpress,best free rewards plugin for woocommerce wordpress​,n/a,n/a,0,0,,n/a,n/a,n/a,0.00,0.00,n/a,n/a,"For metrics, refresh"
best free rich snippet plugins for wordpress,best free rich snippet plugins for wordpress​,n/a,n/a,0,0,,n/a,n/a,n/a,0.00,0.00,n/a,n/a,"For metrics, refresh"
best free rss feed to post plugin for wordpress,best free rss feed to post plugin for wordpress​,n/a,n/a,0,0,,n/a,n/a,n/a,0.00,0.00,n/a,n/a,"For metrics, refresh"
best free schema markup plugin for wordpress,best free schema markup plugin for wordpress​,n/a,n/a,0,0,,n/a,n/a,n/a,0.00,0.00,n/a,n/a,"For metrics, refresh"
best free school plugin for wordpress,best free school plugin for wordpress​,n/a,n/a,0,0,,n/a,n/a,n/a,0.00,0.00,n/a,n/a,"For metrics, refresh"
best free security plugin for wordpress 2018,best free security plugin for wordpress 2018​,n/a,n/a,0,0,,n/a,n/a,n/a,0.00,0.00,n/a,n/a,"For metrics, refresh"
best free seo plugin for ecommerce wordpress,best free seo plugin for ecommerce wordpress​,n/a,n/a,0,0,,n/a,n/a,n/a,0.00,0.00,n/a,n/a,"For metrics, refresh"
best free seo plugin for wordpress 2016,best free seo plugin for wordpress 2016​,n/a,n/a,0,0,,n/a,n/a,n/a,0.00,0.00,n/a,n/a,"For metrics, refresh"
best free seo plugin for wordpress 2017,best free seo plugin for wordpress 2017​,n/a,n/a,0,0,,n/a,n/a,n/a,0.00,0.00,n/a,n/a,"For metrics, refresh"
best free seo plugin for wordpress 2018,best free seo plugin for wordpress 2018​,n/a,n/a,0,0,,n/a,n/a,n/a,0.00,0.00,n/a,n/a,"For metrics, refresh"
best free seo plugin for wordpress 2019,best free seo plugin for wordpress 2019​,n/a,n/a,0,0,,n/a,n/a,n/a,0.00,0.00,n/a,n/a,"For metrics, refresh"
best free seo plugin for wordpress august 2018,best free seo plugin for wordpress august 2018​,n/a,n/a,0,0,,n/a,n/a,n/a,0.00,0.00,n/a,n/a,"For metrics, refresh"
best free seo tools plugins for wordpress,best free seo tools plugins for wordpress​,n/a,n/a,0,0,,n/a,n/a,n/a,0.00,0.00,n/a,n/a,"For metrics, refresh"
best free sharing plugin for wordpress,best free sharing plugin for wordpress​,n/a,n/a,0,0,,n/a,n/a,n/a,0.00,0.00,n/a,n/a,"For metrics, refresh"
best free shop plugin for wordpress,best free shop plugin for wordpress​,n/a,n/a,0,0,,n/a,n/a,n/a,0.00,0.00,n/a,n/a,"For metrics, refresh"
best free sidebar plugins for wordpress,best free sidebar plugins for wordpress​,n/a,n/a,0,0,,n/a,n/a,n/a,0.00,0.00,n/a,n/a,"For metrics, refresh"
best free slider plugin for wordpress 2017,best free slider plugin for wordpress 2017​,n/a,n/a,0,0,,n/a,n/a,n/a,0.00,0.00,n/a,n/a,"For metrics, refresh"
best free slider plugin for wordpress 2019,best free slider plugin for wordpress 2019​,n/a,n/a,0,0,,n/a,n/a,n/a,0.00,0.00,n/a,n/a,"For metrics, refresh"
best free sms plugin for wordpress,best free sms plugin for wordpress​,n/a,n/a,0,0,,n/a,n/a,n/a,0.00,0.00,n/a,n/a,"For metrics, refresh"
best free social counter plugin for wordpress,best free social counter plugin for wordpress​,n/a,n/a,0,0,,n/a,n/a,n/a,0.00,0.00,n/a,n/a,"For metrics, refresh"
best free social media follow plugin for wordpress,best free social media follow plugin for wordpress​,n/a,n/a,0,0,,n/a,n/a,n/a,0.00,0.00,n/a,n/a,"For metrics, refresh"
best free social media plugin for wordpress 2017,best free social media plugin for wordpress 2017​,n/a,n/a,0,0,,n/a,n/a,n/a,0.00,0.00,n/a,n/a,"For metrics, refresh"
best free social media plugin for wordpress 2018,best free social media plugin for wordpress 2018​,n/a,n/a,0,0,,n/a,n/a,n/a,0.00,0.00,n/a,n/a,"For metrics, refresh"
best free social media plugin for wordpress 2019,best free social media plugin for wordpress 2019​,n/a,n/a,0,0,,n/a,n/a,n/a,0.00,0.00,n/a,n/a,"For metrics, refresh"
best free social media plugin for wordpress harsh,best free social media plugin for wordpress harsh​,n/a,n/a,0,0,,n/a,n/a,n/a,0.00,0.00,n/a,n/a,"For metrics, refresh"
best free social media plugin for wordpress with like button,best free social media plugin for wordpress with like button​,n/a,n/a,0,0,,n/a,n/a,n/a,0.00,0.00,n/a,n/a,"For metrics, refresh"
best free social media plugin for wordpress with like option,best free social media plugin for wordpress with like option​,n/a,n/a,0,0,,n/a,n/a,n/a,0.00,0.00,n/a,n/a,"For metrics, refresh"
best free spam blocker plugin for wordpress,best free spam blocker plugin for wordpress​,n/a,n/a,0,0,,n/a,n/a,n/a,0.00,0.00,n/a,n/a,"For metrics, refresh"
best free spam filter plugin for wordpress,best free spam filter plugin for wordpress​,n/a,n/a,0,0,,n/a,n/a,n/a,0.00,0.00,n/a,n/a,"For metrics, refresh"
best free spam plugin for wordpress,best free spam plugin for wordpress​,n/a,n/a,0,0,,n/a,n/a,n/a,0.00,0.00,n/a,n/a,"For metrics, refresh"
best free subscribe plugin for wordpress,best free subscribe plugin for wordpress​,n/a,n/a,0,0,,n/a,n/a,n/a,0.00,0.00,n/a,n/a,"For metrics, refresh"
best free support plugin for wordpress,best free support plugin for wordpress​,n/a,n/a,0,0,,n/a,n/a,n/a,0.00,0.00,n/a,n/a,"For metrics, refresh"
best free tab plugin for wordpress,best free tab plugin for wordpress​,n/a,n/a,0,0,,n/a,n/a,n/a,0.00,0.00,n/a,n/a,"For metrics, refresh"
best free tab plugin for wordpress ferdy,best free tab plugin for wordpress ferdy​,n/a,n/a,0,0,,n/a,n/a,n/a,0.00,0.00,n/a,n/a,"For metrics, refresh"
best free thumbnail slider plugin for wordpress,best free thumbnail slider plugin for wordpress​,n/a,n/a,0,0,,n/a,n/a,n/a,0.00,0.00,n/a,n/a,"For metrics, refresh"
best free twitter plugin for wordpress,best free twitter plugin for wordpress​,n/a,n/a,0,0,,n/a,n/a,n/a,0.00,0.00,n/a,n/a,"For metrics, refresh"
best free version wordpress plugin for forms,best free version wordpress plugin for forms​,n/a,n/a,0,0,,n/a,n/a,n/a,0.00,0.00,n/a,n/a,"For metrics, refresh"
best free video background plugin for wordpress,best free video background plugin for wordpress​,n/a,n/a,0,0,,n/a,n/a,n/a,0.00,0.00,n/a,n/a,"For metrics, refresh"
best free video player plugin for wordpress,best free video player plugin for wordpress​,n/a,n/a,0,0,,n/a,n/a,n/a,0.00,0.00,n/a,n/a,"For metrics, refresh"
best free visual composer for page building wordpress plugin,best free visual composer for page building wordpress plugin​,n/a,n/a,0,0,,n/a,n/a,n/a,0.00,0.00,n/a,n/a,"For metrics, refresh"
best free web notification plugin for wordpress,best free web notification plugin for wordpress​,n/a,n/a,0,0,,n/a,n/a,n/a,0.00,0.00,n/a,n/a,"For metrics, refresh"
best free website loader plugin for wordpress,best free website loader plugin for wordpress​,n/a,n/a,0,0,,n/a,n/a,n/a,0.00,0.00,n/a,n/a,"For metrics, refresh"
best free woocommerce plugin for wordpress,best free woocommerce plugin for wordpress​,n/a,n/a,0,0,,n/a,n/a,n/a,0.00,0.00,n/a,n/a,"For metrics, refresh"
best free wordpress booking plugin for vacation rental,best free wordpress booking plugin for vacation rental​,n/a,n/a,0,0,,n/a,n/a,n/a,0.00,0.00,n/a,n/a,"For metrics, refresh"
best free wordpress booking plugins for hotels,best free wordpress booking plugins for hotels​,n/a,n/a,0,0,,n/a,n/a,n/a,0.00,0.00,n/a,n/a,"For metrics, refresh"
best free wordpress plugin for ad management,best free wordpress plugin for ad management​,n/a,n/a,0,0,,n/a,n/a,n/a,0.00,0.00,n/a,n/a,"For metrics, refresh"
best free wordpress plugin for coupon site,best free wordpress plugin for coupon site​,n/a,n/a,0,0,,n/a,n/a,n/a,0.00,0.00,n/a,n/a,"For metrics, refresh"
best free wordpress plugin for email subscription,best free wordpress plugin for email subscription​,n/a,n/a,0,0,,n/a,n/a,n/a,0.00,0.00,n/a,n/a,"For metrics, refresh"
best free wordpress plugin for fast loading,best free wordpress plugin for fast loading​,n/a,n/a,0,0,,n/a,n/a,n/a,0.00,0.00,n/a,n/a,"For metrics, refresh"
best free wordpress plugin for hospitals,best free wordpress plugin for hospitals​,n/a,n/a,0,0,,n/a,n/a,n/a,0.00,0.00,n/a,n/a,"For metrics, refresh"
best free wordpress plugin for internal linking,best free wordpress plugin for internal linking​,n/a,n/a,0,0,,n/a,n/a,n/a,0.00,0.00,n/a,n/a,"For metrics, refresh"
best free wordpress plugin for language translator,best free wordpress plugin for language translator​,n/a,n/a,0,0,,n/a,n/a,n/a,0.00,0.00,n/a,n/a,"For metrics, refresh"
best free wordpress plugin for polling,best free wordpress plugin for polling​,n/a,n/a,0,0,,n/a,n/a,n/a,0.00,0.00,n/a,n/a,"For metrics, refresh"
best free wordpress plugin for quiz,best free wordpress plugin for quiz​,n/a,n/a,0,0,,n/a,n/a,n/a,0.00,0.00,n/a,n/a,"For metrics, refresh"
best free wordpress plugin for services,best free wordpress plugin for services​,n/a,n/a,0,0,,n/a,n/a,n/a,0.00,0.00,n/a,n/a,"For metrics, refresh"
best free wordpress plugin for services showing,best free wordpress plugin for services showing​,n/a,n/a,0,0,,n/a,n/a,n/a,0.00,0.00,n/a,n/a,"For metrics, refresh"
best free wordpress plugin for sharing posts,best free wordpress plugin for sharing posts​,n/a,n/a,0,0,,n/a,n/a,n/a,0.00,0.00,n/a,n/a,"For metrics, refresh"
best free wordpress plugin for sharing posts on wordpress,best free wordpress plugin for sharing posts on wordpress​,n/a,n/a,0,0,,n/a,n/a,n/a,0.00,0.00,n/a,n/a,"For metrics, refresh"
best free wordpress plugin for social sharing posts,best free wordpress plugin for social sharing posts​,n/a,n/a,0,0,,n/a,n/a,n/a,0.00,0.00,n/a,n/a,"For metrics, refresh"
best free wordpress plugin for spam contacts,best free wordpress plugin for spam contacts​,n/a,n/a,0,0,,n/a,n/a,n/a,0.00,0.00,n/a,n/a,"For metrics, refresh"
best free wordpress plugin for taking online exams,best free wordpress plugin for taking online exams​,n/a,n/a,0,0,,n/a,n/a,n/a,0.00,0.00,n/a,n/a,"For metrics, refresh"
best free wordpress plugin for woocommerce login,best free wordpress plugin for woocommerce login​,n/a,n/a,0,0,,n/a,n/a,n/a,0.00,0.00,n/a,n/a,"For metrics, refresh"
best free wordpress plugins for business,best free wordpress plugins for business​,n/a,n/a,0,0,,n/a,n/a,n/a,0.00,0.00,n/a,n/a,"For metrics, refresh"
best free wordpress plugins for business websites,best free wordpress plugins for business websites​,n/a,n/a,0,0,,n/a,n/a,n/a,0.00,0.00,n/a,n/a,"For metrics, refresh"
best free wordpress plugins for college website quora,best free wordpress plugins for college website quora​,n/a,n/a,0,0,,n/a,n/a,n/a,0.00,0.00,n/a,n/a,"For metrics, refresh"
best free wordpress plugins for email subscription,best free wordpress plugins for email subscription​,n/a,n/a,0,0,,n/a,n/a,n/a,0.00,0.00,n/a,n/a,"For metrics, refresh"
best free wordpress plugins for real estate,best free wordpress plugins for real estate​,n/a,n/a,0,0,,n/a,n/a,n/a,0.00,0.00,n/a,n/a,"For metrics, refresh"
best free wordpress plugins for small business,best free wordpress plugins for small business​,n/a,n/a,0,0,,n/a,n/a,n/a,0.00,0.00,n/a,n/a,"For metrics, refresh"
best free wordpress plugins for visual composer,best free wordpress plugins for visual composer​,n/a,n/a,0,0,,n/a,n/a,n/a,0.00,0.00,n/a,n/a,"For metrics, refresh"
best free wordpress plugins for writers,best free wordpress plugins for writers​,n/a,n/a,0,0,,n/a,n/a,n/a,0.00,0.00,n/a,n/a,"For metrics, refresh"
best front home page grid slider plugins for wordpress,best front home page grid slider plugins for wordpress​,n/a,n/a,0,0,,n/a,n/a,n/a,0.00,0.00,n/a,n/a,"For metrics, refresh"
best frontend social community plugin for wordpress,best frontend social community plugin for wordpress​,n/a,n/a,0,0,,n/a,n/a,n/a,0.00,0.00,n/a,n/a,"For metrics, refresh"
best ftont page builder plugin for wordpress,best ftont page builder plugin for wordpress​,n/a,n/a,0,0,,n/a,n/a,n/a,0.00,0.00,n/a,n/a,"For metrics, refresh"
best full cache plugin for wordpress,best full cache plugin for wordpress​,n/a,n/a,0,0,,n/a,n/a,n/a,0.00,0.00,n/a,n/a,"For metrics, refresh"
best gallery plugin for wordpress 2018,best gallery plugin for wordpress 2018​,n/a,n/a,0,0,,n/a,n/a,n/a,0.00,0.00,n/a,n/a,"For metrics, refresh"
best gallery plugin for wordpress 2019,best gallery plugin for wordpress 2019​,n/a,n/a,0,0,,n/a,n/a,n/a,0.00,0.00,n/a,n/a,"For metrics, refresh"
best gallery plugin for wordpress in free,best gallery plugin for wordpress in free​,n/a,n/a,0,0,,n/a,n/a,n/a,0.00,0.00,n/a,n/a,"For metrics, refresh"
best gallery plugin for wordpress with lazy loading,best gallery plugin for wordpress with lazy loading​,n/a,n/a,0,0,,n/a,n/a,n/a,0.00,0.00,n/a,n/a,"For metrics, refresh"
best gallery plugins for wordpress 2017,best gallery plugins for wordpress 2017​,n/a,n/a,0,0,,n/a,n/a,n/a,0.00,0.00,n/a,n/a,"For metrics, refresh"
best gallery plugins for wordpress 2018,best gallery plugins for wordpress 2018​,n/a,n/a,0,0,,n/a,n/a,n/a,0.00,0.00,n/a,n/a,"For metrics, refresh"
best geotargeting plugins for wordpress,best geotargeting plugins for wordpress​,n/a,n/a,0,0,,n/a,n/a,n/a,0.00,0.00,n/a,n/a,"For metrics, refresh"
best google ads plugin for wordpress,best google ads plugin for wordpress​,n/a,n/a,0,0,,n/a,n/a,n/a,0.00,0.00,n/a,n/a,"For metrics, refresh"
best google adsense plugin for wordpress 2017,best google adsense plugin for wordpress 2017​,n/a,n/a,0,0,,n/a,n/a,n/a,0.00,0.00,n/a,n/a,"For metrics, refresh"
best google adsense plugin for wordpress hindi,best google adsense plugin for wordpress hindi​,n/a,n/a,0,0,,n/a,n/a,n/a,0.00,0.00,n/a,n/a,"For metrics, refresh"
best google analytics free plugin for wordpress,best google analytics free plugin for wordpress​,n/a,n/a,0,0,,n/a,n/a,n/a,0.00,0.00,n/a,n/a,"For metrics, refresh"
best google analytics plugin for wordpress 2017,best google analytics plugin for wordpress 2017​,n/a,n/a,0,0,,n/a,n/a,n/a,0.00,0.00,n/a,n/a,"For metrics, refresh"
best google analytics plugin for wordpress 2018,best google analytics plugin for wordpress 2018​,n/a,n/a,0,0,,n/a,n/a,n/a,0.00,0.00,n/a,n/a,"For metrics, refresh"
best google analytics plugin for wordpress 2019,best google analytics plugin for wordpress 2019​,n/a,n/a,0,0,,n/a,n/a,n/a,0.00,0.00,n/a,n/a,"For metrics, refresh"
best google analytics plugin for wordpress reddit,best google analytics plugin for wordpress reddit​,n/a,n/a,0,0,,n/a,n/a,n/a,0.00,0.00,n/a,n/a,"For metrics, refresh"
best google analytics plugin in yoast for wordpress,best google analytics plugin in yoast for wordpress​,n/a,n/a,0,0,,n/a,n/a,n/a,0.00,0.00,n/a,n/a,"For metrics, refresh"
best google calendar plugin for wordpress,best google calendar plugin for wordpress​,n/a,n/a,0,0,,n/a,n/a,n/a,0.00,0.00,n/a,n/a,"For metrics, refresh"
best google font plugin for wordpress,best google font plugin for wordpress​,n/a,n/a,0,0,,n/a,n/a,n/a,0.00,0.00,n/a,n/a,"For metrics, refresh"
best google fonts plugin for wordpress,best google fonts plugin for wordpress​,n/a,n/a,0,0,,n/a,n/a,n/a,0.00,0.00,n/a,n/a,"For metrics, refresh"
best google map plugin for wordpress 2018,best google map plugin for wordpress 2018​,n/a,n/a,0,0,,n/a,n/a,n/a,0.00,0.00,n/a,n/a,"For metrics, refresh"
best google maps plugin for wordpress 2018,best google maps plugin for wordpress 2018​,n/a,n/a,0,0,,n/a,n/a,n/a,0.00,0.00,n/a,n/a,"For metrics, refresh"
best google sitemap plugin for wordpress,best google sitemap plugin for wordpress​,n/a,n/a,0,0,,n/a,n/a,n/a,0.00,0.00,n/a,n/a,"For metrics, refresh"
best gravity form plugin for sending mails in wordpress,best gravity form plugin for sending mails in wordpress​,n/a,n/a,0,0,,n/a,n/a,n/a,0.00,0.00,n/a,n/a,"For metrics, refresh"
best greenery plugins for wordpress,best greenery plugins for wordpress​,n/a,n/a,0,0,,n/a,n/a,n/a,0.00,0.00,n/a,n/a,"For metrics, refresh"
best grid slider plugins for wordpress,best grid slider plugins for wordpress​,n/a,n/a,0,0,,n/a,n/a,n/a,0.00,0.00,n/a,n/a,"For metrics, refresh"
best group live chat plugin for wordpress,best group live chat plugin for wordpress​,n/a,n/a,0,0,,n/a,n/a,n/a,0.00,0.00,n/a,n/a,"For metrics, refresh"
best gulp plugins for wordpress,best gulp plugins for wordpress​,n/a,n/a,0,0,,n/a,n/a,n/a,0.00,0.00,n/a,n/a,"For metrics, refresh"
best gzip compression plugin for wordpress,best gzip compression plugin for wordpress​,n/a,n/a,0,0,,n/a,n/a,n/a,0.00,0.00,n/a,n/a,"For metrics, refresh"
best gzip plugin for non wordpress site,best gzip plugin for non wordpress site​,n/a,n/a,0,0,,n/a,n/a,n/a,0.00,0.00,n/a,n/a,"For metrics, refresh"
best gzip plugin for wordpress,best gzip plugin for wordpress​,n/a,n/a,0,0,,n/a,n/a,n/a,0.00,0.00,n/a,n/a,"For metrics, refresh"
best header slider plugin for wordpress,best header slider plugin for wordpress​,n/a,n/a,0,0,,n/a,n/a,n/a,0.00,0.00,n/a,n/a,"For metrics, refresh"
best homepage slider plugin for wordpress,best homepage slider plugin for wordpress​,n/a,n/a,0,0,,n/a,n/a,n/a,0.00,0.00,n/a,n/a,"For metrics, refresh"
best hotel reservation plugin for wordpress,best hotel reservation plugin for wordpress​,n/a,n/a,0,0,,n/a,n/a,n/a,0.00,0.00,n/a,n/a,"For metrics, refresh"
best iamge uploader plugin for wordpress,best iamge uploader plugin for wordpress​,n/a,n/a,0,0,,n/a,n/a,n/a,0.00,0.00,n/a,n/a,"For metrics, refresh"
best idx plugin for wordpress 2017,best idx plugin for wordpress 2017​,n/a,n/a,0,0,,n/a,n/a,n/a,0.00,0.00,n/a,n/a,"For metrics, refresh"
best idx plugin for wordpress 2018,best idx plugin for wordpress 2018​,n/a,n/a,0,0,,n/a,n/a,n/a,0.00,0.00,n/a,n/a,"For metrics, refresh"
best idx plugin for wordpress 2019,best idx plugin for wordpress 2019​,n/a,n/a,0,0,,n/a,n/a,n/a,0.00,0.00,n/a,n/a,"For metrics, refresh"
best idx plugin for wordpress 2020,best idx plugin for wordpress 2020​,n/a,n/a,0,0,,n/a,n/a,n/a,0.00,0.00,n/a,n/a,"For metrics, refresh"
best image caraousel slider plugin for wordpress,best image caraousel slider plugin for wordpress​,n/a,n/a,0,0,,n/a,n/a,n/a,0.00,0.00,n/a,n/a,"For metrics, refresh"
best image compression plugin for wordpress 2017,best image compression plugin for wordpress 2017​,n/a,n/a,0,0,,n/a,n/a,n/a,0.00,0.00,n/a,n/a,"For metrics, refresh"
best image gallery plugins for wordpress,best image gallery plugins for wordpress​,n/a,n/a,0,0,,n/a,n/a,n/a,0.00,0.00,n/a,n/a,"For metrics, refresh"
best image load plugin for wordpress,best image load plugin for wordpress​,n/a,n/a,0,0,,n/a,n/a,n/a,0.00,0.00,n/a,n/a,"For metrics, refresh"
best image size for full screen slider wordpress plugin,best image size for full screen slider wordpress plugin​,n/a,n/a,0,0,,n/a,n/a,n/a,0.00,0.00,n/a,n/a,"For metrics, refresh"
best image slider plugin for wordpress 4.6.1,best image slider plugin for wordpress 4.6.1​,n/a,n/a,0,0,,n/a,n/a,n/a,0.00,0.00,n/a,n/a,"For metrics, refresh"
best image uploader plugin for wordpress,best image uploader plugin for wordpress​,n/a,n/a,0,0,,n/a,n/a,n/a,0.00,0.00,n/a,n/a,"For metrics, refresh"
best instagram plugin for wordpress 2017,best instagram plugin for wordpress 2017​,n/a,n/a,0,0,,n/a,n/a,n/a,0.00,0.00,n/a,n/a,"For metrics, refresh"
best instagram shop plugin for wordpress,best instagram shop plugin for wordpress​,n/a,n/a,0,0,,n/a,n/a,n/a,0.00,0.00,n/a,n/a,"For metrics, refresh"
best instagram slider plugin for wordpress,best instagram slider plugin for wordpress​,n/a,n/a,0,0,,n/a,n/a,n/a,0.00,0.00,n/a,n/a,"For metrics, refresh"
best internal linking plugin for wordpress,best internal linking plugin for wordpress​,n/a,n/a,0,0,,n/a,n/a,n/a,0.00,0.00,n/a,n/a,"For metrics, refresh"
best inventory plugin for wordpress,best inventory plugin for wordpress​,n/a,n/a,0,0,,n/a,n/a,n/a,0.00,0.00,n/a,n/a,"For metrics, refresh"
best isotope plugin for wordpress,best isotope plugin for wordpress​,n/a,n/a,0,0,,n/a,n/a,n/a,0.00,0.00,n/a,n/a,"For metrics, refresh"
best javascript plugin for wordpress,best javascript plugin for wordpress​,n/a,n/a,0,0,,n/a,n/a,n/a,0.00,0.00,n/a,n/a,"For metrics, refresh"
best job management plugin for wordpress,best job management plugin for wordpress​,n/a,n/a,0,0,,n/a,n/a,n/a,0.00,0.00,n/a,n/a,"For metrics, refresh"
best job manager plugin for wordpress,best job manager plugin for wordpress​,n/a,n/a,0,0,,n/a,n/a,n/a,0.00,0.00,n/a,n/a,"For metrics, refresh"
best job plugin for wordpress,best job plugin for wordpress​,n/a,n/a,0,0,,n/a,n/a,n/a,0.00,0.00,n/a,n/a,"For metrics, refresh"
best job portal plugin for wordpress,best job portal plugin for wordpress​,n/a,n/a,0,0,,n/a,n/a,n/a,0.00,0.00,n/a,n/a,"For metrics, refresh"
best jquery plugins for wordpress,best jquery plugins for wordpress​,n/a,n/a,0,0,,n/a,n/a,n/a,0.00,0.00,n/a,n/a,"For metrics, refresh"
best knowledge base plugins for wordpress,best knowledge base plugins for wordpress​,n/a,n/a,0,0,,n/a,n/a,n/a,0.00,0.00,n/a,n/a,"For metrics, refresh"
best landing page plugin for wordpress 2017,best landing page plugin for wordpress 2017​,n/a,n/a,0,0,,n/a,n/a,n/a,0.00,0.00,n/a,n/a,"For metrics, refresh"
best latex plugin for wordpress,best latex plugin for wordpress​,n/a,n/a,0,0,,n/a,n/a,n/a,0.00,0.00,n/a,n/a,"For metrics, refresh"
best lazy load plugin for wordpress 2018,best lazy load plugin for wordpress 2018​,n/a,n/a,0,0,,n/a,n/a,n/a,0.00,0.00,n/a,n/a,"For metrics, refresh"
best lead capture plugin for wordpress,best lead capture plugin for wordpress​,n/a,n/a,0,0,,n/a,n/a,n/a,0.00,0.00,n/a,n/a,"For metrics, refresh"
best lead generation plugin for wordpress,best lead generation plugin for wordpress​,n/a,n/a,0,0,,n/a,n/a,n/a,0.00,0.00,n/a,n/a,"For metrics, refresh"
best lead generation plugin for wordpress 2018,best lead generation plugin for wordpress 2018​,n/a,n/a,0,0,,n/a,n/a,n/a,0.00,0.00,n/a,n/a,"For metrics, refresh"
best leadgeneration plugin for wordpress quora,best leadgeneration plugin for wordpress quora​,n/a,n/a,0,0,,n/a,n/a,n/a,0.00,0.00,n/a,n/a,"For metrics, refresh"
best light box plugin for wordpress,best light box plugin for wordpress​,n/a,n/a,0,0,,n/a,n/a,n/a,0.00,0.00,n/a,n/a,"For metrics, refresh"
best lightbox gallery plugin for wordpress,best lightbox gallery plugin for wordpress​,n/a,n/a,0,0,,n/a,n/a,n/a,0.00,0.00,n/a,n/a,"For metrics, refresh"
best like button plugin for wordpress,best like button plugin for wordpress​,n/a,n/a,0,0,,n/a,n/a,n/a,0.00,0.00,n/a,n/a,"For metrics, refresh"
best link cloaking plugin for wordpress,best link cloaking plugin for wordpress​,n/a,n/a,0,0,,n/a,n/a,n/a,0.00,0.00,n/a,n/a,"For metrics, refresh"
best live chat for plugin for wordpress,best live chat for plugin for wordpress​,n/a,n/a,0,0,,n/a,n/a,n/a,0.00,0.00,n/a,n/a,"For metrics, refresh"
best live chat for wordpress plugin,best live chat for wordpress plugin​,n/a,n/a,0,0,,n/a,n/a,n/a,0.00,0.00,n/a,n/a,"For metrics, refresh"
best live chat for wordpress plugin free,best live chat for wordpress plugin free​,n/a,n/a,0,0,,n/a,n/a,n/a,0.00,0.00,n/a,n/a,"For metrics, refresh"
best lms plugin for wordpress 2018,best lms plugin for wordpress 2018​,n/a,n/a,0,0,,n/a,n/a,n/a,0.00,0.00,n/a,n/a,"For metrics, refresh"
best local seo plugin for wordpress,best local seo plugin for wordpress​,n/a,n/a,0,0,,n/a,n/a,n/a,0.00,0.14,n/a,n/a,"For metrics, refresh"
best login logout registration plugin for wordpress,best login logout registration plugin for wordpress​,n/a,n/a,0,0,,n/a,n/a,n/a,0.00,0.00,n/a,n/a,"For metrics, refresh"
best login page plugin for wordpress,best login page plugin for wordpress​,n/a,n/a,0,0,,n/a,n/a,n/a,0.00,0.00,n/a,n/a,"For metrics, refresh"
best login plugin with category for wordpress,best login plugin with category for wordpress​,n/a,n/a,0,0,,n/a,n/a,n/a,0.00,0.00,n/a,n/a,"For metrics, refresh"
best login registration panel plugins for wordpress,best login registration panel plugins for wordpress​,n/a,n/a,0,0,,n/a,n/a,n/a,0.00,0.00,n/a,n/a,"For metrics, refresh"
best loyalty plugin for wordpress,best loyalty plugin for wordpress​,n/a,n/a,0,0,,n/a,n/a,n/a,0.00,0.00,n/a,n/a,"For metrics, refresh"
best mail plugin for wordpress,best mail plugin for wordpress​,n/a,n/a,0,0,,n/a,n/a,n/a,0.00,0.00,n/a,n/a,"For metrics, refresh"
best mailchimp form for wordpress styler design plugin,best mailchimp form for wordpress styler design plugin​,n/a,n/a,0,0,,n/a,n/a,n/a,0.00,0.00,n/a,n/a,"For metrics, refresh"
best mailchimp plugin for wordpress,best mailchimp plugin for wordpress​,n/a,n/a,0,0,,n/a,n/a,n/a,0.00,0.00,n/a,n/a,"For metrics, refresh"
best mailchimp plugin for wordpress 2017,best mailchimp plugin for wordpress 2017​,n/a,n/a,0,0,,n/a,n/a,n/a,0.00,0.00,n/a,n/a,"For metrics, refresh"
best mailchimp plugin for wordpress 2019,best mailchimp plugin for wordpress 2019​,n/a,n/a,0,0,,n/a,n/a,n/a,0.00,0.00,n/a,n/a,"For metrics, refresh"
best malware scan plugin for wordpress,best malware scan plugin for wordpress​,n/a,n/a,0,0,,n/a,n/a,n/a,0.00,0.00,n/a,n/a,"For metrics, refresh"
best markup plugin for review wordpress,best markup plugin for review wordpress​,n/a,n/a,0,0,,n/a,n/a,n/a,0.00,0.00,n/a,n/a,"For metrics, refresh"
best marquee plugin for wordpress,best marquee plugin for wordpress​,n/a,n/a,0,0,,n/a,n/a,n/a,0.00,0.00,n/a,n/a,"For metrics, refresh"
best math quiz plugin for wordpress,best math quiz plugin for wordpress​,n/a,n/a,0,0,,n/a,n/a,n/a,0.00,0.00,n/a,n/a,"For metrics, refresh"
best member login plugin for wordpress,best member login plugin for wordpress​,n/a,n/a,0,0,,n/a,n/a,n/a,0.00,0.00,n/a,n/a,"For metrics, refresh"
best membership plugin for wordpress free,best membership plugin for wordpress free​,n/a,n/a,0,0,,n/a,n/a,n/a,0.00,0.00,n/a,n/a,"For metrics, refresh"
best membership plugins for wordpress woocommerce,best membership plugins for wordpress woocommerce​,n/a,n/a,0,0,,n/a,n/a,n/a,0.00,0.00,n/a,n/a,"For metrics, refresh"
best menu plugin for wordpress free,best menu plugin for wordpress free​,n/a,n/a,0,0,,n/a,n/a,n/a,0.00,0.00,n/a,n/a,"For metrics, refresh"
best message plugin for wordpress,best message plugin for wordpress​,n/a,n/a,0,0,,n/a,n/a,n/a,0.00,0.00,n/a,n/a,"For metrics, refresh"
best minify plugin for wordpress,best minify plugin for wordpress​,n/a,n/a,0,0,,n/a,n/a,n/a,0.00,0.00,n/a,n/a,"For metrics, refresh"
best mlm plugin for wordpress buy,best mlm plugin for wordpress buy​,n/a,n/a,0,0,,n/a,n/a,n/a,0.00,0.00,n/a,n/a,"For metrics, refresh"
best mobile cache plugin for publisher wordpress theme,best mobile cache plugin for publisher wordpress theme​,n/a,n/a,0,0,,n/a,n/a,n/a,0.00,0.00,n/a,n/a,"For metrics, refresh"
best mobile comparison plugin for wordpress,best mobile comparison plugin for wordpress​,n/a,n/a,0,0,,n/a,n/a,n/a,0.00,0.00,n/a,n/a,"For metrics, refresh"
best mobile plugin for wordpress 2017,best mobile plugin for wordpress 2017​,n/a,n/a,0,0,,n/a,n/a,n/a,0.00,0.00,n/a,n/a,"For metrics, refresh"
best mobile plugin for wordpress 2018,best mobile plugin for wordpress 2018​,n/a,n/a,0,0,,n/a,n/a,n/a,0.00,0.00,n/a,n/a,"For metrics, refresh"
best mobile responsive menu plugin for wordpress,best mobile responsive menu plugin for wordpress​,n/a,n/a,0,0,,n/a,n/a,n/a,0.00,0.00,n/a,n/a,"For metrics, refresh"
best mobile view plugin for wordpress,best mobile view plugin for wordpress​,n/a,n/a,0,0,,n/a,n/a,n/a,0.00,0.00,n/a,n/a,"For metrics, refresh"
best modal plugin for wordpress,best modal plugin for wordpress​,n/a,n/a,0,0,,n/a,n/a,n/a,0.00,0.00,n/a,n/a,"For metrics, refresh"
best mp3 player plugin for wordpress,best mp3 player plugin for wordpress​,n/a,n/a,0,0,,n/a,n/a,n/a,0.00,0.00,n/a,n/a,"For metrics, refresh"
best multi vendor plugins for wordpress,best multi vendor plugins for wordpress​,n/a,n/a,0,0,,n/a,n/a,n/a,0.00,0.00,n/a,n/a,"For metrics, refresh"
best music plugins for wordpress,best music plugins for wordpress​,n/a,n/a,0,0,,n/a,n/a,n/a,0.00,0.00,n/a,n/a,"For metrics, refresh"
best music store plugin for wordpress,best music store plugin for wordpress​,n/a,n/a,0,0,,n/a,n/a,n/a,0.00,0.00,n/a,n/a,"For metrics, refresh"
best new plugins for wordpress 2019,best new plugins for wordpress 2019​,n/a,n/a,0,0,,n/a,n/a,n/a,0.00,0.00,n/a,n/a,"For metrics, refresh"
best news aggregation plugins for wordpress,best news aggregation plugins for wordpress​,n/a,n/a,0,0,,n/a,n/a,n/a,0.00,0.00,n/a,n/a,"For metrics, refresh"
best news feed plugin for wordpress,best news feed plugin for wordpress​,n/a,n/a,0,0,,n/a,n/a,n/a,0.00,0.00,n/a,n/a,"For metrics, refresh"
best newsletter plugin for wordpress 2017,best newsletter plugin for wordpress 2017​,n/a,n/a,0,0,,n/a,n/a,n/a,0.00,0.00,n/a,n/a,"For metrics, refresh"
best newsletter plugin for wordpress 2018,best newsletter plugin for wordpress 2018​,n/a,n/a,0,0,,n/a,n/a,n/a,0.00,0.00,n/a,n/a,"For metrics, refresh"
best newsletter popup plugin for wordpress,best newsletter popup plugin for wordpress​,n/a,n/a,0,0,,n/a,n/a,n/a,0.00,0.00,n/a,n/a,"For metrics, refresh"
best newsletter subscription plugin for wordpress,best newsletter subscription plugin for wordpress​,n/a,n/a,0,0,,n/a,n/a,n/a,0.00,0.00,n/a,n/a,"For metrics, refresh"
best notice plugin for wordpress,best notice plugin for wordpress​,n/a,n/a,0,0,,n/a,n/a,n/a,0.00,0.00,n/a,n/a,"For metrics, refresh"
best notification plugins for wordpress,best notification plugins for wordpress​,n/a,n/a,0,0,,n/a,n/a,n/a,0.00,0.00,n/a,n/a,"For metrics, refresh"
best on page seo plugins for wordpress,best on page seo plugins for wordpress​,n/a,n/a,0,0,,n/a,n/a,n/a,0.00,0.00,n/a,n/a,"For metrics, refresh"
best online test plugin for wordpress,best online test plugin for wordpress​,n/a,n/a,0,0,,n/a,n/a,n/a,0.00,0.00,n/a,n/a,"For metrics, refresh"
best open graph plugin for wordpress,best open graph plugin for wordpress​,n/a,n/a,0,0,,n/a,n/a,n/a,0.00,0.00,n/a,n/a,"For metrics, refresh"
best oprimizing plugins for wordpress,best oprimizing plugins for wordpress​,n/a,n/a,0,0,,n/a,n/a,n/a,0.00,0.00,n/a,n/a,"For metrics, refresh"
best opt in form plugin for wordpress,best opt in form plugin for wordpress​,n/a,n/a,0,0,,n/a,n/a,n/a,0.00,0.00,n/a,n/a,"For metrics, refresh"
best optin plugin for wordpress,best optin plugin for wordpress​,n/a,n/a,0,0,,n/a,n/a,n/a,0.00,0.00,n/a,n/a,"For metrics, refresh"
best page builder plugin for dynamic wordpress,best page builder plugin for dynamic wordpress​,n/a,n/a,0,0,,n/a,n/a,n/a,0.00,0.00,n/a,n/a,"For metrics, refresh"
best page builder plugin for illdy theme wordpress,best page builder plugin for illdy theme wordpress​,n/a,n/a,0,0,,n/a,n/a,n/a,0.00,0.00,n/a,n/a,"For metrics, refresh"
best page builder plugin for wordpress 2019,best page builder plugin for wordpress 2019​,n/a,n/a,0,0,,n/a,n/a,n/a,0.00,0.00,n/a,n/a,"For metrics, refresh"
best page builder plugins for wordpress free,best page builder plugins for wordpress free​,n/a,n/a,0,0,,n/a,n/a,n/a,0.00,0.00,n/a,n/a,"For metrics, refresh"
best page redkirec free plugin for wordpress,best page redkirec free plugin for wordpress​,n/a,n/a,0,0,,n/a,n/a,n/a,0.00,0.00,n/a,n/a,"For metrics, refresh"
best page redkirect and navigation free plugin for wordpress,best page redkirect and navigation free plugin for wordpress​,n/a,n/a,0,0,,n/a,n/a,n/a,0.00,0.00,n/a,n/a,"For metrics, refresh"
best page visit counter plugin for wordpress,best page visit counter plugin for wordpress​,n/a,n/a,0,0,,n/a,n/a,n/a,0.00,0.00,n/a,n/a,"For metrics, refresh"
best pagebuilder plugins for wordpress,best pagebuilder plugins for wordpress​,n/a,n/a,0,0,,n/a,n/a,n/a,0.00,0.00,n/a,n/a,"For metrics, refresh"
best pagination plugin for wordpress,best pagination plugin for wordpress​,n/a,n/a,0,0,,n/a,n/a,n/a,0.00,0.00,n/a,n/a,"For metrics, refresh"
best paid forum plugin for wordpress,best paid forum plugin for wordpress​,n/a,n/a,0,0,,n/a,n/a,n/a,0.00,0.00,n/a,n/a,"For metrics, refresh"
best paid membership plugin for wordpress,best paid membership plugin for wordpress​,n/a,n/a,0,0,,n/a,n/a,n/a,0.00,0.00,n/a,n/a,"For metrics, refresh"
best paid plugin for wordpress,best paid plugin for wordpress​,n/a,n/a,0,0,,n/a,n/a,n/a,0.00,0.00,n/a,n/a,"For metrics, refresh"
best paid seo plugin for wordpress,best paid seo plugin for wordpress​,n/a,n/a,0,0,,n/a,n/a,n/a,0.00,0.00,n/a,n/a,"For metrics, refresh"
best paid wordpress plugins for audio player,best paid wordpress plugins for audio player​,n/a,n/a,0,0,,n/a,n/a,n/a,0.00,0.00,n/a,n/a,"For metrics, refresh"
best parallax scrolling plugin for wordpress,best parallax scrolling plugin for wordpress​,n/a,n/a,0,0,,n/a,n/a,n/a,0.00,0.00,n/a,n/a,"For metrics, refresh"
best partner plugin for wordpress,best partner plugin for wordpress​,n/a,n/a,0,0,,n/a,n/a,n/a,0.00,0.00,n/a,n/a,"For metrics, refresh"
best payment form plugin for wordpress,best payment form plugin for wordpress​,n/a,n/a,0,0,,n/a,n/a,n/a,0.00,0.00,n/a,n/a,"For metrics, refresh"
best payment plugin for wordpress india,best payment plugin for wordpress india​,n/a,n/a,0,0,,n/a,n/a,n/a,0.00,0.00,n/a,n/a,"For metrics, refresh"
best paypal donation plugin for wordpress,best paypal donation plugin for wordpress​,n/a,n/a,0,0,,n/a,n/a,n/a,0.00,0.00,n/a,n/a,"For metrics, refresh"
best paytm plugin for wordpress,best paytm plugin for wordpress​,n/a,n/a,0,0,,n/a,n/a,n/a,0.00,0.00,n/a,n/a,"For metrics, refresh"
best pdf plugins for wordpress,best pdf plugins for wordpress​,n/a,n/a,0,0,,n/a,n/a,n/a,0.00,0.00,n/a,n/a,"For metrics, refresh"
best photo album plugin for wordpress,best photo album plugin for wordpress​,n/a,n/a,0,0,,n/a,n/a,n/a,0.00,0.00,n/a,n/a,"For metrics, refresh"
best photo plugin for wordpress,best photo plugin for wordpress​,n/a,n/a,0,0,,n/a,n/a,n/a,0.00,0.00,n/a,n/a,"For metrics, refresh"
best php plugin for wordpress,best php plugin for wordpress​,n/a,n/a,0,0,,n/a,n/a,n/a,0.00,0.00,n/a,n/a,"For metrics, refresh"
best phtography plugins for gallary in wordpress,best phtography plugins for gallary in wordpress​,n/a,n/a,0,0,,n/a,n/a,n/a,0.00,0.00,n/a,n/a,"For metrics, refresh"
best pin it plugin for wordpress,best pin it plugin for wordpress​,n/a,n/a,0,0,,n/a,n/a,n/a,0.00,0.00,n/a,n/a,"For metrics, refresh"
best pinterest plugin for wordpress,best pinterest plugin for wordpress​,n/a,n/a,0,0,,n/a,n/a,n/a,0.00,0.00,n/a,n/a,"For metrics, refresh"
best plagiarism checker plugin for wordpress,best plagiarism checker plugin for wordpress​,n/a,n/a,0,0,,n/a,n/a,n/a,0.00,0.00,n/a,n/a,"For metrics, refresh"
best platform for portfolio showcase plugin wordpress,best platform for portfolio showcase plugin wordpress​,n/a,n/a,0,0,,n/a,n/a,n/a,0.00,0.00,n/a,n/a,"For metrics, refresh"
best plugin analytics for wordpress,best plugin analytics for wordpress​,n/a,n/a,0,0,,n/a,n/a,n/a,0.00,0.00,n/a,n/a,"For metrics, refresh"
best plugin and theme for cardealers in wordpress,best plugin and theme for cardealers in wordpress​,n/a,n/a,0,0,,n/a,n/a,n/a,0.00,0.00,n/a,n/a,"For metrics, refresh"
best plugin and themes for wordpress,best plugin and themes for wordpress​,n/a,n/a,0,0,,n/a,n/a,n/a,0.00,0.00,n/a,n/a,"For metrics, refresh"
best plugin bundle for developers wordpress,best plugin bundle for developers wordpress​,n/a,n/a,0,0,,n/a,n/a,n/a,0.00,0.00,n/a,n/a,"For metrics, refresh"
best plugin for a e commerce wordpress,best plugin for a e commerce wordpress​,n/a,n/a,0,0,,n/a,n/a,n/a,0.00,0.00,n/a,n/a,"For metrics, refresh"
best plugin for a ecommerce wordpress,best plugin for a ecommerce wordpress​,n/a,n/a,0,0,,n/a,n/a,n/a,0.00,0.00,n/a,n/a,"For metrics, refresh"
best plugin for ads in wordpress 2018,best plugin for ads in wordpress 2018​,n/a,n/a,0,0,,n/a,n/a,n/a,0.00,0.00,n/a,n/a,"For metrics, refresh"
best plugin for ads on wordpress,best plugin for ads on wordpress​,n/a,n/a,0,0,,n/a,n/a,n/a,0.00,0.00,n/a,n/a,"For metrics, refresh"
best plugin for amazon affiliate in wordpress,best plugin for amazon affiliate in wordpress​,n/a,n/a,0,0,,n/a,n/a,n/a,0.00,0.00,n/a,n/a,"For metrics, refresh"
best plugin for amp in wordpress,best plugin for amp in wordpress​,n/a,n/a,0,0,,n/a,n/a,n/a,0.00,0.00,n/a,n/a,"For metrics, refresh"
best plugin for blog in wordpress,best plugin for blog in wordpress​,n/a,n/a,0,0,,n/a,n/a,n/a,0.00,0.00,n/a,n/a,"For metrics, refresh"
best plugin for bulk import of amazon affiliate in wordpress,best plugin for bulk import of amazon affiliate in wordpress​,n/a,n/a,0,0,,n/a,n/a,n/a,0.00,0.00,n/a,n/a,"For metrics, refresh"
best plugin for cache remove in wordpress,best plugin for cache remove in wordpress​,n/a,n/a,0,0,,n/a,n/a,n/a,0.00,0.00,n/a,n/a,"For metrics, refresh"
best plugin for checking php7 compatibility for wordpress,best plugin for checking php7 compatibility for wordpress​,n/a,n/a,0,0,,n/a,n/a,n/a,0.00,0.00,n/a,n/a,"For metrics, refresh"
best plugin for codepen and wordpress,best plugin for codepen and wordpress​,n/a,n/a,0,0,,n/a,n/a,n/a,0.00,0.00,n/a,n/a,"For metrics, refresh"
best plugin for contact number on header in wordpress,best plugin for contact number on header in wordpress​,n/a,n/a,0,0,,n/a,n/a,n/a,0.00,0.00,n/a,n/a,"For metrics, refresh"
best plugin for contact us page wordpress,best plugin for contact us page wordpress​,n/a,n/a,0,0,,n/a,n/a,n/a,0.00,0.00,n/a,n/a,"For metrics, refresh"
best plugin for converting wordpress site into app,best plugin for converting wordpress site into app​,n/a,n/a,0,0,,n/a,n/a,n/a,0.00,0.00,n/a,n/a,"For metrics, refresh"
best plugin for creating blog multilingual wordpress,best plugin for creating blog multilingual wordpress​,n/a,n/a,0,0,,n/a,n/a,n/a,0.00,0.00,n/a,n/a,"For metrics, refresh"
best plugin for creating vimeo video gallery for wordpress,best plugin for creating vimeo video gallery for wordpress​,n/a,n/a,0,0,,n/a,n/a,n/a,0.00,0.00,n/a,n/a,"For metrics, refresh"
best plugin for creating vimeo video gallery for wordpress free,best plugin for creating vimeo video gallery for wordpress free​,n/a,n/a,0,0,,n/a,n/a,n/a,0.00,0.00,n/a,n/a,"For metrics, refresh"
best plugin for creating wallpaper website in wordpress,best plugin for creating wallpaper website in wordpress​,n/a,n/a,0,0,,n/a,n/a,n/a,0.00,0.00,n/a,n/a,"For metrics, refresh"
best plugin for custome php in wordpress,best plugin for custome php in wordpress​,n/a,n/a,0,0,,n/a,n/a,n/a,0.00,0.00,n/a,n/a,"For metrics, refresh"
best plugin for daily backup wordpress,best plugin for daily backup wordpress​,n/a,n/a,0,0,,n/a,n/a,n/a,0.00,0.00,n/a,n/a,"For metrics, refresh"
best plugin for designing wordpress,best plugin for designing wordpress​,n/a,n/a,0,0,,n/a,n/a,n/a,0.00,0.00,n/a,n/a,"For metrics, refresh"
best plugin for editing portfolio wordpress,best plugin for editing portfolio wordpress​,n/a,n/a,0,0,,n/a,n/a,n/a,0.00,0.00,n/a,n/a,"For metrics, refresh"
best plugin for email follow button on wordpress,best plugin for email follow button on wordpress​,n/a,n/a,0,0,,n/a,n/a,n/a,0.00,0.00,n/a,n/a,"For metrics, refresh"
best plugin for email follow button on wordpress in hindi,best plugin for email follow button on wordpress in hindi​,n/a,n/a,0,0,,n/a,n/a,n/a,0.00,0.00,n/a,n/a,"For metrics, refresh"
best plugin for email subscription wordpress free,best plugin for email subscription wordpress free​,n/a,n/a,0,0,,n/a,n/a,n/a,0.00,0.00,n/a,n/a,"For metrics, refresh"
best plugin for entertainment website on wordpress,best plugin for entertainment website on wordpress​,n/a,n/a,0,0,,n/a,n/a,n/a,0.00,0.00,n/a,n/a,"For metrics, refresh"
best plugin for every wordpress blog,best plugin for every wordpress blog​,n/a,n/a,0,0,,n/a,n/a,n/a,0.00,0.00,n/a,n/a,"For metrics, refresh"
best plugin for facebook comments on wordpress,best plugin for facebook comments on wordpress​,n/a,n/a,0,0,,n/a,n/a,n/a,0.00,0.00,n/a,n/a,"For metrics, refresh"
best plugin for facebook integration from wordpress,best plugin for facebook integration from wordpress​,n/a,n/a,0,0,,n/a,n/a,n/a,0.00,0.00,n/a,n/a,"For metrics, refresh"
best plugin for floating contact form in wordpress,best plugin for floating contact form in wordpress​,n/a,n/a,0,0,,n/a,n/a,n/a,0.00,0.00,n/a,n/a,"For metrics, refresh"
best plugin for fonts in wordpress,best plugin for fonts in wordpress​,n/a,n/a,0,0,,n/a,n/a,n/a,0.00,0.00,n/a,n/a,"For metrics, refresh"
best plugin for free backup wordpress,best plugin for free backup wordpress​,n/a,n/a,0,0,,n/a,n/a,n/a,0.00,0.00,n/a,n/a,"For metrics, refresh"
best plugin for gallery in wordpress,best plugin for gallery in wordpress​,n/a,n/a,0,0,,n/a,n/a,n/a,0.00,0.00,n/a,n/a,"For metrics, refresh"
best plugin for googleadsense wordpress,best plugin for googleadsense wordpress​,n/a,n/a,0,0,,n/a,n/a,n/a,0.00,0.00,n/a,n/a,"For metrics, refresh"
best plugin for htpassword for wordpress,best plugin for htpassword for wordpress​,n/a,n/a,0,0,,n/a,n/a,n/a,0.00,0.00,n/a,n/a,"For metrics, refresh"
best plugin for images compress in wordpress,best plugin for images compress in wordpress​,n/a,n/a,0,0,,n/a,n/a,n/a,0.00,0.00,n/a,n/a,"For metrics, refresh"
best plugin for import csv file into wordpress,best plugin for import csv file into wordpress​,n/a,n/a,0,0,,n/a,n/a,n/a,0.00,0.00,n/a,n/a,"For metrics, refresh"
best plugin for importing wordpress backup file,best plugin for importing wordpress backup file​,n/a,n/a,0,0,,n/a,n/a,n/a,0.00,0.00,n/a,n/a,"For metrics, refresh"
best plugin for increase load time wordpress website,best plugin for increase load time wordpress website​,n/a,n/a,0,0,,n/a,n/a,n/a,0.00,0.00,n/a,n/a,"For metrics, refresh"
best plugin for interior design wordpress themes,best plugin for interior design wordpress themes​,n/a,n/a,0,0,,n/a,n/a,n/a,0.00,0.00,n/a,n/a,"For metrics, refresh"
best plugin for job alerts wordpress,best plugin for job alerts wordpress​,n/a,n/a,0,0,,n/a,n/a,n/a,0.00,0.00,n/a,n/a,"For metrics, refresh"
best plugin for landingpages in wordpress,best plugin for landingpages in wordpress​,n/a,n/a,0,0,,n/a,n/a,n/a,0.00,0.00,n/a,n/a,"For metrics, refresh"
best plugin for last update page plugin for wordpress site,best plugin for last update page plugin for wordpress site​,n/a,n/a,0,0,,n/a,n/a,n/a,0.00,0.00,n/a,n/a,"For metrics, refresh"
best plugin for lazyloading images in wordpress,best plugin for lazyloading images in wordpress​,n/a,n/a,0,0,,n/a,n/a,n/a,0.00,0.00,n/a,n/a,"For metrics, refresh"
best plugin for manage adsense wordpress,best plugin for manage adsense wordpress​,n/a,n/a,0,0,,n/a,n/a,n/a,0.00,0.00,n/a,n/a,"For metrics, refresh"
best plugin for medical in wordpress,best plugin for medical in wordpress​,n/a,n/a,0,0,,n/a,n/a,n/a,0.00,0.00,n/a,n/a,"For metrics, refresh"
best plugin for multilanguage wordpress,best plugin for multilanguage wordpress​,n/a,n/a,0,0,,n/a,n/a,n/a,0.00,0.00,n/a,n/a,"For metrics, refresh"
best plugin for news in wordpress,best plugin for news in wordpress​,n/a,n/a,0,0,,n/a,n/a,n/a,0.00,0.00,n/a,n/a,"For metrics, refresh"
best plugin for news websites wordpress,best plugin for news websites wordpress​,n/a,n/a,0,0,,n/a,n/a,n/a,0.00,0.00,n/a,n/a,"For metrics, refresh"
best plugin for optimize image size in wordpress,best plugin for optimize image size in wordpress​,n/a,n/a,0,0,,n/a,n/a,n/a,0.00,0.00,n/a,n/a,"For metrics, refresh"
best plugin for optimize image size in wordpress free,best plugin for optimize image size in wordpress free​,n/a,n/a,0,0,,n/a,n/a,n/a,0.00,0.00,n/a,n/a,"For metrics, refresh"
best plugin for optimize image size in wordpress free easily,best plugin for optimize image size in wordpress free easily​,n/a,n/a,0,0,,n/a,n/a,n/a,0.00,0.00,n/a,n/a,"For metrics, refresh"
best plugin for optimize wordpress theme,best plugin for optimize wordpress theme​,n/a,n/a,0,0,,n/a,n/a,n/a,0.00,0.00,n/a,n/a,"For metrics, refresh"
best plugin for photo gallery in wordpress,best plugin for photo gallery in wordpress​,n/a,n/a,0,0,,n/a,n/a,n/a,0.00,0.14,n/a,n/a,"For metrics, refresh"
best plugin for pin code checker in wordpress,best plugin for pin code checker in wordpress​,n/a,n/a,0,0,,n/a,n/a,n/a,0.00,0.00,n/a,n/a,"For metrics, refresh"
best plugin for post share in wordpress,best plugin for post share in wordpress​,n/a,n/a,0,0,,n/a,n/a,n/a,0.00,0.00,n/a,n/a,"For metrics, refresh"
best plugin for pricing table in wordpress,best plugin for pricing table in wordpress​,n/a,n/a,0,0,,n/a,n/a,n/a,0.00,0.00,n/a,n/a,"For metrics, refresh"
best plugin for putting game in wordpress,best plugin for putting game in wordpress​,n/a,n/a,0,0,,n/a,n/a,n/a,0.00,0.00,n/a,n/a,"For metrics, refresh"
best plugin for quiz in wordpress,best plugin for quiz in wordpress​,n/a,n/a,0,0,,n/a,n/a,n/a,0.00,0.00,n/a,n/a,"For metrics, refresh"
best plugin for quiz on wordpress free,best plugin for quiz on wordpress free​,n/a,n/a,0,0,,n/a,n/a,n/a,0.00,0.00,n/a,n/a,"For metrics, refresh"
best plugin for security in wordpress,best plugin for security in wordpress​,n/a,n/a,0,0,,n/a,n/a,n/a,0.00,0.00,n/a,n/a,"For metrics, refresh"
best plugin for server migraiton in wordpress,best plugin for server migraiton in wordpress​,n/a,n/a,0,0,,n/a,n/a,n/a,0.00,0.00,n/a,n/a,"For metrics, refresh"
best plugin for sharing wordpress,best plugin for sharing wordpress​,n/a,n/a,0,0,,n/a,n/a,n/a,0.00,0.00,n/a,n/a,"For metrics, refresh"
best plugin for sitemap wordpress,best plugin for sitemap wordpress​,n/a,n/a,0,0,,n/a,n/a,n/a,0.00,0.00,n/a,n/a,"For metrics, refresh"
best plugin for social media integrate plugin in wordpress,best plugin for social media integrate plugin in wordpress​,n/a,n/a,0,0,,n/a,n/a,n/a,0.00,0.00,n/a,n/a,"For metrics, refresh"
best plugin for social media manager in wordpress,best plugin for social media manager in wordpress​,n/a,n/a,0,0,,n/a,n/a,n/a,0.00,0.00,n/a,n/a,"For metrics, refresh"
best plugin for social share for posts on wordpress,best plugin for social share for posts on wordpress​,n/a,n/a,0,0,,n/a,n/a,n/a,0.00,0.00,n/a,n/a,"For metrics, refresh"
best plugin for spam on wordpress,best plugin for spam on wordpress​,n/a,n/a,0,0,,n/a,n/a,n/a,0.00,0.00,n/a,n/a,"For metrics, refresh"
best plugin for stick click to call button in wordpress,best plugin for stick click to call button in wordpress​,n/a,n/a,0,0,,n/a,n/a,n/a,0.00,0.00,n/a,n/a,"For metrics, refresh"
best plugin for transparent header in wordpress,best plugin for transparent header in wordpress​,n/a,n/a,0,0,,n/a,n/a,n/a,0.00,0.00,n/a,n/a,"For metrics, refresh"
best plugin for twenty seventeen wordpress,best plugin for twenty seventeen wordpress​,n/a,n/a,0,0,,n/a,n/a,n/a,0.00,0.00,n/a,n/a,"For metrics, refresh"
best plugin for twitter feed in wordpress,best plugin for twitter feed in wordpress​,n/a,n/a,0,0,,n/a,n/a,n/a,0.00,0.00,n/a,n/a,"For metrics, refresh"
best plugin for voting and share wordpress,best plugin for voting and share wordpress​,n/a,n/a,0,0,,n/a,n/a,n/a,0.00,0.00,n/a,n/a,"For metrics, refresh"
best plugin for website optimization wordpress,best plugin for website optimization wordpress​,n/a,n/a,0,0,,n/a,n/a,n/a,0.00,0.00,n/a,n/a,"For metrics, refresh"
best plugin for woocommerce for wordpress,best plugin for woocommerce for wordpress​,n/a,n/a,0,0,,n/a,n/a,n/a,0.00,0.00,n/a,n/a,"For metrics, refresh"
best plugin for wordpress 2014,best plugin for wordpress 2014​,n/a,n/a,0,0,,n/a,n/a,n/a,0.00,0.00,n/a,n/a,"For metrics, refresh"
best plugin for wordpress blog shoutmeloud,best plugin for wordpress blog shoutmeloud​,n/a,n/a,0,0,,n/a,n/a,n/a,0.00,0.00,n/a,n/a,"For metrics, refresh"
best plugin for wordpress contact,best plugin for wordpress contact​,n/a,n/a,0,0,,n/a,n/a,n/a,0.00,0.00,n/a,n/a,"For metrics, refresh"
best plugin for wordpress customer service,best plugin for wordpress customer service​,n/a,n/a,0,0,,n/a,n/a,n/a,0.00,0.00,n/a,n/a,"For metrics, refresh"
best plugin for wordpress databse storing,best plugin for wordpress databse storing​,n/a,n/a,0,0,,n/a,n/a,n/a,0.00,0.00,n/a,n/a,"For metrics, refresh"
best plugin for wordpress development,best plugin for wordpress development​,n/a,n/a,0,0,,n/a,n/a,n/a,0.00,0.00,n/a,n/a,"For metrics, refresh"
best plugin for wordpress for banner,best plugin for wordpress for banner​,n/a,n/a,0,0,,n/a,n/a,n/a,0.00,0.00,n/a,n/a,"For metrics, refresh"
best plugin for wordpress for forms,best plugin for wordpress for forms​,n/a,n/a,0,0,,n/a,n/a,n/a,0.00,0.00,n/a,n/a,"For metrics, refresh"
best plugin for wordpress for online exam,best plugin for wordpress for online exam​,n/a,n/a,0,0,,n/a,n/a,n/a,0.00,0.00,n/a,n/a,"For metrics, refresh"
best plugin for wordpress for social sharing,best plugin for wordpress for social sharing​,n/a,n/a,0,0,,n/a,n/a,n/a,0.00,0.00,n/a,n/a,"For metrics, refresh"
best plugin for wordpress images compress & optimised,best plugin for wordpress images compress & optimised​,n/a,n/a,0,0,,n/a,n/a,n/a,0.00,0.00,n/a,n/a,"For metrics, refresh"
best plugin for wordpress js css minify,best plugin for wordpress js css minify​,n/a,n/a,0,0,,n/a,n/a,n/a,0.00,0.00,n/a,n/a,"For metrics, refresh"
best plugin for wordpress mobile,best plugin for wordpress mobile​,n/a,n/a,0,0,,n/a,n/a,n/a,0.00,0.00,n/a,n/a,"For metrics, refresh"
best plugin for wordpress online aplication,best plugin for wordpress online aplication​,n/a,n/a,0,0,,n/a,n/a,n/a,0.00,0.00,n/a,n/a,"For metrics, refresh"
best plugin for wordpress online aplication and monitor,best plugin for wordpress online aplication and monitor​,n/a,n/a,0,0,,n/a,n/a,n/a,0.00,0.00,n/a,n/a,"For metrics, refresh"
best plugin for wordpress shortlinks,best plugin for wordpress shortlinks​,n/a,n/a,0,0,,n/a,n/a,n/a,0.00,0.00,n/a,n/a,"For metrics, refresh"
best plugin for wordpress shoutmeloud,best plugin for wordpress shoutmeloud​,n/a,n/a,0,0,,n/a,n/a,n/a,0.00,0.00,n/a,n/a,"For metrics, refresh"
best plugin for wordpress site backup,best plugin for wordpress site backup​,n/a,n/a,0,0,,n/a,n/a,n/a,0.00,0.00,n/a,n/a,"For metrics, refresh"
best plugin for wordpress site translate,best plugin for wordpress site translate​,n/a,n/a,0,0,,n/a,n/a,n/a,0.00,0.00,n/a,n/a,"For metrics, refresh"
best plugin for wordpress site translate with seo,best plugin for wordpress site translate with seo​,n/a,n/a,0,0,,n/a,n/a,n/a,0.00,0.00,n/a,n/a,"For metrics, refresh"
best plugin for wordpress social media,best plugin for wordpress social media​,n/a,n/a,0,0,,n/a,n/a,n/a,0.00,0.00,n/a,n/a,"For metrics, refresh"
best plugin for wordpress to create forms,best plugin for wordpress to create forms​,n/a,n/a,0,0,,n/a,n/a,n/a,0.00,0.00,n/a,n/a,"For metrics, refresh"
best plugin for wordpress to create forms free,best plugin for wordpress to create forms free​,n/a,n/a,0,0,,n/a,n/a,n/a,0.00,0.00,n/a,n/a,"For metrics, refresh"
best plugin for wordpress to create sitemap,best plugin for wordpress to create sitemap​,n/a,n/a,0,0,,n/a,n/a,n/a,0.00,0.00,n/a,n/a,"For metrics, refresh"
best plugin for wordpress to edit page,best plugin for wordpress to edit page​,n/a,n/a,0,0,,n/a,n/a,n/a,0.00,0.00,n/a,n/a,"For metrics, refresh"
best plugin for wordpress website for careerjet auto post,best plugin for wordpress website for careerjet auto post​,n/a,n/a,0,0,,n/a,n/a,n/a,0.00,0.00,n/a,n/a,"For metrics, refresh"
best plugin for wordpress website speed,best plugin for wordpress website speed​,n/a,n/a,0,0,,n/a,n/a,n/a,0.00,0.00,n/a,n/a,"For metrics, refresh"
best plugin for wordpress website speed optimization,best plugin for wordpress website speed optimization​,n/a,n/a,0,0,,n/a,n/a,n/a,0.00,0.00,n/a,n/a,"For metrics, refresh"
best plugin for wordpress website to secure ddos attack,best plugin for wordpress website to secure ddos attack​,n/a,n/a,0,0,,n/a,n/a,n/a,0.00,0.00,n/a,n/a,"For metrics, refresh"
best plugin for youtube videos wordpress,best plugin for youtube videos wordpress​,n/a,n/a,0,0,,n/a,n/a,n/a,0.00,0.00,n/a,n/a,"For metrics, refresh"
best plugin in wordpress for calender with event,best plugin in wordpress for calender with event​,n/a,n/a,0,0,,n/a,n/a,n/a,0.00,0.00,n/a,n/a,"For metrics, refresh"
best plugin in wordpress for shopping website,best plugin in wordpress for shopping website​,n/a,n/a,0,0,,n/a,n/a,n/a,0.00,0.00,n/a,n/a,"For metrics, refresh"
best plugin of poste reviews for wordpress,best plugin of poste reviews for wordpress​,n/a,n/a,0,0,,n/a,n/a,n/a,0.00,0.00,n/a,n/a,"For metrics, refresh"
best plugin of poste reviews for wordpress free,best plugin of poste reviews for wordpress free​,n/a,n/a,0,0,,n/a,n/a,n/a,0.00,0.00,n/a,n/a,"For metrics, refresh"
best plugin of wordpress for softwear site,best plugin of wordpress for softwear site​,n/a,n/a,0,0,,n/a,n/a,n/a,0.00,0.00,n/a,n/a,"For metrics, refresh"
best plugin on wordpress for add to homescreen on iphone,best plugin on wordpress for add to homescreen on iphone​,n/a,n/a,0,0,,n/a,n/a,n/a,0.00,0.00,n/a,n/a,"For metrics, refresh"
best plugin to change login url for wordpress,best plugin to change login url for wordpress​,n/a,n/a,0,0,,n/a,n/a,n/a,0.00,0.00,n/a,n/a,"For metrics, refresh"
best plugin to earn money for wordpress,best plugin to earn money for wordpress​,n/a,n/a,0,0,,n/a,n/a,n/a,0.00,0.00,n/a,n/a,"For metrics, refresh"
best plugin to editor html for wordpress,best plugin to editor html for wordpress​,n/a,n/a,0,0,,n/a,n/a,n/a,0.00,0.00,n/a,n/a,"For metrics, refresh"
best plugin wordpress for seo,best plugin wordpress for seo​,n/a,n/a,0,0,,n/a,n/a,n/a,0.00,0.00,n/a,n/a,"For metrics, refresh"
best plugins and its use for wordpress,best plugins and its use for wordpress​,n/a,n/a,0,0,,n/a,n/a,n/a,0.00,0.00,n/a,n/a,"For metrics, refresh"
best plugins and use for wordpress,best plugins and use for wordpress​,n/a,n/a,0,0,,n/a,n/a,n/a,0.00,0.00,n/a,n/a,"For metrics, refresh"
best plugins avaialble for free in wordpress,best plugins avaialble for free in wordpress​,n/a,n/a,0,0,,n/a,n/a,n/a,0.00,0.00,n/a,n/a,"For metrics, refresh"
best plugins for ads wordpress,best plugins for ads wordpress​,n/a,n/a,0,0,,n/a,n/a,n/a,0.00,0.00,n/a,n/a,"For metrics, refresh"
best plugins for b2b website wordpress,best plugins for b2b website wordpress​,n/a,n/a,0,0,,n/a,n/a,n/a,0.00,0.00,n/a,n/a,"For metrics, refresh"
best plugins for blog posts in wordpress,best plugins for blog posts in wordpress​,n/a,n/a,0,0,,n/a,n/a,n/a,0.00,0.00,n/a,n/a,"For metrics, refresh"
best plugins for blog writing wordpress,best plugins for blog writing wordpress​,n/a,n/a,0,0,,n/a,n/a,n/a,0.00,0.00,n/a,n/a,"For metrics, refresh"
best plugins for blogs in wordpress,best plugins for blogs in wordpress​,n/a,n/a,0,0,,n/a,n/a,n/a,0.00,0.00,n/a,n/a,"For metrics, refresh"
best plugins for book tables in wordpress,best plugins for book tables in wordpress​,n/a,n/a,0,0,,n/a,n/a,n/a,0.00,0.00,n/a,n/a,"For metrics, refresh"
best plugins for bookings on wordpress,best plugins for bookings on wordpress​,n/a,n/a,0,0,,n/a,n/a,n/a,0.00,0.00,n/a,n/a,"For metrics, refresh"
best plugins for business wordpress,best plugins for business wordpress​,n/a,n/a,0,0,,n/a,n/a,n/a,0.00,0.00,n/a,n/a,"For metrics, refresh"
best plugins for change fonts in wordpress,best plugins for change fonts in wordpress​,n/a,n/a,0,0,,n/a,n/a,n/a,0.00,0.00,n/a,n/a,"For metrics, refresh"
best plugins for chatting with visitor wordpress,best plugins for chatting with visitor wordpress​,n/a,n/a,0,0,,n/a,n/a,n/a,0.00,0.00,n/a,n/a,"For metrics, refresh"
best plugins for colormag wordpress theme,best plugins for colormag wordpress theme​,n/a,n/a,0,0,,n/a,n/a,n/a,0.00,0.00,n/a,n/a,"For metrics, refresh"
best plugins for design wordpress,best plugins for design wordpress​,n/a,n/a,0,0,,n/a,n/a,n/a,0.00,0.00,n/a,n/a,"For metrics, refresh"