Select all keywords,Keyword,Intent,Relevance,Related %,Volume,Trend,Pot. Traffic,PKD %,KD %,CPC (USD),Com.,SERP Features,Results,Updated
cheap web hosting,cheap web hosting​,C,n/a,0,"6,600",,n/a,n/a,66,12.82,0.52,,117,1 month
cheap web hosting server,cheap web hosting server​,I,n/a,0,"4,400",,n/a,n/a,66,12.82,0.52,,177,4 weeks
web host for cheap,web host for cheap​,C,n/a,0,"2,400",,n/a,n/a,63,12.82,0.52,,124,4 weeks
cheap web page hosting,cheap web page hosting​,C,n/a,0,"1,900",,n/a,n/a,67,12.82,0.52,+3,117,4 weeks
cheap web hosting sites,cheap web hosting sites​,C,n/a,0,"1,600",,n/a,n/a,67,12.82,0.52,,113M,1 month
top cheap web hosting catswhocode,top cheap web hosting catswhocode​,IC,n/a,0,"1,600",,n/a,n/a,51,11.40,0.34,,140,1 month
best cheap web hosting,best cheap web hosting​,C,n/a,0,"1,000",,n/a,n/a,68,11.40,0.34,,144,1 month
cheap wordpress web hosting,cheap wordpress web hosting​,I,n/a,0,880,,n/a,n/a,68,13.09,0.40,,90,1 month
web hosting cheap,web hosting cheap​,C,n/a,0,880,,n/a,n/a,68,12.82,0.52,+3,59.2M,1 month
cheap web hosting services,cheap web hosting services​,C,n/a,0,720,,n/a,n/a,59,11.43,0.50,,279M,1 month
cheap web hosting wordpress,cheap web hosting wordpress​,IC,n/a,0,590,,n/a,n/a,68,13.09,0.40,,83.3M,1 month
best cheap web hosting services catswhocode,best cheap web hosting services catswhocode​,C,n/a,0,480,,n/a,n/a,38,11.40,0.34,,118,4 weeks
top cheap web hosting,top cheap web hosting​,C,n/a,0,480,,n/a,n/a,68,11.40,0.34,,357M,1 month
cheap web host,cheap web host​,C,n/a,0,390,,n/a,n/a,67,12.82,0.52,+2,115,3 weeks
cheap web hosting catswhocode,cheap web hosting catswhocode​,IT,n/a,0,390,,n/a,n/a,28,11.05,0.79,,827,1 month
cheap web host catswhocode,cheap web host catswhocode​,NC,n/a,0,320,,n/a,n/a,26,12.82,0.52,,91,4 weeks
cheap web hosting and domain,cheap web hosting and domain​,C,n/a,0,320,,n/a,n/a,73,15.27,0.28,,161M,1 month
best cheap web hosting catswhocode,best cheap web hosting catswhocode​,C,n/a,0,260,,n/a,n/a,22,11.40,0.34,,570,1 month
cheap web hosting plans,cheap web hosting plans​,C,n/a,0,260,,n/a,n/a,83,13.87,0.15,,215M,1 month
cheap web hosting services catswhocode,cheap web hosting services catswhocode​,IT,n/a,0,260,,n/a,n/a,28,0.00,0.01,,630,1 month
cheap web site hosting,cheap web site hosting​,C,n/a,0,260,,n/a,n/a,67,12.82,0.52,,114,1 month
best and cheap web hosting,best and cheap web hosting​,C,n/a,0,210,,n/a,n/a,75,11.40,0.34,+2,566M,1 month
best cheap web hosts catswhocode,best cheap web hosts catswhocode​,C,n/a,0,210,,n/a,n/a,23,11.40,0.34,,740,1 month
cheap cloud web hosting,cheap cloud web hosting​,IC,n/a,0,210,,n/a,n/a,59,6.48,0.49,,117,4 weeks
cheap hosting web,cheap hosting web​,C,n/a,0,210,,n/a,n/a,60,12.82,0.52,,120,1 month
cheap reseller web hosting,cheap reseller web hosting​,IC,n/a,0,210,,n/a,n/a,59,12.35,0.06,,34.3M,1 month
cheap shared web hosting,cheap shared web hosting​,C,n/a,0,210,,n/a,n/a,69,7.98,0.03,,128,1 month
cheap web hosting sites catswhocode,cheap web hosting sites catswhocode​,IT,n/a,0,210,,n/a,n/a,18,11.05,0.79,,692,1 month
cheap web hosting with domain,cheap web hosting with domain​,C,n/a,0,210,,n/a,n/a,68,15.27,0.28,+2,179M,1 month
hostinger cheap web hosting,hostinger cheap web hosting​,n/a,n/a,0,210,,n/a,n/a,n/a,0.00,0.33,n/a,n/a,"For metrics, refresh"
best cheap web hosting for wordpress catswhocode,best cheap web hosting for wordpress catswhocode​,C,n/a,0,170,,n/a,n/a,36,11.40,0.34,,562,1 month
cheap web hosting and domain name,cheap web hosting and domain name​,IC,n/a,0,170,,n/a,n/a,68,15.27,0.28,+2,154M,1 month
cheap web hosting uk,cheap web hosting uk​,IT,n/a,0,170,,n/a,n/a,60,3.50,0.09,,338M,1 month
cheap web hosting with cpanel,cheap web hosting with cpanel​,I,n/a,0,170,,n/a,n/a,56,9.93,0.37,,154,1 month
cheap web hosts,cheap web hosts​,C,n/a,0,170,,n/a,n/a,69,12.82,0.52,,293M,1 month
web hosting cheap price,web hosting cheap price​,C,n/a,0,170,,n/a,n/a,65,12.66,0.58,,117,4 weeks
web hosting for cheap,web hosting for cheap​,IC,n/a,0,170,,n/a,n/a,61,12.82,0.52,,119,1 month
web hosting services cheap,web hosting services cheap​,C,n/a,0,170,,n/a,n/a,66,11.43,0.50,,133,1 month
best cheap web hosting for wordpress,best cheap web hosting for wordpress​,C,n/a,0,140,,n/a,n/a,64,15.31,0.40,,14.8M,1 month
best cheap web hosting services,best cheap web hosting services​,C,n/a,0,140,,n/a,n/a,66,11.40,0.34,+2,134,1 month
cheap uk web hosting,cheap uk web hosting​,IT,n/a,0,140,,n/a,n/a,52,3.50,0.09,,328M,1 month
cheap vps web hosting,cheap vps web hosting​,IC,n/a,0,140,,n/a,n/a,68,7.86,0.25,,39.9M,1 month
cheap web hosting and domain registration,cheap web hosting and domain registration​,C,n/a,0,140,,n/a,n/a,64,12.92,0.54,,159,1 month
cheap web hosting for small business,cheap web hosting for small business​,C,n/a,0,140,,n/a,n/a,64,10.67,0.78,,400M,1 month
cheap web hosting service,cheap web hosting service​,C,n/a,0,140,,n/a,n/a,68,11.43,0.50,+2,115,4 weeks
reseller web hosting cheap,reseller web hosting cheap​,IC,n/a,0,140,,n/a,n/a,59,12.35,0.06,,22.6M,1 month
best and cheap web hosting catswhocode,best and cheap web hosting catswhocode​,I,n/a,0,110,,n/a,n/a,20,11.40,0.34,,111,1 month
best and cheap web hosting services,best and cheap web hosting services​,C,n/a,0,110,,n/a,n/a,93,11.40,0.34,+3,1.6B,1 month
cheap dedicated web hosting,cheap dedicated web hosting​,IC,n/a,0,110,,n/a,n/a,62,0.00,0.07,,340M,1 month
cheap domain registration with web hosting,cheap domain registration with web hosting​,IC,n/a,0,110,,n/a,n/a,61,12.92,0.54,+2,626M,1 month
cheap web hosting domain registration,cheap web hosting domain registration​,IC,n/a,0,110,,n/a,n/a,77,12.92,0.54,,131,1 month
cheap web hosting godaddy,cheap web hosting godaddy​,IT,n/a,0,110,,n/a,n/a,76,6.65,0.54,+2,3.8M,1 month
cheap web hosting in nigeria,cheap web hosting in nigeria​,C,n/a,0,110,,n/a,n/a,57,0.00,0.03,,31.2M,1 month
cheap web hosting india,cheap web hosting india​,C,n/a,0,110,,n/a,n/a,50,4.65,0.31,,112,1 month
cheap web hosting reddit,cheap web hosting reddit​,TN,n/a,0,110,,n/a,n/a,27,8.49,0.46,,43.8M,1 month
web hosting cpanel cheap,web hosting cpanel cheap​,I,n/a,0,110,,n/a,n/a,43,9.93,0.37,,173,1 month
web hosting reseller cheap,web hosting reseller cheap​,IC,n/a,0,110,,n/a,n/a,61,12.35,0.06,,129,1 month
best cheap web hosting service catswhocode,best cheap web hosting service catswhocode​,C,n/a,0,90,,n/a,n/a,21,11.40,0.34,,584,1 month
best cheap web hosting sites,best cheap web hosting sites​,C,n/a,0,90,,n/a,n/a,61,11.40,0.34,+2,350M,1 month
best cheap web hosts,best cheap web hosts​,C,n/a,0,90,,n/a,n/a,75,13.66,0.28,,345M,1 month
cheap best web hosting,cheap best web hosting​,C,n/a,0,90,,n/a,n/a,65,11.40,0.34,,512M,1 month
cheap cpanel web hosting,cheap cpanel web hosting​,I,n/a,0,90,,n/a,n/a,42,7.33,0.09,,10.6M,1 month
cheap domains and web hosting,cheap domains and web hosting​,C,n/a,0,90,,n/a,n/a,58,15.27,0.28,+2,67.3M,1 month
cheap good web hosting,cheap good web hosting​,C,n/a,0,90,,n/a,n/a,64,11.40,0.34,+2,154M,1 month
cheap host web,cheap host web​,C,n/a,0,90,,n/a,n/a,68,12.82,0.52,,416M,1 month
cheap reliable web hosting,cheap reliable web hosting​,C,n/a,0,90,,n/a,n/a,64,9.68,0.15,,295M,1 month
cheap unlimited web hosting,cheap unlimited web hosting​,C,n/a,0,90,,n/a,n/a,59,4.21,0.05,,146,1 month
cheap web builder and hosting,cheap web builder and hosting​,C,n/a,0,90,,n/a,n/a,47,11.81,0.65,,142,1 month
cheap web domain hosting,cheap web domain hosting​,C,n/a,0,90,,n/a,n/a,68,12.73,0.57,,375M,1 month
cheap web hosting site builder,cheap web hosting site builder​,IC,n/a,0,90,,n/a,n/a,64,11.81,0.65,,443M,1 month
cheap web hosting with site builder,cheap web hosting with site builder​,C,n/a,0,90,,n/a,n/a,94,11.81,0.65,,447M,1 month
cheap webiste hosting,cheap webiste hosting​,IC,n/a,0,90,,n/a,n/a,81,12.82,0.52,+3,64.7M,1 month
cheap yearly web hosting,cheap yearly web hosting​,C,n/a,0,90,,n/a,n/a,71,11.26,0.19,,142M,1 month
cheaper web hosting,cheaper web hosting​,C,n/a,0,90,,n/a,n/a,62,12.82,0.52,+2,51.8M,1 month
cheap affordable web hosting,cheap affordable web hosting​,C,n/a,0,70,,n/a,n/a,60,12.82,0.52,,119,1 month
cheap and best web hosting,cheap and best web hosting​,C,n/a,0,70,,n/a,n/a,73,11.40,0.34,,566M,1 month
cheap and reliable web hosting,cheap and reliable web hosting​,C,n/a,0,70,,n/a,n/a,68,9.68,0.15,,379M,1 month
cheap monthly web hosting,cheap monthly web hosting​,C,n/a,0,70,,n/a,n/a,75,11.71,0.49,,141M,1 month
cheap offshore web hosting,cheap offshore web hosting​,I,n/a,0,70,,n/a,n/a,44,5.25,0.06,,31M,1 month
cheap seo web hosting,cheap seo web hosting​,C,n/a,0,70,,n/a,n/a,54,0.00,0.03,,130,1 month
cheap web design and hosting,cheap web design and hosting​,IC,n/a,0,70,,n/a,n/a,50,9.56,0.32,,176,1 month
cheap web hosting and website builder,cheap web hosting and website builder​,C,n/a,0,70,,n/a,n/a,44,11.81,0.65,,489M,1 month
cheap web hosting australia,cheap web hosting australia​,C,n/a,0,70,,n/a,n/a,48,0.00,0.26,+2,201M,1 month
cheap web hosting dedicated server,cheap web hosting dedicated server​,C,n/a,0,70,,n/a,n/a,65,0.00,0.07,,49.6M,1 month
cheap web hosting in nepal,cheap web hosting in nepal​,I,n/a,0,70,,n/a,n/a,52,0.00,0.00,+2,26.3M,1 month
cheap web hosting linux,cheap web hosting linux​,C,n/a,0,70,,n/a,n/a,53,10.18,0.27,+2,105M,1 month
cheap web hosting malaysia,cheap web hosting malaysia​,C,n/a,0,70,,n/a,n/a,25,0.00,0.33,,119M,1 month
cheap web hosting provider,cheap web hosting provider​,C,n/a,0,70,,n/a,n/a,63,12.42,0.14,,1.7B,1 month
cheap web hosting reseller,cheap web hosting reseller​,C,n/a,0,70,,n/a,n/a,67,12.35,0.06,+2,777K,1 month
cheap web hosting reviews,cheap web hosting reviews​,C,n/a,0,70,,n/a,n/a,63,0.00,0.03,,317M,1 month
cheap web hosting vps,cheap web hosting vps​,IC,n/a,0,70,,n/a,n/a,75,7.86,0.25,,41.6M,1 month
cheap web hosting websites,cheap web hosting websites​,C,n/a,0,70,,n/a,n/a,65,12.66,0.58,,124,1 month
hosting web cheap,hosting web cheap​,C,n/a,0,70,,n/a,n/a,75,12.82,0.52,,124,1 month
web host cheap,web host cheap​,C,n/a,0,70,,n/a,n/a,69,12.82,0.52,,223M,1 month
web hosting cheap web hosting,web hosting cheap web hosting​,C,n/a,0,70,,n/a,n/a,68,12.82,0.52,,139,1 month
best cheap web hosting deals teampkseller com,best cheap web hosting deals teampkseller com​,C,n/a,0,50,,n/a,n/a,43,0.00,0.00,,3.5M,1 month
best web hosting cheap,best web hosting cheap​,C,n/a,0,50,,n/a,n/a,63,11.40,0.34,+4,526M,1 month
cheap australian web hosting,cheap australian web hosting​,C,n/a,0,50,,n/a,n/a,54,0.00,0.26,,107,1 month
cheap dedicated server for web hosting,cheap dedicated server for web hosting​,I,n/a,0,50,,n/a,n/a,50,0.00,0.00,,146,4 weeks
cheap domain web hosting,cheap domain web hosting​,C,n/a,0,50,,n/a,n/a,64,15.27,0.28,+2,128,4 weeks
cheap linux web hosting,cheap linux web hosting​,C,n/a,0,50,,n/a,n/a,48,10.18,0.27,+2,86.6M,1 month
cheap python web hosting,cheap python web hosting​,C,n/a,0,50,,n/a,n/a,40,4.04,0.21,,73M,1 month
cheap web hosting and domain catswhocode,cheap web hosting and domain catswhocode​,IT,n/a,0,50,,n/a,n/a,41,11.05,0.79,,70,1 month
cheap web hosting domain,cheap web hosting domain​,C,n/a,0,50,,n/a,n/a,83,15.27,0.28,,167M,1 month
cheap web hosting europe,cheap web hosting europe​,I,n/a,0,50,,n/a,n/a,36,0.00,0.00,,200M,1 month
cheap web hosting in pakistan,cheap web hosting in pakistan​,I,n/a,0,50,,n/a,n/a,54,3.98,0.67,,50.2M,1 month
cheap web hosting in uk,cheap web hosting in uk​,IT,n/a,0,50,,n/a,n/a,54,3.50,0.09,,333M,1 month
cheap web hosting reviews catswhocode,cheap web hosting reviews catswhocode​,n/a,n/a,0,50,,n/a,n/a,n/a,0.00,0.33,n/a,n/a,"For metrics, refresh"
cheap web hosting solutions,cheap web hosting solutions​,C,n/a,0,50,,n/a,n/a,60,10.60,0.26,,238M,1 month
cheap web hosting south africa,cheap web hosting south africa​,C,n/a,0,50,,n/a,n/a,47,0.00,0.00,,174M,1 month
cheap web hosting with free domain,cheap web hosting with free domain​,IC,n/a,0,50,,n/a,n/a,79,10.14,0.49,+2,34.5M,1 month
cheap windows web hosting,cheap windows web hosting​,IC,n/a,0,50,,n/a,n/a,54,4.81,0.32,+2,192M,1 month
cheap yearly web hosting catswhocode,cheap yearly web hosting catswhocode​,n/a,n/a,0,50,,n/a,n/a,n/a,0.00,0.33,n/a,n/a,"For metrics, refresh"
web hosting cheap catswhocode,web hosting cheap catswhocode​,n/a,n/a,0,50,,n/a,n/a,n/a,0.00,0.01,n/a,n/a,"For metrics, refresh"
best cheap web host,best cheap web host​,C,n/a,0,40,,n/a,n/a,66,13.66,0.28,+2,1.3B,1 month
best cheap web hosting and domain,best cheap web hosting and domain​,C,n/a,0,40,,n/a,n/a,n/a,0.00,0.50,+3,4.4M,1 month
cheap adult web hosting,cheap adult web hosting​,C,n/a,0,40,,n/a,n/a,46,5.73,0.10,,302M,1 month
cheap annual web hosting,cheap annual web hosting​,C,n/a,0,40,,n/a,n/a,65,11.26,0.19,,128,1 month
cheap month to month web hosting,cheap month to month web hosting​,C,n/a,0,40,,n/a,n/a,61,11.71,0.49,+2,989M,1 month
cheap web hosting by the month,cheap web hosting by the month​,IC,n/a,0,40,,n/a,n/a,51,11.71,0.49,,561M,1 month
cheap web hosting company in singapore,cheap web hosting company in singapore​,C,n/a,0,40,,n/a,n/a,30,0.00,0.33,,302M,1 month
cheap web hosting cpanel,cheap web hosting cpanel​,I,n/a,0,40,,n/a,n/a,69,9.93,0.37,,97,4 weeks
cheap web hosting in india,cheap web hosting in india​,C,n/a,0,40,,n/a,n/a,62,4.65,0.31,,147,1 month
cheap web hosting in south africa,cheap web hosting in south africa​,I,n/a,0,40,,n/a,n/a,47,0.00,0.00,,132,1 month
cheap web hosting month to month,cheap web hosting month to month​,C,n/a,0,40,,n/a,n/a,66,11.71,0.49,,499M,1 month
cheap web hosting nz,cheap web hosting nz​,n/a,n/a,0,40,,n/a,n/a,n/a,0.00,0.33,n/a,n/a,"For metrics, refresh"
cheap web hosting pakistan,cheap web hosting pakistan​,I,n/a,0,40,,n/a,n/a,59,3.98,0.67,+2,47.1M,1 month
cheap web hosting philippines,cheap web hosting philippines​,IC,n/a,0,40,,n/a,n/a,36,0.00,0.33,,65.2M,1 month
cheap web hosting providers,cheap web hosting providers​,C,n/a,0,40,,n/a,n/a,61,12.42,0.14,,507M,1 month
cheap web hosting review catswhocode,cheap web hosting review catswhocode​,C,n/a,0,40,,n/a,n/a,19,0.00,0.33,,276,1 month
cheap web hosting site,cheap web hosting site​,C,n/a,0,40,,n/a,n/a,59,12.66,0.58,+2,151M,1 month
cheap web hosting unlimited,cheap web hosting unlimited​,C,n/a,0,40,,n/a,n/a,56,4.21,0.05,,131,1 month
cheap web hosting with email,cheap web hosting with email​,IC,n/a,0,40,,n/a,n/a,77,11.43,0.56,+2,348M,1 month
cheap web server hosting,cheap web server hosting​,C,n/a,0,40,,n/a,n/a,64,12.32,0.50,,434M,1 month
dedicated web hosting cheap,dedicated web hosting cheap​,C,n/a,0,40,,n/a,n/a,60,11.99,0.17,,115,4 weeks
good cheap web hosting,good cheap web hosting​,I,n/a,0,40,,n/a,n/a,67,12.18,0.56,+2,118,4 weeks
unlimited cheap web hosting,unlimited cheap web hosting​,C,n/a,0,40,,n/a,n/a,55,4.21,0.05,,132,1 month
very cheap web hosting catswhocode,very cheap web hosting catswhocode​,TN,n/a,0,40,,n/a,n/a,15,11.40,0.34,,786,1 month
best cheap web hosting and domain catswhocode,best cheap web hosting and domain catswhocode​,I,n/a,0,30,,n/a,n/a,54,11.40,0.34,,532,1 month
can i host my own wordpress web site for cheap,can i host my own wordpress web site for cheap​,n/a,n/a,0,30,,n/a,n/a,n/a,0.00,0.00,n/a,n/a,"For metrics, refresh"
cheap dedicated server web hosting,cheap dedicated server web hosting​,n/a,n/a,0,30,,n/a,n/a,n/a,0.00,0.03,n/a,n/a,"For metrics, refresh"
cheap dedicated web server hosting,cheap dedicated web server hosting​,IC,n/a,0,30,,n/a,n/a,54,8.78,0.14,,111M,1 month
cheap domain and web hosting,cheap domain and web hosting​,IC,n/a,0,30,,n/a,n/a,68,15.27,0.28,,326M,1 month
cheap domain registration and web hosting,cheap domain registration and web hosting​,C,n/a,0,30,,n/a,n/a,49,12.92,0.54,+2,147,3 weeks
cheap dotnetnuke web hosting,cheap dotnetnuke web hosting​,n/a,n/a,0,30,,n/a,n/a,n/a,0.00,0.00,n/a,n/a,"For metrics, refresh"
cheap hosting web catswhocode,cheap hosting web catswhocode​,n/a,n/a,0,30,,n/a,n/a,n/a,12.57,0.40,n/a,n/a,"For metrics, refresh"
cheap joomla web hosting,cheap joomla web hosting​,n/a,n/a,0,30,,n/a,n/a,n/a,0.00,0.07,n/a,n/a,"For metrics, refresh"
cheap master reseller web hosting,cheap master reseller web hosting​,n/a,n/a,0,30,,n/a,n/a,n/a,0.00,0.33,n/a,n/a,"For metrics, refresh"
cheap reliable web hosting catswhocode,cheap reliable web hosting catswhocode​,n/a,n/a,0,30,,n/a,n/a,n/a,0.00,0.33,n/a,n/a,"For metrics, refresh"
cheap reseller web hosting plans,cheap reseller web hosting plans​,n/a,n/a,0,30,,n/a,n/a,n/a,0.00,0.33,n/a,n/a,"For metrics, refresh"
cheap small business web hosting,cheap small business web hosting​,IC,n/a,0,30,,n/a,n/a,52,10.67,0.78,,126,1 month
cheap ssd web hosting,cheap ssd web hosting​,n/a,n/a,0,30,,n/a,n/a,n/a,0.00,0.33,n/a,n/a,"For metrics, refresh"
cheap web and email hosting,cheap web and email hosting​,IC,n/a,0,30,,n/a,n/a,50,11.43,0.56,+2,341M,1 month
cheap web hosting and domains,cheap web hosting and domains​,C,n/a,0,30,,n/a,n/a,65,15.27,0.28,,127,1 month
cheap web hosting au,cheap web hosting au​,I,n/a,0,30,,n/a,n/a,50,12.82,0.52,,105,4 weeks
cheap web hosting company,cheap web hosting company​,C,n/a,0,30,,n/a,n/a,71,8.70,0.95,,1.8B,1 month
cheap web hosting corona ca,cheap web hosting corona ca​,n/a,n/a,0,30,,n/a,n/a,n/a,0.00,0.00,n/a,n/a,"For metrics, refresh"
cheap web hosting ecommerce,cheap web hosting ecommerce​,IC,n/a,0,30,,n/a,n/a,60,5.32,0.32,,178M,1 month
cheap web hosting for wordpress,cheap web hosting for wordpress​,n/a,n/a,0,30,,n/a,n/a,n/a,9.42,0.29,n/a,n/a,"For metrics, refresh"
cheap web hosting in bangladesh,cheap web hosting in bangladesh​,n/a,n/a,0,30,,n/a,n/a,n/a,0.00,0.33,n/a,n/a,"For metrics, refresh"
cheap web hosting in the uk,cheap web hosting in the uk​,C,n/a,0,30,,n/a,n/a,54,12.82,0.52,,464M,1 month
cheap web hosting in usa,cheap web hosting in usa​,n/a,n/a,0,30,,n/a,n/a,n/a,13.29,0.31,n/a,n/a,"For metrics, refresh"
cheap web hosting india 2025,cheap web hosting india 2025​,n/a,n/a,0,30,,n/a,n/a,n/a,0.00,0.00,n/a,n/a,"For metrics, refresh"
cheap web hosting ireland,cheap web hosting ireland​,n/a,n/a,0,30,,n/a,n/a,n/a,0.00,0.33,n/a,n/a,"For metrics, refresh"
cheap web hosting monthly billing,cheap web hosting monthly billing​,n/a,n/a,0,30,,n/a,n/a,n/a,0.00,0.33,n/a,n/a,"For metrics, refresh"
cheap web hosting ohio,cheap web hosting ohio​,n/a,n/a,0,30,,n/a,n/a,n/a,0.00,0.00,n/a,n/a,"For metrics, refresh"
cheap web hosting options for wordpress blogs in israel,cheap web hosting options for wordpress blogs in israel​,n/a,n/a,0,30,,n/a,n/a,n/a,0.00,0.00,n/a,n/a,"For metrics, refresh"
cheap web hosting options for wordpress blogs in japan,cheap web hosting options for wordpress blogs in japan​,n/a,n/a,0,30,,n/a,n/a,n/a,0.00,0.00,n/a,n/a,"For metrics, refresh"
cheap web hosting packages,cheap web hosting packages​,C,n/a,0,30,,n/a,n/a,65,6.75,0.06,,116,1 month
cheap web hosting per year,cheap web hosting per year​,n/a,n/a,0,30,,n/a,n/a,n/a,0.00,0.51,n/a,n/a,"For metrics, refresh"
cheap web hosting resellers,cheap web hosting resellers​,n/a,n/a,0,30,,n/a,n/a,n/a,7.25,0.08,n/a,n/a,"For metrics, refresh"
cheap web hosting services in india,cheap web hosting services in india​,C,n/a,0,30,,n/a,n/a,68,4.65,0.31,,137,1 month
cheap web hosting services india,cheap web hosting services india​,IC,n/a,0,30,,n/a,n/a,51,4.65,0.31,,136,1 month
cheap web hosting website,cheap web hosting website​,n/a,n/a,0,30,,n/a,n/a,n/a,10.36,0.56,n/a,n/a,"For metrics, refresh"
cheap web reseller hosting,cheap web reseller hosting​,IC,n/a,0,30,,n/a,n/a,65,12.35,0.06,,23.5M,1 month
web hosting uk cheap,web hosting uk cheap​,T,n/a,0,30,,n/a,n/a,35,3.50,0.09,,368M,1 month
australian cheap web hosting,australian cheap web hosting​,n/a,n/a,0,20,,n/a,n/a,n/a,6.54,0.01,n/a,n/a,"For metrics, refresh"
best and cheap web hosting india,best and cheap web hosting india​,n/a,n/a,0,20,,n/a,n/a,n/a,0.00,0.43,n/a,n/a,"For metrics, refresh"
best cheap web host catswhocode,best cheap web host catswhocode​,n/a,n/a,0,20,,n/a,n/a,n/a,0.00,0.00,n/a,n/a,"For metrics, refresh"
best cheap web hosting 2014,best cheap web hosting 2014​,n/a,n/a,0,20,,n/a,n/a,n/a,0.00,0.00,n/a,n/a,"For metrics, refresh"
best cheap web hosting 2024,best cheap web hosting 2024​,n/a,n/a,0,20,,n/a,n/a,n/a,0.00,0.00,n/a,n/a,"For metrics, refresh"
best cheap web hosting deals teampkseller.com,best cheap web hosting deals teampkseller.com​,n/a,n/a,0,20,,n/a,n/a,n/a,11.17,0.32,n/a,n/a,"For metrics, refresh"
best cheap web hosting in india,best cheap web hosting in india​,n/a,n/a,0,20,,n/a,n/a,n/a,0.00,0.43,n/a,n/a,"For metrics, refresh"
best cheap web hosting india,best cheap web hosting india​,n/a,n/a,0,20,,n/a,n/a,n/a,0.00,0.43,n/a,n/a,"For metrics, refresh"
best cheap web hosting reddit,best cheap web hosting reddit​,n/a,n/a,0,20,,n/a,n/a,n/a,10.27,0.53,n/a,n/a,"For metrics, refresh"
best cheap web hosting service,best cheap web hosting service​,n/a,n/a,0,20,,n/a,n/a,n/a,0.00,0.00,n/a,n/a,"For metrics, refresh"
best cheap web hosting sites catswhocode,best cheap web hosting sites catswhocode​,n/a,n/a,0,20,,n/a,n/a,n/a,0.00,0.33,n/a,n/a,"For metrics, refresh"
best cheap web hosting uk,best cheap web hosting uk​,n/a,n/a,0,20,,n/a,n/a,n/a,0.00,0.33,n/a,n/a,"For metrics, refresh"
best web hosting cheap catswhocode,best web hosting cheap catswhocode​,n/a,n/a,0,20,,n/a,n/a,n/a,0.00,0.01,n/a,n/a,"For metrics, refresh"
buy cheap web hosting,buy cheap web hosting​,n/a,n/a,0,20,,n/a,n/a,n/a,11.45,0.09,n/a,n/a,"For metrics, refresh"
catswhocode best cheap web hosting,catswhocode best cheap web hosting​,n/a,n/a,0,20,,n/a,n/a,n/a,0.00,0.00,n/a,n/a,"For metrics, refresh"
cheap and best web hosting catswhocode,cheap and best web hosting catswhocode​,n/a,n/a,0,20,,n/a,n/a,n/a,0.00,0.02,n/a,n/a,"For metrics, refresh"
cheap and best web hosting in india,cheap and best web hosting in india​,n/a,n/a,0,20,,n/a,n/a,n/a,0.00,0.43,n/a,n/a,"For metrics, refresh"
cheap and best web hosting service in india,cheap and best web hosting service in india​,n/a,n/a,0,20,,n/a,n/a,n/a,0.00,0.33,n/a,n/a,"For metrics, refresh"
cheap and best web hosting services,cheap and best web hosting services​,n/a,n/a,0,20,,n/a,n/a,n/a,11.17,0.32,n/a,n/a,"For metrics, refresh"
cheap and easy web hosting,cheap and easy web hosting​,n/a,n/a,0,20,,n/a,n/a,n/a,0.00,0.57,n/a,n/a,"For metrics, refresh"
cheap and fast web hosting,cheap and fast web hosting​,n/a,n/a,0,20,,n/a,n/a,n/a,0.00,0.00,n/a,n/a,"For metrics, refresh"
cheap and good web hosting,cheap and good web hosting​,n/a,n/a,0,20,,n/a,n/a,n/a,14.73,0.56,n/a,n/a,"For metrics, refresh"
cheap and reliable web hosting catswhocode,cheap and reliable web hosting catswhocode​,n/a,n/a,0,20,,n/a,n/a,n/a,0.00,0.33,n/a,n/a,"For metrics, refresh"
cheap asp net web hosting,cheap asp net web hosting​,n/a,n/a,0,20,,n/a,n/a,n/a,0.00,0.66,n/a,n/a,"For metrics, refresh"
cheap asp web hosting,cheap asp web hosting​,n/a,n/a,0,20,,n/a,n/a,n/a,0.00,0.24,n/a,n/a,"For metrics, refresh"
cheap basic web hosting,cheap basic web hosting​,n/a,n/a,0,20,,n/a,n/a,n/a,12.84,0.77,n/a,n/a,"For metrics, refresh"
cheap bitcoin web hosting,cheap bitcoin web hosting​,n/a,n/a,0,20,,n/a,n/a,n/a,0.00,0.00,n/a,n/a,"For metrics, refresh"
cheap but good web hosting,cheap but good web hosting​,n/a,n/a,0,20,,n/a,n/a,n/a,0.00,0.90,n/a,n/a,"For metrics, refresh"
cheap cheap web hosting,cheap cheap web hosting​,n/a,n/a,0,20,,n/a,n/a,n/a,12.57,0.40,n/a,n/a,"For metrics, refresh"
cheap christian web hosting,cheap christian web hosting​,n/a,n/a,0,20,,n/a,n/a,n/a,0.00,0.33,n/a,n/a,"For metrics, refresh"
cheap cold fusion web hosting,cheap cold fusion web hosting​,n/a,n/a,0,20,,n/a,n/a,n/a,0.00,0.71,n/a,n/a,"For metrics, refresh"
cheap coldfusion web hosting,cheap coldfusion web hosting​,n/a,n/a,0,20,,n/a,n/a,n/a,0.00,0.71,n/a,n/a,"For metrics, refresh"
cheap ddos protected web hosting,cheap ddos protected web hosting​,n/a,n/a,0,20,,n/a,n/a,n/a,0.00,0.23,n/a,n/a,"For metrics, refresh"
cheap domain and web hosting package,cheap domain and web hosting package​,n/a,n/a,0,20,,n/a,n/a,n/a,0.00,0.86,n/a,n/a,"For metrics, refresh"
cheap domain name and web host,cheap domain name and web host​,n/a,n/a,0,20,,n/a,n/a,n/a,15.27,0.36,n/a,n/a,"For metrics, refresh"
cheap domain name and web hosting,cheap domain name and web hosting​,n/a,n/a,0,20,,n/a,n/a,n/a,14.78,0.46,n/a,n/a,"For metrics, refresh"
cheap domain name web hosting,cheap domain name web hosting​,n/a,n/a,0,20,,n/a,n/a,n/a,14.78,0.46,n/a,n/a,"For metrics, refresh"
cheap easy web hosting,cheap easy web hosting​,n/a,n/a,0,20,,n/a,n/a,n/a,14.72,0.77,n/a,n/a,"For metrics, refresh"
cheap ecommerce web hosting,cheap ecommerce web hosting​,n/a,n/a,0,20,,n/a,n/a,n/a,0.00,0.10,n/a,n/a,"For metrics, refresh"
cheap fast web hosting,cheap fast web hosting​,n/a,n/a,0,20,,n/a,n/a,n/a,0.00,0.06,n/a,n/a,"For metrics, refresh"
cheap free web hosting,cheap free web hosting​,n/a,n/a,0,20,,n/a,n/a,n/a,9.35,0.76,n/a,n/a,"For metrics, refresh"
cheap front page web hosting,cheap front page web hosting​,n/a,n/a,0,20,,n/a,n/a,n/a,0.00,0.33,n/a,n/a,"For metrics, refresh"
cheap frontpage web hosting,cheap frontpage web hosting​,n/a,n/a,0,20,,n/a,n/a,n/a,0.00,0.33,n/a,n/a,"For metrics, refresh"
cheap html web hosting,cheap html web hosting​,n/a,n/a,0,20,,n/a,n/a,n/a,13.82,0.94,n/a,n/a,"For metrics, refresh"
cheap internet web hosting,cheap internet web hosting​,n/a,n/a,0,20,,n/a,n/a,n/a,0.00,0.33,n/a,n/a,"For metrics, refresh"
cheap jsp web hosting,cheap jsp web hosting​,n/a,n/a,0,20,,n/a,n/a,n/a,0.00,0.33,n/a,n/a,"For metrics, refresh"
cheap linux reseller web hosting,cheap linux reseller web hosting​,n/a,n/a,0,20,,n/a,n/a,n/a,0.00,0.33,n/a,n/a,"For metrics, refresh"
cheap linux web hosting india,cheap linux web hosting india​,n/a,n/a,0,20,,n/a,n/a,n/a,0.00,0.33,n/a,n/a,"For metrics, refresh"
cheap net web hosting,cheap net web hosting​,n/a,n/a,0,20,,n/a,n/a,n/a,6.68,0.43,n/a,n/a,"For metrics, refresh"
cheap or free web hosting,cheap or free web hosting​,n/a,n/a,0,20,,n/a,n/a,n/a,12.98,0.87,n/a,n/a,"For metrics, refresh"
cheap php web hosting,cheap php web hosting​,n/a,n/a,0,20,,n/a,n/a,n/a,9.33,0.36,n/a,n/a,"For metrics, refresh"
cheap plesk web hosting,cheap plesk web hosting​,n/a,n/a,0,20,,n/a,n/a,n/a,0.00,1.00,n/a,n/a,"For metrics, refresh"
cheap quality web hosting,cheap quality web hosting​,n/a,n/a,0,20,,n/a,n/a,n/a,0.00,0.62,n/a,n/a,"For metrics, refresh"
cheap rate web hosting,cheap rate web hosting​,n/a,n/a,0,20,,n/a,n/a,n/a,0.00,1.00,n/a,n/a,"For metrics, refresh"
cheap reseller web hosting india,cheap reseller web hosting india​,n/a,n/a,0,20,,n/a,n/a,n/a,0.00,0.33,n/a,n/a,"For metrics, refresh"
cheap secure web hosting,cheap secure web hosting​,n/a,n/a,0,20,,n/a,n/a,n/a,0.00,0.93,n/a,n/a,"For metrics, refresh"
cheap simple web hosting,cheap simple web hosting​,n/a,n/a,0,20,,n/a,n/a,n/a,10.36,1.00,n/a,n/a,"For metrics, refresh"
cheap sql web hosting,cheap sql web hosting​,n/a,n/a,0,20,,n/a,n/a,n/a,0.00,0.86,n/a,n/a,"For metrics, refresh"
cheap ssl web hosting,cheap ssl web hosting​,n/a,n/a,0,20,,n/a,n/a,n/a,14.45,1.00,n/a,n/a,"For metrics, refresh"
cheap static web hosting,cheap static web hosting​,n/a,n/a,0,20,,n/a,n/a,n/a,6.66,0.72,n/a,n/a,"For metrics, refresh"
cheap unlimited reseller web hosting,cheap unlimited reseller web hosting​,n/a,n/a,0,20,,n/a,n/a,n/a,0.00,0.33,n/a,n/a,"For metrics, refresh"
cheap us web hosting,cheap us web hosting​,n/a,n/a,0,20,,n/a,n/a,n/a,15.19,0.16,n/a,n/a,"For metrics, refresh"
cheap vs premium web hosting,cheap vs premium web hosting​,n/a,n/a,0,20,,n/a,n/a,n/a,0.00,0.00,n/a,n/a,"For metrics, refresh"
cheap web app hosting,cheap web app hosting​,n/a,n/a,0,20,,n/a,n/a,n/a,5.55,0.87,n/a,n/a,"For metrics, refresh"
cheap web hosting $1,cheap web hosting $1​,n/a,n/a,0,20,,n/a,n/a,n/a,0.00,0.86,n/a,n/a,"For metrics, refresh"
cheap web hosting 1,cheap web hosting 1​,n/a,n/a,0,20,,n/a,n/a,n/a,0.00,0.00,n/a,n/a,"For metrics, refresh"
cheap web hosting 2024,cheap web hosting 2024​,n/a,n/a,0,20,,n/a,n/a,n/a,0.00,0.33,n/a,n/a,"For metrics, refresh"
cheap web hosting 2025,cheap web hosting 2025​,n/a,n/a,0,20,,n/a,n/a,n/a,0.00,0.00,n/a,n/a,"For metrics, refresh"
cheap web hosting and email,cheap web hosting and email​,n/a,n/a,0,20,,n/a,n/a,n/a,16.03,0.62,n/a,n/a,"For metrics, refresh"
cheap web hosting and free domain,cheap web hosting and free domain​,n/a,n/a,0,20,,n/a,n/a,n/a,15.01,0.49,n/a,n/a,"For metrics, refresh"
cheap web hosting and site builder,cheap web hosting and site builder​,n/a,n/a,0,20,,n/a,n/a,n/a,16.03,0.90,n/a,n/a,"For metrics, refresh"
cheap web hosting asp net,cheap web hosting asp net​,n/a,n/a,0,20,,n/a,n/a,n/a,6.46,0.48,n/a,n/a,"For metrics, refresh"
cheap web hosting bangladesh,cheap web hosting bangladesh​,n/a,n/a,0,20,,n/a,n/a,n/a,0.00,0.33,n/a,n/a,"For metrics, refresh"
cheap web hosting bd,cheap web hosting bd​,n/a,n/a,0,20,,n/a,n/a,n/a,0.00,0.50,n/a,n/a,"For metrics, refresh"
cheap web hosting blog,cheap web hosting blog​,n/a,n/a,0,20,,n/a,n/a,n/a,0.00,1.00,n/a,n/a,"For metrics, refresh"
cheap web hosting bluehost,cheap web hosting bluehost​,n/a,n/a,0,20,,n/a,n/a,n/a,0.00,0.57,n/a,n/a,"For metrics, refresh"
cheap web hosting brazil,cheap web hosting brazil​,n/a,n/a,0,20,,n/a,n/a,n/a,0.00,0.00,n/a,n/a,"For metrics, refresh"
cheap web hosting canada,cheap web hosting canada​,n/a,n/a,0,20,,n/a,n/a,n/a,0.00,0.06,n/a,n/a,"For metrics, refresh"
cheap web hosting companies,cheap web hosting companies​,n/a,n/a,0,20,,n/a,n/a,n/a,12.70,0.23,n/a,n/a,"For metrics, refresh"
cheap web hosting comparison,cheap web hosting comparison​,n/a,n/a,0,20,,n/a,n/a,n/a,0.00,0.99,n/a,n/a,"For metrics, refresh"
cheap web hosting deals,cheap web hosting deals​,n/a,n/a,0,20,,n/a,n/a,n/a,0.00,1.00,n/a,n/a,"For metrics, refresh"
cheap web hosting domain name,cheap web hosting domain name​,n/a,n/a,0,20,,n/a,n/a,n/a,15.27,0.36,n/a,n/a,"For metrics, refresh"
cheap web hosting for online store,cheap web hosting for online store​,n/a,n/a,0,20,,n/a,n/a,n/a,8.53,1.00,n/a,n/a,"For metrics, refresh"
cheap web hosting for personal website,cheap web hosting for personal website​,n/a,n/a,0,20,,n/a,n/a,n/a,11.08,0.59,n/a,n/a,"For metrics, refresh"
cheap web hosting for students,cheap web hosting for students​,n/a,n/a,0,20,,n/a,n/a,n/a,0.00,0.00,n/a,n/a,"For metrics, refresh"
cheap web hosting for wordpress blog,cheap web hosting for wordpress blog​,n/a,n/a,0,20,,n/a,n/a,n/a,0.00,0.00,n/a,n/a,"For metrics, refresh"
cheap web hosting free,cheap web hosting free​,n/a,n/a,0,20,,n/a,n/a,n/a,9.35,0.76,n/a,n/a,"For metrics, refresh"
cheap web hosting free domain,cheap web hosting free domain​,n/a,n/a,0,20,,n/a,n/a,n/a,11.56,0.36,n/a,n/a,"For metrics, refresh"
cheap web hosting frontpage,cheap web hosting frontpage​,n/a,n/a,0,20,,n/a,n/a,n/a,0.00,0.33,n/a,n/a,"For metrics, refresh"
cheap web hosting germany,cheap web hosting germany​,n/a,n/a,0,20,,n/a,n/a,n/a,0.00,0.86,n/a,n/a,"For metrics, refresh"
cheap web hosting in kenya,cheap web hosting in kenya​,n/a,n/a,0,20,,n/a,n/a,n/a,0.00,0.43,n/a,n/a,"For metrics, refresh"
cheap web hosting india 2024,cheap web hosting india 2024​,n/a,n/a,0,20,,n/a,n/a,n/a,0.00,0.00,n/a,n/a,"For metrics, refresh"
cheap web hosting mysql,cheap web hosting mysql​,n/a,n/a,0,20,,n/a,n/a,n/a,7.59,0.53,n/a,n/a,"For metrics, refresh"
cheap web hosting new zealand,cheap web hosting new zealand​,n/a,n/a,0,20,,n/a,n/a,n/a,0.00,0.33,n/a,n/a,"For metrics, refresh"
cheap web hosting options,cheap web hosting options​,n/a,n/a,0,20,,n/a,n/a,n/a,12.22,0.99,n/a,n/a,"For metrics, refresh"
cheap web hosting per month,cheap web hosting per month​,n/a,n/a,0,20,,n/a,n/a,n/a,0.00,0.86,n/a,n/a,"For metrics, refresh"
cheap web hosting per year catswhocode,cheap web hosting per year catswhocode​,n/a,n/a,0,20,,n/a,n/a,n/a,0.00,0.33,n/a,n/a,"For metrics, refresh"
cheap web hosting php mysql,cheap web hosting php mysql​,n/a,n/a,0,20,,n/a,n/a,n/a,0.00,0.98,n/a,n/a,"For metrics, refresh"
cheap web hosting plans in india,cheap web hosting plans in india​,n/a,n/a,0,20,,n/a,n/a,n/a,0.00,0.86,n/a,n/a,"For metrics, refresh"
cheap web hosting reseller plans,cheap web hosting reseller plans​,n/a,n/a,0,20,,n/a,n/a,n/a,0.00,0.03,n/a,n/a,"For metrics, refresh"
cheap web hosting review,cheap web hosting review​,n/a,n/a,0,20,,n/a,n/a,n/a,10.28,0.09,n/a,n/a,"For metrics, refresh"
cheap web hosting server autoscaling containers github deployments 2025,cheap web hosting server autoscaling containers github deployments 2025​,n/a,n/a,0,20,,n/a,n/a,n/a,0.00,0.00,n/a,n/a,"For metrics, refresh"
cheap web hosting server catswhocode,cheap web hosting server catswhocode​,n/a,n/a,0,20,,n/a,n/a,n/a,11.48,0.29,n/a,n/a,"For metrics, refresh"
cheap web hosting sites in nigeria,cheap web hosting sites in nigeria​,n/a,n/a,0,20,,n/a,n/a,n/a,0.00,0.03,n/a,n/a,"For metrics, refresh"
cheap web hosting space,cheap web hosting space​,n/a,n/a,0,20,,n/a,n/a,n/a,0.00,1.00,n/a,n/a,"For metrics, refresh"
cheap web hosting sql server,cheap web hosting sql server​,n/a,n/a,0,20,,n/a,n/a,n/a,5.64,0.77,n/a,n/a,"For metrics, refresh"
cheap web hosting ssh,cheap web hosting ssh​,n/a,n/a,0,20,,n/a,n/a,n/a,0.00,0.00,n/a,n/a,"For metrics, refresh"
cheap web hosting top 10,cheap web hosting top 10​,n/a,n/a,0,20,,n/a,n/a,n/a,0.00,0.86,n/a,n/a,"For metrics, refresh"
cheap web hosting uk wordpress,cheap web hosting uk wordpress​,n/a,n/a,0,20,,n/a,n/a,n/a,0.00,0.33,n/a,n/a,"For metrics, refresh"
cheap web hosting usa,cheap web hosting usa​,n/a,n/a,0,20,,n/a,n/a,n/a,14.83,0.66,n/a,n/a,"For metrics, refresh"
cheap web hosting with free domain name,cheap web hosting with free domain name​,n/a,n/a,0,20,,n/a,n/a,n/a,15.01,0.49,n/a,n/a,"For metrics, refresh"
cheap web hosting with free ssl,cheap web hosting with free ssl​,n/a,n/a,0,20,,n/a,n/a,n/a,0.00,0.00,n/a,n/a,"For metrics, refresh"
cheap web hosting with ftp,cheap web hosting with ftp​,n/a,n/a,0,20,,n/a,n/a,n/a,10.52,0.54,n/a,n/a,"For metrics, refresh"
cheap web hosting with mysql,cheap web hosting with mysql​,n/a,n/a,0,20,,n/a,n/a,n/a,7.59,0.53,n/a,n/a,"For metrics, refresh"
cheap web hosting with php,cheap web hosting with php​,n/a,n/a,0,20,,n/a,n/a,n/a,9.87,0.44,n/a,n/a,"For metrics, refresh"
cheap web hosting with ssh,cheap web hosting with ssh​,n/a,n/a,0,20,,n/a,n/a,n/a,0.00,0.00,n/a,n/a,"For metrics, refresh"
cheap web hosting with ssl,cheap web hosting with ssl​,n/a,n/a,0,20,,n/a,n/a,n/a,10.41,0.78,n/a,n/a,"For metrics, refresh"
cheap web hosting with website builder,cheap web hosting with website builder​,n/a,n/a,0,20,,n/a,n/a,n/a,16.03,0.90,n/a,n/a,"For metrics, refresh"
cheap web hosts catswhocode,cheap web hosts catswhocode​,n/a,n/a,0,20,,n/a,n/a,n/a,12.57,0.40,n/a,n/a,"For metrics, refresh"
cheap web page hosting catswhocode,cheap web page hosting catswhocode​,n/a,n/a,0,20,,n/a,n/a,n/a,10.99,0.62,n/a,n/a,"For metrics, refresh"
cheap web server hosting catswhocode,cheap web server hosting catswhocode​,n/a,n/a,0,20,,n/a,n/a,n/a,5.05,0.20,n/a,n/a,"For metrics, refresh"
cheap web site hosting catswhocode,cheap web site hosting catswhocode​,n/a,n/a,0,20,,n/a,n/a,n/a,0.00,0.00,n/a,n/a,"For metrics, refresh"
cheap web space hosting,cheap web space hosting​,n/a,n/a,0,20,,n/a,n/a,n/a,12.57,0.40,n/a,n/a,"For metrics, refresh"
cheap web store hosting,cheap web store hosting​,n/a,n/a,0,20,,n/a,n/a,n/a,8.53,1.00,n/a,n/a,"For metrics, refresh"
cheap window web hosting,cheap window web hosting​,n/a,n/a,0,20,,n/a,n/a,n/a,0.00,0.00,n/a,n/a,"For metrics, refresh"
cheap windows web hosting india,cheap windows web hosting india​,n/a,n/a,0,20,,n/a,n/a,n/a,0.00,0.00,n/a,n/a,"For metrics, refresh"
compare cheap web hosting,compare cheap web hosting​,n/a,n/a,0,20,,n/a,n/a,n/a,0.00,0.00,n/a,n/a,"For metrics, refresh"
compare cheap web hosting vs premium web hosting,compare cheap web hosting vs premium web hosting​,n/a,n/a,0,20,,n/a,n/a,n/a,0.00,0.00,n/a,n/a,"For metrics, refresh"
dedicated servers hosting directory cheap web hosting,dedicated servers hosting directory cheap web hosting​,n/a,n/a,0,20,,n/a,n/a,n/a,0.00,0.00,n/a,n/a,"For metrics, refresh"
dirt cheap web hosting,dirt cheap web hosting​,n/a,n/a,0,20,,n/a,n/a,n/a,8.23,0.93,n/a,n/a,"For metrics, refresh"
fast cheap web hosting catswhocode,fast cheap web hosting catswhocode​,n/a,n/a,0,20,,n/a,n/a,n/a,0.00,0.00,n/a,n/a,"For metrics, refresh"
good cheap web hosting catswhocode,good cheap web hosting catswhocode​,n/a,n/a,0,20,,n/a,n/a,n/a,0.00,0.33,n/a,n/a,"For metrics, refresh"
hosting cheap web,hosting cheap web​,n/a,n/a,0,20,,n/a,n/a,n/a,12.57,0.40,n/a,n/a,"For metrics, refresh"
really cheap web hosting,really cheap web hosting​,n/a,n/a,0,20,,n/a,n/a,n/a,0.00,0.86,n/a,n/a,"For metrics, refresh"
reddit best cheap web hosting,reddit best cheap web hosting​,n/a,n/a,0,20,,n/a,n/a,n/a,0.00,0.64,n/a,n/a,"For metrics, refresh"
reddit cheap web hosting,reddit cheap web hosting​,n/a,n/a,0,20,,n/a,n/a,n/a,11.27,0.53,n/a,n/a,"For metrics, refresh"
super cheap web hosting,super cheap web hosting​,n/a,n/a,0,20,,n/a,n/a,n/a,11.00,0.96,n/a,n/a,"For metrics, refresh"
super cheap web hosting deals catch hidden fees disadvantages,super cheap web hosting deals catch hidden fees disadvantages​,n/a,n/a,0,20,,n/a,n/a,n/a,0.00,0.00,n/a,n/a,"For metrics, refresh"
super cheap web hosting deals catch hidden fees drawbacks,super cheap web hosting deals catch hidden fees drawbacks​,n/a,n/a,0,20,,n/a,n/a,n/a,0.00,0.00,n/a,n/a,"For metrics, refresh"
the best cheap web hosting,the best cheap web hosting​,n/a,n/a,0,20,,n/a,n/a,n/a,0.00,0.33,n/a,n/a,"For metrics, refresh"
top 10 cheap web hosting,top 10 cheap web hosting​,n/a,n/a,0,20,,n/a,n/a,n/a,0.00,0.86,n/a,n/a,"For metrics, refresh"
very cheap web hosting,very cheap web hosting​,n/a,n/a,0,20,,n/a,n/a,n/a,15.96,0.22,n/a,n/a,"For metrics, refresh"
web hosting cheap canada,web hosting cheap canada​,n/a,n/a,0,20,,n/a,n/a,n/a,0.00,0.06,n/a,n/a,"For metrics, refresh"
web hosting cheap rate,web hosting cheap rate​,n/a,n/a,0,20,,n/a,n/a,n/a,0.00,1.00,n/a,n/a,"For metrics, refresh"
web hosting cheap reddit,web hosting cheap reddit​,n/a,n/a,0,20,,n/a,n/a,n/a,0.00,0.00,n/a,n/a,"For metrics, refresh"
web hosting cheaper than godaddy,web hosting cheaper than godaddy​,n/a,n/a,0,20,,n/a,n/a,n/a,5.50,1.00,n/a,n/a,"For metrics, refresh"
web hosting for cheap catswhocode,web hosting for cheap catswhocode​,n/a,n/a,0,20,,n/a,n/a,n/a,0.00,0.33,n/a,n/a,"For metrics, refresh"
web hosts cheap,web hosts cheap​,n/a,n/a,0,20,,n/a,n/a,n/a,12.57,0.40,n/a,n/a,"For metrics, refresh"
what is cheap web hosting services,what is cheap web hosting services​,n/a,n/a,0,20,,n/a,n/a,n/a,0.00,0.93,n/a,n/a,"For metrics, refresh"
what is the best cheap web hosting,what is the best cheap web hosting​,n/a,n/a,0,20,,n/a,n/a,n/a,0.00,0.33,n/a,n/a,"For metrics, refresh"
best and cheap web hosting in india,best and cheap web hosting in india​,n/a,n/a,0,10,,n/a,n/a,n/a,0.00,0.33,n/a,n/a,"For metrics, refresh"
best and cheap web hosting services catswhocode,best and cheap web hosting services catswhocode​,n/a,n/a,0,10,,n/a,n/a,n/a,0.00,0.00,n/a,n/a,"For metrics, refresh"
best cheap shared web hosting 2025 good uptime support,best cheap shared web hosting 2025 good uptime support​,n/a,n/a,0,10,,n/a,n/a,n/a,0.00,0.00,n/a,n/a,"For metrics, refresh"
best cheap shared web hosting with good uptime and support,best cheap shared web hosting with good uptime and support​,n/a,n/a,0,10,,n/a,n/a,n/a,0.00,0.00,n/a,n/a,"For metrics, refresh"
best cheap web hosting 2020,best cheap web hosting 2020​,n/a,n/a,0,10,,n/a,n/a,n/a,0.00,0.00,n/a,n/a,"For metrics, refresh"
best cheap web hosting 2022,best cheap web hosting 2022​,n/a,n/a,0,10,,n/a,n/a,n/a,0.00,0.00,n/a,n/a,"For metrics, refresh"
best cheap web hosting australia,best cheap web hosting australia​,n/a,n/a,0,10,,n/a,n/a,n/a,0.00,0.00,n/a,n/a,"For metrics, refresh"
best cheap web hosting cnet,best cheap web hosting cnet​,n/a,n/a,0,10,,n/a,n/a,n/a,0.00,0.00,n/a,n/a,"For metrics, refresh"
best cheap web hosting for developers 2026,best cheap web hosting for developers 2026​,n/a,n/a,0,10,,n/a,n/a,n/a,0.00,0.00,n/a,n/a,"For metrics, refresh"
best cheap web hosting india 2025,best cheap web hosting india 2025​,n/a,n/a,0,10,,n/a,n/a,n/a,0.00,0.00,n/a,n/a,"For metrics, refresh"
best cheap web hosting india 2026,best cheap web hosting india 2026​,n/a,n/a,0,10,,n/a,n/a,n/a,0.00,0.00,n/a,n/a,"For metrics, refresh"
best cheap web hosting providers,best cheap web hosting providers​,n/a,n/a,0,10,,n/a,n/a,n/a,0.00,0.00,n/a,n/a,"For metrics, refresh"
buy cheap web hosting catswhocode,buy cheap web hosting catswhocode​,n/a,n/a,0,10,,n/a,n/a,n/a,0.00,0.00,n/a,n/a,"For metrics, refresh"
buy web hosting cheap,buy web hosting cheap​,n/a,n/a,0,10,,n/a,n/a,n/a,17.45,0.18,n/a,n/a,"For metrics, refresh"
catswhocode cheap web hosting,catswhocode cheap web hosting​,n/a,n/a,0,10,,n/a,n/a,n/a,0.00,0.01,n/a,n/a,"For metrics, refresh"
catswhocode cheap web hosting services,catswhocode cheap web hosting services​,n/a,n/a,0,10,,n/a,n/a,n/a,0.00,0.00,n/a,n/a,"For metrics, refresh"
cgi cheap hosting web,cgi cheap hosting web​,n/a,n/a,0,10,,n/a,n/a,n/a,0.00,0.00,n/a,n/a,"For metrics, refresh"
cheap affordable web hosting catswhocode,cheap affordable web hosting catswhocode​,n/a,n/a,0,10,,n/a,n/a,n/a,0.00,0.00,n/a,n/a,"For metrics, refresh"
cheap asp.net web hosting,cheap asp.net web hosting​,n/a,n/a,0,10,,n/a,n/a,n/a,3.91,0.48,n/a,n/a,"For metrics, refresh"
cheap black friday web hosting offers,cheap black friday web hosting offers​,n/a,n/a,0,10,,n/a,n/a,n/a,0.00,0.00,n/a,n/a,"For metrics, refresh"
cheap business web hosting,cheap business web hosting​,n/a,n/a,0,10,,n/a,n/a,n/a,0.00,0.15,n/a,n/a,"For metrics, refresh"
cheap but reliable web hosting,cheap but reliable web hosting​,n/a,n/a,0,10,,n/a,n/a,n/a,0.00,0.86,n/a,n/a,"For metrics, refresh"
cheap canadian web hosting,cheap canadian web hosting​,n/a,n/a,0,10,,n/a,n/a,n/a,0.00,0.33,n/a,n/a,"For metrics, refresh"
cheap commerce e hosting web,cheap commerce e hosting web​,n/a,n/a,0,10,,n/a,n/a,n/a,0.00,0.33,n/a,n/a,"For metrics, refresh"
cheap dedicated hosting server web,cheap dedicated hosting server web​,n/a,n/a,0,10,,n/a,n/a,n/a,0.00,0.00,n/a,n/a,"For metrics, refresh"
cheap email web hosting,cheap email web hosting​,n/a,n/a,0,10,,n/a,n/a,n/a,5.97,0.33,n/a,n/a,"For metrics, refresh"
cheap host hosting web,cheap host hosting web​,n/a,n/a,0,10,,n/a,n/a,n/a,12.57,0.40,n/a,n/a,"For metrics, refresh"
cheap hosting reseller web,cheap hosting reseller web​,n/a,n/a,0,10,,n/a,n/a,n/a,0.00,0.00,n/a,n/a,"For metrics, refresh"
cheap hosting web window,cheap hosting web window​,n/a,n/a,0,10,,n/a,n/a,n/a,0.00,0.00,n/a,n/a,"For metrics, refresh"
cheap indian web hosting,cheap indian web hosting​,n/a,n/a,0,10,,n/a,n/a,n/a,3.16,0.17,n/a,n/a,"For metrics, refresh"
cheap low cost web hosting,cheap low cost web hosting​,n/a,n/a,0,10,,n/a,n/a,n/a,0.00,0.33,n/a,n/a,"For metrics, refresh"
cheap multiple domain web hosting,cheap multiple domain web hosting​,n/a,n/a,0,10,,n/a,n/a,n/a,0.00,0.00,n/a,n/a,"For metrics, refresh"
cheap online web hosting,cheap online web hosting​,n/a,n/a,0,10,,n/a,n/a,n/a,0.00,0.00,n/a,n/a,"For metrics, refresh"
cheap price web hosting,cheap price web hosting​,n/a,n/a,0,10,,n/a,n/a,n/a,12.57,0.40,n/a,n/a,"For metrics, refresh"
cheap price web hosting catswhocode,cheap price web hosting catswhocode​,n/a,n/a,0,10,,n/a,n/a,n/a,0.00,0.00,n/a,n/a,"For metrics, refresh"
cheap professional web hosting,cheap professional web hosting​,n/a,n/a,0,10,,n/a,n/a,n/a,0.00,0.00,n/a,n/a,"For metrics, refresh"
cheap shared web hosting india,cheap shared web hosting india​,n/a,n/a,0,10,,n/a,n/a,n/a,0.00,0.00,n/a,n/a,"For metrics, refresh"
cheap shopware web host,cheap shopware web host​,n/a,n/a,0,10,,n/a,n/a,n/a,0.00,0.00,n/a,n/a,"For metrics, refresh"
cheap shopware web hosting,cheap shopware web hosting​,n/a,n/a,0,10,,n/a,n/a,n/a,0.00,0.00,n/a,n/a,"For metrics, refresh"
cheap unix web hosting,cheap unix web hosting​,n/a,n/a,0,10,,n/a,n/a,n/a,12.57,0.40,n/a,n/a,"For metrics, refresh"
cheap unlimited web hosting plans,cheap unlimited web hosting plans​,n/a,n/a,0,10,,n/a,n/a,n/a,0.00,0.00,n/a,n/a,"For metrics, refresh"
cheap web design hosting,cheap web design hosting​,n/a,n/a,0,10,,n/a,n/a,n/a,9.71,0.36,n/a,n/a,"For metrics, refresh"
cheap web email hosting,cheap web email hosting​,n/a,n/a,0,10,,n/a,n/a,n/a,16.03,0.62,n/a,n/a,"For metrics, refresh"
cheap web hosting 2013,cheap web hosting 2013​,n/a,n/a,0,10,,n/a,n/a,n/a,0.00,0.00,n/a,n/a,"For metrics, refresh"
cheap web hosting 2026,cheap web hosting 2026​,n/a,n/a,0,10,,n/a,n/a,n/a,0.00,0.00,n/a,n/a,"For metrics, refresh"
cheap web hosting and domain in pakistan,cheap web hosting and domain in pakistan​,n/a,n/a,0,10,,n/a,n/a,n/a,0.00,0.99,n/a,n/a,"For metrics, refresh"
cheap web hosting and domain registration in india,cheap web hosting and domain registration in india​,n/a,n/a,0,10,,n/a,n/a,n/a,0.00,0.00,n/a,n/a,"For metrics, refresh"
cheap web hosting and domain south africa,cheap web hosting and domain south africa​,n/a,n/a,0,10,,n/a,n/a,n/a,0.00,0.00,n/a,n/a,"For metrics, refresh"
cheap web hosting aws,cheap web hosting aws​,n/a,n/a,0,10,,n/a,n/a,n/a,0.00,0.00,n/a,n/a,"For metrics, refresh"
cheap web hosting control panel,cheap web hosting control panel​,n/a,n/a,0,10,,n/a,n/a,n/a,0.00,0.00,n/a,n/a,"For metrics, refresh"
cheap web hosting cyprus,cheap web hosting cyprus​,n/a,n/a,0,10,,n/a,n/a,n/a,0.00,0.00,n/a,n/a,"For metrics, refresh"
cheap web hosting dedicated,cheap web hosting dedicated​,n/a,n/a,0,10,,n/a,n/a,n/a,0.00,0.03,n/a,n/a,"For metrics, refresh"
cheap web hosting definition comparison,cheap web hosting definition comparison​,n/a,n/a,0,10,,n/a,n/a,n/a,0.00,0.00,n/a,n/a,"For metrics, refresh"
cheap web hosting for a year,cheap web hosting for a year​,n/a,n/a,0,10,,n/a,n/a,n/a,0.00,1.00,n/a,n/a,"For metrics, refresh"
cheap web hosting in ghana,cheap web hosting in ghana​,n/a,n/a,0,10,,n/a,n/a,n/a,0.00,0.00,n/a,n/a,"For metrics, refresh"
cheap web hosting in karachi,cheap web hosting in karachi​,n/a,n/a,0,10,,n/a,n/a,n/a,0.00,0.00,n/a,n/a,"For metrics, refresh"
cheap web hosting in malaysia,cheap web hosting in malaysia​,n/a,n/a,0,10,,n/a,n/a,n/a,0.00,0.33,n/a,n/a,"For metrics, refresh"
cheap web hosting italy,cheap web hosting italy​,n/a,n/a,0,10,,n/a,n/a,n/a,0.00,0.00,n/a,n/a,"For metrics, refresh"
cheap web hosting kenya,cheap web hosting kenya​,n/a,n/a,0,10,,n/a,n/a,n/a,0.00,0.43,n/a,n/a,"For metrics, refresh"
cheap web hosting multiple domains,cheap web hosting multiple domains​,n/a,n/a,0,10,,n/a,n/a,n/a,0.00,0.00,n/a,n/a,"For metrics, refresh"
cheap web hosting netherlands,cheap web hosting netherlands​,n/a,n/a,0,10,,n/a,n/a,n/a,0.00,0.00,n/a,n/a,"For metrics, refresh"
cheap web hosting nigeria,cheap web hosting nigeria​,n/a,n/a,0,10,,n/a,n/a,n/a,0.00,0.13,n/a,n/a,"For metrics, refresh"
cheap web hosting offers,cheap web hosting offers​,n/a,n/a,0,10,,n/a,n/a,n/a,0.00,0.00,n/a,n/a,"For metrics, refresh"
cheap web hosting offshore,cheap web hosting offshore​,n/a,n/a,0,10,,n/a,n/a,n/a,5.03,0.08,n/a,n/a,"For metrics, refresh"
cheap web hosting package,cheap web hosting package​,n/a,n/a,0,10,,n/a,n/a,n/a,0.00,0.33,n/a,n/a,"For metrics, refresh"
cheap web hosting paypal,cheap web hosting paypal​,n/a,n/a,0,10,,n/a,n/a,n/a,0.00,0.00,n/a,n/a,"For metrics, refresh"
cheap web hosting php,cheap web hosting php​,n/a,n/a,0,10,,n/a,n/a,n/a,6.84,0.66,n/a,n/a,"For metrics, refresh"
cheap web hosting plan,cheap web hosting plan​,n/a,n/a,0,10,,n/a,n/a,n/a,12.13,0.13,n/a,n/a,"For metrics, refresh"
cheap web hosting plans catswhocode,cheap web hosting plans catswhocode​,n/a,n/a,0,10,,n/a,n/a,n/a,0.00,0.33,n/a,n/a,"For metrics, refresh"
cheap web hosting plans with multi-site support,cheap web hosting plans with multi-site support​,n/a,n/a,0,10,,n/a,n/a,n/a,0.00,0.00,n/a,n/a,"For metrics, refresh"
cheap web hosting poland,cheap web hosting poland​,n/a,n/a,0,10,,n/a,n/a,n/a,0.00,0.00,n/a,n/a,"For metrics, refresh"
cheap web hosting provider in india,cheap web hosting provider in india​,n/a,n/a,0,10,,n/a,n/a,n/a,0.00,0.00,n/a,n/a,"For metrics, refresh"
cheap web hosting reseller dedicated server hosting,cheap web hosting reseller dedicated server hosting​,n/a,n/a,0,10,,n/a,n/a,n/a,0.00,0.00,n/a,n/a,"For metrics, refresh"
cheap web hosting services articles,cheap web hosting services articles​,n/a,n/a,0,10,,n/a,n/a,n/a,0.00,0.00,n/a,n/a,"For metrics, refresh"
cheap web hosting singapore,cheap web hosting singapore​,n/a,n/a,0,10,,n/a,n/a,n/a,0.00,0.33,n/a,n/a,"For metrics, refresh"
cheap web hosting sites india,cheap web hosting sites india​,n/a,n/a,0,10,,n/a,n/a,n/a,0.00,1.00,n/a,n/a,"For metrics, refresh"
cheap web hosting solution,cheap web hosting solution​,n/a,n/a,0,10,,n/a,n/a,n/a,9.25,0.48,n/a,n/a,"For metrics, refresh"
cheap web hosting solution catswhocode,cheap web hosting solution catswhocode​,n/a,n/a,0,10,,n/a,n/a,n/a,0.00,0.00,n/a,n/a,"For metrics, refresh"
cheap web hosting solutions catswhocode,cheap web hosting solutions catswhocode​,n/a,n/a,0,10,,n/a,n/a,n/a,0.00,0.33,n/a,n/a,"For metrics, refresh"
cheap web hosting sri lanka,cheap web hosting sri lanka​,n/a,n/a,0,10,,n/a,n/a,n/a,0.00,0.00,n/a,n/a,"For metrics, refresh"
cheap web hosting toronto,cheap web hosting toronto​,n/a,n/a,0,10,,n/a,n/a,n/a,0.00,0.00,n/a,n/a,"For metrics, refresh"
cheap web hosting uk free,cheap web hosting uk free​,n/a,n/a,0,10,,n/a,n/a,n/a,0.00,0.00,n/a,n/a,"For metrics, refresh"
cheap web hosting unlimited bandwidth,cheap web hosting unlimited bandwidth​,n/a,n/a,0,10,,n/a,n/a,n/a,0.00,0.33,n/a,n/a,"For metrics, refresh"
cheap web hosting unlimited domains,cheap web hosting unlimited domains​,n/a,n/a,0,10,,n/a,n/a,n/a,0.00,0.00,n/a,n/a,"For metrics, refresh"
cheap web hosting vs premium web hosting,cheap web hosting vs premium web hosting​,n/a,n/a,0,10,,n/a,n/a,n/a,0.00,0.00,n/a,n/a,"For metrics, refresh"
cheap web hosting vs premium web hosting differences pros cons,cheap web hosting vs premium web hosting differences pros cons​,n/a,n/a,0,10,,n/a,n/a,n/a,0.00,0.00,n/a,n/a,"For metrics, refresh"
cheap web hosting with shopping cart,cheap web hosting with shopping cart​,n/a,n/a,0,10,,n/a,n/a,n/a,0.00,0.00,n/a,n/a,"For metrics, refresh"
cheap web hosting with wordpress,cheap web hosting with wordpress​,n/a,n/a,0,10,,n/a,n/a,n/a,9.42,0.29,n/a,n/a,"For metrics, refresh"
cheap web hosting yearly,cheap web hosting yearly​,n/a,n/a,0,10,,n/a,n/a,n/a,14.18,0.26,n/a,n/a,"For metrics, refresh"
cheap web site design and hosting,cheap web site design and hosting​,n/a,n/a,0,10,,n/a,n/a,n/a,14.79,0.32,n/a,n/a,"For metrics, refresh"
cheap web site host,cheap web site host​,n/a,n/a,0,10,,n/a,n/a,n/a,12.57,0.40,n/a,n/a,"For metrics, refresh"
cheap+web+hosting,cheap+web+hosting​,n/a,n/a,0,10,,n/a,n/a,n/a,12.57,0.40,n/a,n/a,"For metrics, refresh"
cheaper wordpress web hosting,cheaper wordpress web hosting​,n/a,n/a,0,10,,n/a,n/a,n/a,0.00,0.00,n/a,n/a,"For metrics, refresh"
dedicated server dedicated host cheap web hosting,dedicated server dedicated host cheap web hosting​,n/a,n/a,0,10,,n/a,n/a,n/a,0.00,0.00,n/a,n/a,"For metrics, refresh"
fast cheap web hosting,fast cheap web hosting​,n/a,n/a,0,10,,n/a,n/a,n/a,15.26,0.99,n/a,n/a,"For metrics, refresh"
find cheap web hosting,find cheap web hosting​,n/a,n/a,0,10,,n/a,n/a,n/a,0.00,1.00,n/a,n/a,"For metrics, refresh"
hosting cheap web catswhocode,hosting cheap web catswhocode​,n/a,n/a,0,10,,n/a,n/a,n/a,0.00,0.00,n/a,n/a,"For metrics, refresh"
how to get cheap web hosting,how to get cheap web hosting​,n/a,n/a,0,10,,n/a,n/a,n/a,0.00,0.00,n/a,n/a,"For metrics, refresh"
reliable cheap web hosting,reliable cheap web hosting​,n/a,n/a,0,10,,n/a,n/a,n/a,8.07,0.23,n/a,n/a,"For metrics, refresh"
super cheap web hosting deals catch hidden fees downsides,super cheap web hosting deals catch hidden fees downsides​,n/a,n/a,0,10,,n/a,n/a,n/a,0.00,0.00,n/a,n/a,"For metrics, refresh"
top cheap web hosting provider,top cheap web hosting provider​,n/a,n/a,0,10,,n/a,n/a,n/a,0.00,0.00,n/a,n/a,"For metrics, refresh"
uk cheap web hosting,uk cheap web hosting​,n/a,n/a,0,10,,n/a,n/a,n/a,5.57,0.05,n/a,n/a,"For metrics, refresh"
uk web hosting cheap,uk web hosting cheap​,n/a,n/a,0,10,,n/a,n/a,n/a,0.00,0.00,n/a,n/a,"For metrics, refresh"
web host cheap catswhocode,web host cheap catswhocode​,n/a,n/a,0,10,,n/a,n/a,n/a,0.00,0.01,n/a,n/a,"For metrics, refresh"
web hosting asp cheap,web hosting asp cheap​,n/a,n/a,0,10,,n/a,n/a,n/a,12.57,0.40,n/a,n/a,"For metrics, refresh"
web hosting cheap uk,web hosting cheap uk​,n/a,n/a,0,10,,n/a,n/a,n/a,5.57,0.05,n/a,n/a,"For metrics, refresh"
web hosting hosting cheap hosting,web hosting hosting cheap hosting​,n/a,n/a,0,10,,n/a,n/a,n/a,12.57,0.40,n/a,n/a,"For metrics, refresh"
web hosting plus solutions at cheap price,web hosting plus solutions at cheap price​,n/a,n/a,0,10,,n/a,n/a,n/a,0.00,0.00,n/a,n/a,"For metrics, refresh"
why are some web hosting plans so cheap red flags,why are some web hosting plans so cheap red flags​,n/a,n/a,0,10,,n/a,n/a,n/a,0.00,0.00,n/a,n/a,"For metrics, refresh"
10 best cheap web hosting companies,10 best cheap web hosting companies​,n/a,n/a,0,0,,n/a,n/a,n/a,0.00,0.00,n/a,n/a,"For metrics, refresh"
2017 cheap web hosting,2017 cheap web hosting​,n/a,n/a,0,0,,n/a,n/a,n/a,0.00,0.00,n/a,n/a,"For metrics, refresh"
a cheap web hosting $1 using liberty reserve,a cheap web hosting $1 using liberty reserve​,n/a,n/a,0,0,,n/a,n/a,n/a,0.00,0.00,n/a,n/a,"For metrics, refresh"
advantages of cheap web hosting services,advantages of cheap web hosting services​,n/a,n/a,0,0,,n/a,n/a,n/a,0.00,0.00,n/a,n/a,"For metrics, refresh"
affordable cheap hosting site web,affordable cheap hosting site web​,n/a,n/a,0,0,,n/a,n/a,n/a,12.57,0.40,n/a,n/a,"For metrics, refresh"
affordable cheap hosting web,affordable cheap hosting web​,n/a,n/a,0,0,,n/a,n/a,n/a,12.57,0.40,n/a,n/a,"For metrics, refresh"
affordable cheap web hosting,affordable cheap web hosting​,n/a,n/a,0,0,,n/a,n/a,n/a,12.57,0.40,n/a,n/a,"For metrics, refresh"
ai cheap web hosting,ai cheap web hosting​,n/a,n/a,0,0,,n/a,n/a,n/a,0.00,0.00,n/a,n/a,"For metrics, refresh"
asia web hosting cheap,asia web hosting cheap​,n/a,n/a,0,0,,n/a,n/a,n/a,0.00,0.00,n/a,n/a,"For metrics, refresh"
australia cheap hosting web,australia cheap hosting web​,n/a,n/a,0,0,,n/a,n/a,n/a,6.54,0.01,n/a,n/a,"For metrics, refresh"
australia cheap web hosting,australia cheap web hosting​,n/a,n/a,0,0,,n/a,n/a,n/a,6.54,0.01,n/a,n/a,"For metrics, refresh"
australian web hosting cheap,australian web hosting cheap​,n/a,n/a,0,0,,n/a,n/a,n/a,6.54,0.01,n/a,n/a,"For metrics, refresh"
bandwidth cheap hosting unlimited web,bandwidth cheap hosting unlimited web​,n/a,n/a,0,0,,n/a,n/a,n/a,0.00,0.00,n/a,n/a,"For metrics, refresh"
bd cheap web hosting,bd cheap web hosting​,n/a,n/a,0,0,,n/a,n/a,n/a,0.00,0.00,n/a,n/a,"For metrics, refresh"
bescontenthosting cheap web hosting,bescontenthosting cheap web hosting​,n/a,n/a,0,0,,n/a,n/a,n/a,0.00,0.00,n/a,n/a,"For metrics, refresh"
best and cheap web hosting 2017,best and cheap web hosting 2017​,n/a,n/a,0,0,,n/a,n/a,n/a,0.00,0.00,n/a,n/a,"For metrics, refresh"
best and cheap web hosting service,best and cheap web hosting service​,n/a,n/a,0,0,,n/a,n/a,n/a,11.17,0.32,n/a,n/a,"For metrics, refresh"
best cheap affordable web hosting sites,best cheap affordable web hosting sites​,n/a,n/a,0,0,,n/a,n/a,n/a,0.00,0.00,n/a,n/a,"For metrics, refresh"
best cheap business web hosting,best cheap business web hosting​,n/a,n/a,0,0,,n/a,n/a,n/a,0.00,0.00,n/a,n/a,"For metrics, refresh"
best cheap cpanel web hosting,best cheap cpanel web hosting​,n/a,n/a,0,0,,n/a,n/a,n/a,0.00,0.00,n/a,n/a,"For metrics, refresh"
best cheap ecommerce web host,best cheap ecommerce web host​,n/a,n/a,0,0,,n/a,n/a,n/a,0.00,0.00,n/a,n/a,"For metrics, refresh"
best cheap hosting web,best cheap hosting web​,n/a,n/a,0,0,,n/a,n/a,n/a,11.17,0.32,n/a,n/a,"For metrics, refresh"
best cheap offshore web hosting,best cheap offshore web hosting​,n/a,n/a,0,0,,n/a,n/a,n/a,0.00,0.00,n/a,n/a,"For metrics, refresh"
best cheap personal web hosting,best cheap personal web hosting​,n/a,n/a,0,0,,n/a,n/a,n/a,0.00,0.00,n/a,n/a,"For metrics, refresh"
best cheap personal web hosting for small business,best cheap personal web hosting for small business​,n/a,n/a,0,0,,n/a,n/a,n/a,0.00,0.00,n/a,n/a,"For metrics, refresh"
best cheap php web hosting for developers 2026,best cheap php web hosting for developers 2026​,n/a,n/a,0,0,,n/a,n/a,n/a,0.00,0.00,n/a,n/a,"For metrics, refresh"
best cheap scalable hosting for python web app 2025,best cheap scalable hosting for python web app 2025​,n/a,n/a,0,0,,n/a,n/a,n/a,0.00,0.00,n/a,n/a,"For metrics, refresh"
best cheap scalable hosting for python web apps 2024,best cheap scalable hosting for python web apps 2024​,n/a,n/a,0,0,,n/a,n/a,n/a,0.00,0.00,n/a,n/a,"For metrics, refresh"
best cheap scalable python web hosting 2024 django fastapi,best cheap scalable python web hosting 2024 django fastapi​,n/a,n/a,0,0,,n/a,n/a,n/a,0.00,0.00,n/a,n/a,"For metrics, refresh"
best cheap shared web hosting,best cheap shared web hosting​,n/a,n/a,0,0,,n/a,n/a,n/a,0.00,0.00,n/a,n/a,"For metrics, refresh"
best cheap unlimited web hosting,best cheap unlimited web hosting​,n/a,n/a,0,0,,n/a,n/a,n/a,0.00,0.00,n/a,n/a,"For metrics, refresh"
best cheap web host domains,best cheap web host domains​,n/a,n/a,0,0,,n/a,n/a,n/a,0.00,0.00,n/a,n/a,"For metrics, refresh"
best cheap web host montly payment,best cheap web host montly payment​,n/a,n/a,0,0,,n/a,n/a,n/a,0.00,0.00,n/a,n/a,"For metrics, refresh"
best cheap web hosting & domain registration company,best cheap web hosting & domain registration company​,n/a,n/a,0,0,,n/a,n/a,n/a,0.00,0.00,n/a,n/a,"For metrics, refresh"
best cheap web hosting 2013,best cheap web hosting 2013​,n/a,n/a,0,0,,n/a,n/a,n/a,0.00,0.00,n/a,n/a,"For metrics, refresh"
best cheap web hosting 2015,best cheap web hosting 2015​,n/a,n/a,0,0,,n/a,n/a,n/a,0.00,0.00,n/a,n/a,"For metrics, refresh"
best cheap web hosting 2016,best cheap web hosting 2016​,n/a,n/a,0,0,,n/a,n/a,n/a,0.00,0.00,n/a,n/a,"For metrics, refresh"
best cheap web hosting 2017,best cheap web hosting 2017​,n/a,n/a,0,0,,n/a,n/a,n/a,0.00,0.00,n/a,n/a,"For metrics, refresh"
best cheap web hosting 2018,best cheap web hosting 2018​,n/a,n/a,0,0,,n/a,n/a,n/a,0.00,0.00,n/a,n/a,"For metrics, refresh"
best cheap web hosting 2019,best cheap web hosting 2019​,n/a,n/a,0,0,,n/a,n/a,n/a,0.00,0.00,n/a,n/a,"For metrics, refresh"
best cheap web hosting 2019 reddit,best cheap web hosting 2019 reddit​,n/a,n/a,0,0,,n/a,n/a,n/a,0.00,0.00,n/a,n/a,"For metrics, refresh"
best cheap web hosting 2021,best cheap web hosting 2021​,n/a,n/a,0,0,,n/a,n/a,n/a,0.00,0.00,n/a,n/a,"For metrics, refresh"
best cheap web hosting 2025,best cheap web hosting 2025​,n/a,n/a,0,0,,n/a,n/a,n/a,0.00,0.00,n/a,n/a,"For metrics, refresh"
best cheap web hosting 2026,best cheap web hosting 2026​,n/a,n/a,0,0,,n/a,n/a,n/a,0.00,0.00,n/a,n/a,"For metrics, refresh"
best cheap web hosting and domain naim registrations services compared,best cheap web hosting and domain naim registrations services compared​,n/a,n/a,0,0,,n/a,n/a,n/a,0.00,0.00,n/a,n/a,"For metrics, refresh"
best cheap web hosting bangladesh,best cheap web hosting bangladesh​,n/a,n/a,0,0,,n/a,n/a,n/a,0.00,0.00,n/a,n/a,"For metrics, refresh"
best cheap web hosting canada,best cheap web hosting canada​,n/a,n/a,0,0,,n/a,n/a,n/a,0.00,0.00,n/a,n/a,"For metrics, refresh"
best cheap web hosting companies,best cheap web hosting companies​,n/a,n/a,0,0,,n/a,n/a,n/a,0.00,0.00,n/a,n/a,"For metrics, refresh"
best cheap web hosting company,best cheap web hosting company​,n/a,n/a,0,0,,n/a,n/a,n/a,0.00,0.00,n/a,n/a,"For metrics, refresh"
best cheap web hosting deals,best cheap web hosting deals​,n/a,n/a,0,0,,n/a,n/a,n/a,0.00,0.00,n/a,n/a,"For metrics, refresh"
best cheap web hosting deals of 2019 techradartechradar best-cheap-web-hosting,best cheap web hosting deals of 2019 techradartechradar best-cheap-web-hosting​,n/a,n/a,0,0,,n/a,n/a,n/a,0.00,0.00,n/a,n/a,"For metrics, refresh"
best cheap web hosting for beginners 2026,best cheap web hosting for beginners 2026​,n/a,n/a,0,0,,n/a,n/a,n/a,0.00,0.00,n/a,n/a,"For metrics, refresh"
best cheap web hosting for bought domain,best cheap web hosting for bought domain​,n/a,n/a,0,0,,n/a,n/a,n/a,0.00,0.00,n/a,n/a,"For metrics, refresh"
best cheap web hosting for online store,best cheap web hosting for online store​,n/a,n/a,0,0,,n/a,n/a,n/a,0.00,0.00,n/a,n/a,"For metrics, refresh"
best cheap web hosting for small business,best cheap web hosting for small business​,n/a,n/a,0,0,,n/a,n/a,n/a,0.00,0.00,n/a,n/a,"For metrics, refresh"
best cheap web hosting for small business 2026,best cheap web hosting for small business 2026​,n/a,n/a,0,0,,n/a,n/a,n/a,0.00,0.00,n/a,n/a,"For metrics, refresh"
best cheap web hosting for small business with email 2026,best cheap web hosting for small business with email 2026​,n/a,n/a,0,0,,n/a,n/a,n/a,0.00,0.00,n/a,n/a,"For metrics, refresh"
best cheap web hosting for small personal site 2025 2026,best cheap web hosting for small personal site 2025 2026​,n/a,n/a,0,0,,n/a,n/a,n/a,0.00,0.00,n/a,n/a,"For metrics, refresh"
best cheap web hosting in franklin,best cheap web hosting in franklin​,n/a,n/a,0,0,,n/a,n/a,n/a,0.00,0.00,n/a,n/a,"For metrics, refresh"
best cheap web hosting in pakistan,best cheap web hosting in pakistan​,n/a,n/a,0,0,,n/a,n/a,n/a,0.00,0.00,n/a,n/a,"For metrics, refresh"
best cheap web hosting india 2024,best cheap web hosting india 2024​,n/a,n/a,0,0,,n/a,n/a,n/a,0.00,0.00,n/a,n/a,"For metrics, refresh"
best cheap web hosting monthly,best cheap web hosting monthly​,n/a,n/a,0,0,,n/a,n/a,n/a,0.00,0.00,n/a,n/a,"For metrics, refresh"
best cheap web hosting nigeria 2024,best cheap web hosting nigeria 2024​,n/a,n/a,0,0,,n/a,n/a,n/a,0.00,0.00,n/a,n/a,"For metrics, refresh"
best cheap web hosting plans,best cheap web hosting plans​,n/a,n/a,0,0,,n/a,n/a,n/a,0.00,0.00,n/a,n/a,"For metrics, refresh"
best cheap web hosting providers 2025,best cheap web hosting providers 2025​,n/a,n/a,0,0,,n/a,n/a,n/a,0.00,0.00,n/a,n/a,"For metrics, refresh"
best cheap web hosting providers in india,best cheap web hosting providers in india​,n/a,n/a,0,0,,n/a,n/a,n/a,0.00,0.00,n/a,n/a,"For metrics, refresh"
best cheap web hosting reviews,best cheap web hosting reviews​,n/a,n/a,0,0,,n/a,n/a,n/a,0.00,0.00,n/a,n/a,"For metrics, refresh"
best cheap web hosting server,best cheap web hosting server​,n/a,n/a,0,0,,n/a,n/a,n/a,0.00,0.00,n/a,n/a,"For metrics, refresh"
best cheap web hosting services 2024,best cheap web hosting services 2024​,n/a,n/a,0,0,,n/a,n/a,n/a,0.00,0.00,n/a,n/a,"For metrics, refresh"
best cheap web hosting services 2025,best cheap web hosting services 2025​,n/a,n/a,0,0,,n/a,n/a,n/a,0.00,0.00,n/a,n/a,"For metrics, refresh"
best cheap web hosting services compared,best cheap web hosting services compared​,n/a,n/a,0,0,,n/a,n/a,n/a,0.00,0.00,n/a,n/a,"For metrics, refresh"
best cheap web hosting services for 2021,best cheap web hosting services for 2021​,n/a,n/a,0,0,,n/a,n/a,n/a,11.17,0.32,n/a,n/a,"For metrics, refresh"
best cheap web hosting south africa,best cheap web hosting south africa​,n/a,n/a,0,0,,n/a,n/a,n/a,0.00,0.00,n/a,n/a,"For metrics, refresh"
best cheap web hosting uk 2024,best cheap web hosting uk 2024​,n/a,n/a,0,0,,n/a,n/a,n/a,0.00,0.00,n/a,n/a,"For metrics, refresh"
best cheap web hosting unlimited bandwidth 2026,best cheap web hosting unlimited bandwidth 2026​,n/a,n/a,0,0,,n/a,n/a,n/a,0.00,0.00,n/a,n/a,"For metrics, refresh"
best cheap web hosting wordpress,best cheap web hosting wordpress​,n/a,n/a,0,0,,n/a,n/a,n/a,0.00,0.00,n/a,n/a,"For metrics, refresh"
best cheap windows web hosting,best cheap windows web hosting​,n/a,n/a,0,0,,n/a,n/a,n/a,0.00,0.00,n/a,n/a,"For metrics, refresh"
best rated cheap web hosting,best rated cheap web hosting​,n/a,n/a,0,0,,n/a,n/a,n/a,0.00,0.00,n/a,n/a,"For metrics, refresh"
best web host cheap,best web host cheap​,n/a,n/a,0,0,,n/a,n/a,n/a,11.17,0.32,n/a,n/a,"For metrics, refresh"
best web hosting 2017 cheap,best web hosting 2017 cheap​,n/a,n/a,0,0,,n/a,n/a,n/a,0.00,0.00,n/a,n/a,"For metrics, refresh"
best web hosting 2017 shared cheap fast my own domain,best web hosting 2017 shared cheap fast my own domain​,n/a,n/a,0,0,,n/a,n/a,n/a,0.00,0.00,n/a,n/a,"For metrics, refresh"
best web hosting cheap india,best web hosting cheap india​,n/a,n/a,0,0,,n/a,n/a,n/a,0.00,0.00,n/a,n/a,"For metrics, refresh"
best web hosting companies for cheap,best web hosting companies for cheap​,n/a,n/a,0,0,,n/a,n/a,n/a,0.00,0.00,n/a,n/a,"For metrics, refresh"
best web hosting for cheap,best web hosting for cheap​,n/a,n/a,0,0,,n/a,n/a,n/a,0.00,0.00,n/a,n/a,"For metrics, refresh"
best web hosting sites 2019 for cheap,best web hosting sites 2019 for cheap​,n/a,n/a,0,0,,n/a,n/a,n/a,0.00,0.00,n/a,n/a,"For metrics, refresh"
best web site host cheap,best web site host cheap​,n/a,n/a,0,0,,n/a,n/a,n/a,0.00,0.00,n/a,n/a,"For metrics, refresh"
best+cheap+web+hosting,best+cheap+web+hosting​,n/a,n/a,0,0,,n/a,n/a,n/a,11.17,0.32,n/a,n/a,"For metrics, refresh"
best_cheap_web_hosting,best_cheap_web_hosting​,n/a,n/a,0,0,,n/a,n/a,n/a,0.00,0.00,n/a,n/a,"For metrics, refresh"
bestcontentnhosting cheap shared web hosting,bestcontentnhosting cheap shared web hosting​,n/a,n/a,0,0,,n/a,n/a,n/a,0.00,0.00,n/a,n/a,"For metrics, refresh"
black friday cheap web hosting offer,black friday cheap web hosting offer​,n/a,n/a,0,0,,n/a,n/a,n/a,0.00,0.00,n/a,n/a,"For metrics, refresh"
business cheap hosting linux web,business cheap hosting linux web​,n/a,n/a,0,0,,n/a,n/a,n/a,0.00,0.33,n/a,n/a,"For metrics, refresh"
business cheap hosting site web web,business cheap hosting site web web​,n/a,n/a,0,0,,n/a,n/a,n/a,0.00,0.00,n/a,n/a,"For metrics, refresh"
business cheap hosting small web,business cheap hosting small web​,n/a,n/a,0,0,,n/a,n/a,n/a,8.48,0.71,n/a,n/a,"For metrics, refresh"
business web hosting cheap,business web hosting cheap​,n/a,n/a,0,0,,n/a,n/a,n/a,0.00,0.00,n/a,n/a,"For metrics, refresh"
buy a server for web hosting cheap,buy a server for web hosting cheap​,n/a,n/a,0,0,,n/a,n/a,n/a,0.00,0.00,n/a,n/a,"For metrics, refresh"
buy cheap domain and web hosting,buy cheap domain and web hosting​,n/a,n/a,0,0,,n/a,n/a,n/a,0.00,0.00,n/a,n/a,"For metrics, refresh"
buy cheap web hosting in kenya,buy cheap web hosting in kenya​,n/a,n/a,0,0,,n/a,n/a,n/a,0.00,0.00,n/a,n/a,"For metrics, refresh"
buy cheap web hosting india,buy cheap web hosting india​,n/a,n/a,0,0,,n/a,n/a,n/a,0.00,0.00,n/a,n/a,"For metrics, refresh"
buy plesk onyx web host license cheap,buy plesk onyx web host license cheap​,n/a,n/a,0,0,,n/a,n/a,n/a,0.00,0.00,n/a,n/a,"For metrics, refresh"
cache 6tzng4cdzsmj www.cheap-web-hosting-solutions.com,cache 6tzng4cdzsmj www.cheap-web-hosting-solutions.com​,n/a,n/a,0,0,,n/a,n/a,n/a,0.00,0.00,n/a,n/a,"For metrics, refresh"
cache iwtbc68cdugj 1-cheap-web-hosting.net,cache iwtbc68cdugj 1-cheap-web-hosting.net​,n/a,n/a,0,0,,n/a,n/a,n/a,0.00,0.00,n/a,n/a,"For metrics, refresh"
canada web hosting cheap,canada web hosting cheap​,n/a,n/a,0,0,,n/a,n/a,n/a,0.00,0.00,n/a,n/a,"For metrics, refresh"
canadian cheap web hosting,canadian cheap web hosting​,n/a,n/a,0,0,,n/a,n/a,n/a,0.00,0.06,n/a,n/a,"For metrics, refresh"
canadian web hosting cheap,canadian web hosting cheap​,n/a,n/a,0,0,,n/a,n/a,n/a,0.00,0.06,n/a,n/a,"For metrics, refresh"
catch with super cheap web hosting deals,catch with super cheap web hosting deals​,n/a,n/a,0,0,,n/a,n/a,n/a,0.00,0.00,n/a,n/a,"For metrics, refresh"
cheap 1 year web hosting,cheap 1 year web hosting​,n/a,n/a,0,0,,n/a,n/a,n/a,0.00,0.00,n/a,n/a,"For metrics, refresh"
cheap affordable web hosting uk,cheap affordable web hosting uk​,n/a,n/a,0,0,,n/a,n/a,n/a,0.00,0.00,n/a,n/a,"For metrics, refresh"
cheap affordable web hosts,cheap affordable web hosts​,n/a,n/a,0,0,,n/a,n/a,n/a,0.00,0.00,n/a,n/a,"For metrics, refresh"
cheap affordable web site hosting,cheap affordable web site hosting​,n/a,n/a,0,0,,n/a,n/a,n/a,12.57,0.40,n/a,n/a,"For metrics, refresh"
cheap and affordable web hosts,cheap and affordable web hosts​,n/a,n/a,0,0,,n/a,n/a,n/a,0.00,0.00,n/a,n/a,"For metrics, refresh"
cheap and best free web hosting,cheap and best free web hosting​,n/a,n/a,0,0,,n/a,n/a,n/a,0.00,0.00,n/a,n/a,"For metrics, refresh"
cheap and best web hosting india,cheap and best web hosting india​,n/a,n/a,0,0,,n/a,n/a,n/a,0.00,0.33,n/a,n/a,"For metrics, refresh"
cheap and best web hosting kerala,cheap and best web hosting kerala​,n/a,n/a,0,0,,n/a,n/a,n/a,0.00,0.00,n/a,n/a,"For metrics, refresh"
cheap and best web hosting plans,cheap and best web hosting plans​,n/a,n/a,0,0,,n/a,n/a,n/a,0.00,0.00,n/a,n/a,"For metrics, refresh"
cheap and best web hosting service provider company in india,cheap and best web hosting service provider company in india​,n/a,n/a,0,0,,n/a,n/a,n/a,0.00,0.00,n/a,n/a,"For metrics, refresh"
cheap and best web hosting services in india,cheap and best web hosting services in india​,n/a,n/a,0,0,,n/a,n/a,n/a,0.00,0.00,n/a,n/a,"For metrics, refresh"
cheap and best web hosting with free ssl,cheap and best web hosting with free ssl​,n/a,n/a,0,0,,n/a,n/a,n/a,0.00,0.00,n/a,n/a,"For metrics, refresh"
cheap and fast web host,cheap and fast web host​,n/a,n/a,0,0,,n/a,n/a,n/a,0.00,0.00,n/a,n/a,"For metrics, refresh"
cheap and good web host,cheap and good web host​,n/a,n/a,0,0,,n/a,n/a,n/a,0.00,0.00,n/a,n/a,"For metrics, refresh"
cheap and good web hosting in columbus ohio,cheap and good web hosting in columbus ohio​,n/a,n/a,0,0,,n/a,n/a,n/a,0.00,0.00,n/a,n/a,"For metrics, refresh"
cheap and quality web hosting,cheap and quality web hosting​,n/a,n/a,0,0,,n/a,n/a,n/a,0.00,0.00,n/a,n/a,"For metrics, refresh"
cheap and reliable web hosting company,cheap and reliable web hosting company​,n/a,n/a,0,0,,n/a,n/a,n/a,0.00,0.00,n/a,n/a,"For metrics, refresh"
cheap and reliable web hosting in india,cheap and reliable web hosting in india​,n/a,n/a,0,0,,n/a,n/a,n/a,0.00,0.00,n/a,n/a,"For metrics, refresh"
cheap and reliable web hosting provider,cheap and reliable web hosting provider​,n/a,n/a,0,0,,n/a,n/a,n/a,0.00,0.00,n/a,n/a,"For metrics, refresh"
cheap and secured web hosting company,cheap and secured web hosting company​,n/a,n/a,0,0,,n/a,n/a,n/a,0.00,0.00,n/a,n/a,"For metrics, refresh"
cheap anonymous web hosting,cheap anonymous web hosting​,n/a,n/a,0,0,,n/a,n/a,n/a,0.00,0.00,n/a,n/a,"For metrics, refresh"
cheap asp net web hosting india,cheap asp net web hosting india​,n/a,n/a,0,0,,n/a,n/a,n/a,0.00,0.00,n/a,n/a,"For metrics, refresh"
cheap aussie web hosting,cheap aussie web hosting​,n/a,n/a,0,0,,n/a,n/a,n/a,0.00,0.00,n/a,n/a,"For metrics, refresh"
cheap australia web hosting,cheap australia web hosting​,n/a,n/a,0,0,,n/a,n/a,n/a,6.54,0.01,n/a,n/a,"For metrics, refresh"
cheap australian web host,cheap australian web host​,n/a,n/a,0,0,,n/a,n/a,n/a,0.00,0.00,n/a,n/a,"For metrics, refresh"
cheap best web hosting 2020,cheap best web hosting 2020​,n/a,n/a,0,0,,n/a,n/a,n/a,0.00,0.00,n/a,n/a,"For metrics, refresh"
cheap best web hosting companies,cheap best web hosting companies​,n/a,n/a,0,0,,n/a,n/a,n/a,0.00,0.00,n/a,n/a,"For metrics, refresh"
cheap best web hosting providers,cheap best web hosting providers​,n/a,n/a,0,0,,n/a,n/a,n/a,0.00,0.00,n/a,n/a,"For metrics, refresh"
cheap black friday web hosting deals 2025,cheap black friday web hosting deals 2025​,n/a,n/a,0,0,,n/a,n/a,n/a,0.00,0.00,n/a,n/a,"For metrics, refresh"
cheap black friday web hosting offers 2025,cheap black friday web hosting offers 2025​,n/a,n/a,0,0,,n/a,n/a,n/a,0.00,0.00,n/a,n/a,"For metrics, refresh"
cheap blog web host,cheap blog web host​,n/a,n/a,0,0,,n/a,n/a,n/a,0.00,0.00,n/a,n/a,"For metrics, refresh"
cheap bulletproof cpanel web hosting,cheap bulletproof cpanel web hosting​,n/a,n/a,0,0,,n/a,n/a,n/a,0.00,0.00,n/a,n/a,"For metrics, refresh"
cheap bulletproof web hosting,cheap bulletproof web hosting​,n/a,n/a,0,0,,n/a,n/a,n/a,0.00,0.00,n/a,n/a,"For metrics, refresh"
cheap business web hosting amman,cheap business web hosting amman​,n/a,n/a,0,0,,n/a,n/a,n/a,0.00,0.00,n/a,n/a,"For metrics, refresh"
cheap business web hosting amman jordan,cheap business web hosting amman jordan​,n/a,n/a,0,0,,n/a,n/a,n/a,0.00,0.00,n/a,n/a,"For metrics, refresh"
cheap business web hosting web site,cheap business web hosting web site​,n/a,n/a,0,0,,n/a,n/a,n/a,0.00,0.00,n/a,n/a,"For metrics, refresh"
cheap business web site hosting,cheap business web site hosting​,n/a,n/a,0,0,,n/a,n/a,n/a,0.00,0.00,n/a,n/a,"For metrics, refresh"
cheap but good web hosting services,cheap but good web hosting services​,n/a,n/a,0,0,,n/a,n/a,n/a,0.00,0.00,n/a,n/a,"For metrics, refresh"
cheap by the month web hosts,cheap by the month web hosts​,n/a,n/a,0,0,,n/a,n/a,n/a,0.00,0.00,n/a,n/a,"For metrics, refresh"
cheap canada web hosting,cheap canada web hosting​,n/a,n/a,0,0,,n/a,n/a,n/a,0.00,0.06,n/a,n/a,"For metrics, refresh"
cheap cgi web hosting,cheap cgi web hosting​,n/a,n/a,0,0,,n/a,n/a,n/a,12.57,0.40,n/a,n/a,"For metrics, refresh"
cheap cost hosting low web,cheap cost hosting low web​,n/a,n/a,0,0,,n/a,n/a,n/a,0.00,0.00,n/a,n/a,"For metrics, refresh"
cheap cpanel web hosting australia,cheap cpanel web hosting australia​,n/a,n/a,0,0,,n/a,n/a,n/a,0.00,0.00,n/a,n/a,"For metrics, refresh"
cheap cryptocurrency web hosting,cheap cryptocurrency web hosting​,n/a,n/a,0,0,,n/a,n/a,n/a,0.00,0.00,n/a,n/a,"For metrics, refresh"
cheap dedicated hosting web,cheap dedicated hosting web​,n/a,n/a,0,0,,n/a,n/a,n/a,6.51,0.15,n/a,n/a,"For metrics, refresh"
cheap dedicated server web hosting services,cheap dedicated server web hosting services​,n/a,n/a,0,0,,n/a,n/a,n/a,0.00,0.00,n/a,n/a,"For metrics, refresh"
cheap domain and web hosting in pakistan,cheap domain and web hosting in pakistan​,n/a,n/a,0,0,,n/a,n/a,n/a,0.00,0.00,n/a,n/a,"For metrics, refresh"
cheap domain and web hosting in pakistan pakchamp,cheap domain and web hosting in pakistan pakchamp​,n/a,n/a,0,0,,n/a,n/a,n/a,0.00,0.00,n/a,n/a,"For metrics, refresh"
cheap domain and web hosting package in india,cheap domain and web hosting package in india​,n/a,n/a,0,0,,n/a,n/a,n/a,0.00,0.00,n/a,n/a,"For metrics, refresh"
cheap domain free web hosting,cheap domain free web hosting​,n/a,n/a,0,0,,n/a,n/a,n/a,15.01,0.49,n/a,n/a,"For metrics, refresh"
cheap domain hosting active web,cheap domain hosting active web​,n/a,n/a,0,0,,n/a,n/a,n/a,0.00,0.00,n/a,n/a,"For metrics, refresh"
cheap domain hosting hosting web,cheap domain hosting hosting web​,n/a,n/a,0,0,,n/a,n/a,n/a,15.27,0.36,n/a,n/a,"For metrics, refresh"
cheap domain hosting with email web windows,cheap domain hosting with email web windows​,n/a,n/a,0,0,,n/a,n/a,n/a,0.00,0.00,n/a,n/a,"For metrics, refresh"
cheap domain name registration and web hosting,cheap domain name registration and web hosting​,n/a,n/a,0,0,,n/a,n/a,n/a,0.00,0.00,n/a,n/a,"For metrics, refresh"
cheap domain names and web hosting,cheap domain names and web hosting​,n/a,n/a,0,0,,n/a,n/a,n/a,14.78,0.46,n/a,n/a,"For metrics, refresh"
cheap domain web host,cheap domain web host​,n/a,n/a,0,0,,n/a,n/a,n/a,15.27,0.36,n/a,n/a,"For metrics, refresh"
cheap domain with web hosting,cheap domain with web hosting​,n/a,n/a,0,0,,n/a,n/a,n/a,0.00,0.00,n/a,n/a,"For metrics, refresh"
cheap domains and web hosting for kids,cheap domains and web hosting for kids​,n/a,n/a,0,0,,n/a,n/a,n/a,0.00,0.00,n/a,n/a,"For metrics, refresh"
cheap domains web hosting,cheap domains web hosting​,n/a,n/a,0,0,,n/a,n/a,n/a,15.27,0.36,n/a,n/a,"For metrics, refresh"
cheap e commerce web hosting,cheap e commerce web hosting​,n/a,n/a,0,0,,n/a,n/a,n/a,0.00,0.10,n/a,n/a,"For metrics, refresh"
cheap easy photographer web hosting,cheap easy photographer web hosting​,n/a,n/a,0,0,,n/a,n/a,n/a,0.00,0.00,n/a,n/a,"For metrics, refresh"
cheap ecommerce hosting web,cheap ecommerce hosting web​,n/a,n/a,0,0,,n/a,n/a,n/a,0.00,0.10,n/a,n/a,"For metrics, refresh"
cheap ecommerce web hosting services india,cheap ecommerce web hosting services india​,n/a,n/a,0,0,,n/a,n/a,n/a,0.00,0.00,n/a,n/a,"For metrics, refresh"
cheap ecommerce web site hosting,cheap ecommerce web site hosting​,n/a,n/a,0,0,,n/a,n/a,n/a,0.00,0.10,n/a,n/a,"For metrics, refresh"
cheap efficent and secure web host,cheap efficent and secure web host​,n/a,n/a,0,0,,n/a,n/a,n/a,0.00,0.00,n/a,n/a,"For metrics, refresh"
cheap email and web hosting,cheap email and web hosting​,n/a,n/a,0,0,,n/a,n/a,n/a,5.97,0.33,n/a,n/a,"For metrics, refresh"
cheap enterprise web hosting,cheap enterprise web hosting​,n/a,n/a,0,0,,n/a,n/a,n/a,0.00,0.00,n/a,n/a,"For metrics, refresh"
cheap european web hosting,cheap european web hosting​,n/a,n/a,0,0,,n/a,n/a,n/a,0.00,0.00,n/a,n/a,"For metrics, refresh"
cheap free web hosting with unlimited storage and bandwidth,cheap free web hosting with unlimited storage and bandwidth​,n/a,n/a,0,0,,n/a,n/a,n/a,0.00,0.00,n/a,n/a,"For metrics, refresh"
cheap ftp web hosting,cheap ftp web hosting​,n/a,n/a,0,0,,n/a,n/a,n/a,10.52,0.54,n/a,n/a,"For metrics, refresh"
cheap gcp web hosting,cheap gcp web hosting​,n/a,n/a,0,0,,n/a,n/a,n/a,0.00,0.00,n/a,n/a,"For metrics, refresh"
cheap good web hosting services,cheap good web hosting services​,n/a,n/a,0,0,,n/a,n/a,n/a,0.00,0.00,n/a,n/a,"For metrics, refresh"
cheap high quality web hosting for multiple websites,cheap high quality web hosting for multiple websites​,n/a,n/a,0,0,,n/a,n/a,n/a,0.00,0.00,n/a,n/a,"For metrics, refresh"
cheap hosting and web design,cheap hosting and web design​,n/a,n/a,0,0,,n/a,n/a,n/a,11.01,1.00,n/a,n/a,"For metrics, refresh"
cheap hosting for web developers,cheap hosting for web developers​,n/a,n/a,0,0,,n/a,n/a,n/a,0.00,0.00,n/a,n/a,"For metrics, refresh"
cheap hosting hosting web,cheap hosting hosting web​,n/a,n/a,0,0,,n/a,n/a,n/a,12.57,0.40,n/a,n/a,"For metrics, refresh"
cheap hosting inexpensive web,cheap hosting inexpensive web​,n/a,n/a,0,0,,n/a,n/a,n/a,0.00,0.33,n/a,n/a,"For metrics, refresh"
cheap hosting package web,cheap hosting package web​,n/a,n/a,0,0,,n/a,n/a,n/a,0.00,0.86,n/a,n/a,"For metrics, refresh"
cheap hosting php web,cheap hosting php web​,n/a,n/a,0,0,,n/a,n/a,n/a,0.00,0.00,n/a,n/a,"For metrics, refresh"
cheap hosting plan web,cheap hosting plan web​,n/a,n/a,0,0,,n/a,n/a,n/a,0.00,0.00,n/a,n/a,"For metrics, refresh"
cheap hosting service uk web,cheap hosting service uk web​,n/a,n/a,0,0,,n/a,n/a,n/a,5.57,0.05,n/a,n/a,"For metrics, refresh"
cheap hosting service web,cheap hosting service web​,n/a,n/a,0,0,,n/a,n/a,n/a,0.00,0.06,n/a,n/a,"For metrics, refresh"
cheap hosting services web,cheap hosting services web​,n/a,n/a,0,0,,n/a,n/a,n/a,0.00,0.06,n/a,n/a,"For metrics, refresh"
cheap hosting solution web,cheap hosting solution web​,n/a,n/a,0,0,,n/a,n/a,n/a,11.48,0.29,n/a,n/a,"For metrics, refresh"
cheap hosting uk web,cheap hosting uk web​,n/a,n/a,0,0,,n/a,n/a,n/a,5.57,0.05,n/a,n/a,"For metrics, refresh"
cheap hosting unlimited web,cheap hosting unlimited web​,n/a,n/a,0,0,,n/a,n/a,n/a,0.00,0.00,n/a,n/a,"For metrics, refresh"
cheap hosting very web,cheap hosting very web​,n/a,n/a,0,0,,n/a,n/a,n/a,12.57,0.40,n/a,n/a,"For metrics, refresh"
cheap hosting virtual web,cheap hosting virtual web​,n/a,n/a,0,0,,n/a,n/a,n/a,0.00,0.00,n/a,n/a,"For metrics, refresh"
cheap hosting web hosting,cheap hosting web hosting​,n/a,n/a,0,0,,n/a,n/a,n/a,0.00,0.00,n/a,n/a,"For metrics, refresh"
cheap hosting web package,cheap hosting web package​,n/a,n/a,0,0,,n/a,n/a,n/a,0.00,0.00,n/a,n/a,"For metrics, refresh"
cheap hosting web site,cheap hosting web site​,n/a,n/a,0,0,,n/a,n/a,n/a,12.57,0.40,n/a,n/a,"For metrics, refresh"
cheap hosting web yearly,cheap hosting web yearly​,n/a,n/a,0,0,,n/a,n/a,n/a,14.18,0.26,n/a,n/a,"For metrics, refresh"
cheap https web hosting,cheap https web hosting​,n/a,n/a,0,0,,n/a,n/a,n/a,0.00,0.00,n/a,n/a,"For metrics, refresh"
cheap inexpensive web hosting,cheap inexpensive web hosting​,n/a,n/a,0,0,,n/a,n/a,n/a,12.57,0.40,n/a,n/a,"For metrics, refresh"
cheap international web hosting,cheap international web hosting​,n/a,n/a,0,0,,n/a,n/a,n/a,0.00,0.00,n/a,n/a,"For metrics, refresh"
cheap internet web site hosting,cheap internet web site hosting​,n/a,n/a,0,0,,n/a,n/a,n/a,0.00,0.00,n/a,n/a,"For metrics, refresh"
cheap java web hosting,cheap java web hosting​,n/a,n/a,0,0,,n/a,n/a,n/a,0.00,0.00,n/a,n/a,"For metrics, refresh"
cheap java web hosting india,cheap java web hosting india​,n/a,n/a,0,0,,n/a,n/a,n/a,0.00,0.00,n/a,n/a,"For metrics, refresh"
cheap lifetime unlimited web hosting,cheap lifetime unlimited web hosting​,n/a,n/a,0,0,,n/a,n/a,n/a,0.00,0.00,n/a,n/a,"For metrics, refresh"
cheap lifetime web hosting,cheap lifetime web hosting​,n/a,n/a,0,0,,n/a,n/a,n/a,0.00,0.00,n/a,n/a,"For metrics, refresh"
cheap linux web cloud hosting website,cheap linux web cloud hosting website​,n/a,n/a,0,0,,n/a,n/a,n/a,0.00,0.00,n/a,n/a,"For metrics, refresh"
cheap linux web site hosting,cheap linux web site hosting​,n/a,n/a,0,0,,n/a,n/a,n/a,7.77,0.20,n/a,n/a,"For metrics, refresh"
cheap magento 1 web host,cheap magento 1 web host​,n/a,n/a,0,0,,n/a,n/a,n/a,0.00,0.00,n/a,n/a,"For metrics, refresh"
cheap magento 1 web hosting,cheap magento 1 web hosting​,n/a,n/a,0,0,,n/a,n/a,n/a,0.00,0.00,n/a,n/a,"For metrics, refresh"
cheap magento 2 web host,cheap magento 2 web host​,n/a,n/a,0,0,,n/a,n/a,n/a,0.00,0.00,n/a,n/a,"For metrics, refresh"
cheap magento 2 web hosting,cheap magento 2 web hosting​,n/a,n/a,0,0,,n/a,n/a,n/a,0.00,0.00,n/a,n/a,"For metrics, refresh"
cheap minecraft web hosting,cheap minecraft web hosting​,n/a,n/a,0,0,,n/a,n/a,n/a,0.00,0.00,n/a,n/a,"For metrics, refresh"
cheap monthly payment web hosting,cheap monthly payment web hosting​,n/a,n/a,0,0,,n/a,n/a,n/a,0.00,0.00,n/a,n/a,"For metrics, refresh"
cheap monthly web hosting plans,cheap monthly web hosting plans​,n/a,n/a,0,0,,n/a,n/a,n/a,0.00,1.00,n/a,n/a,"For metrics, refresh"
cheap monthly web hosting word press,cheap monthly web hosting word press​,n/a,n/a,0,0,,n/a,n/a,n/a,0.00,0.00,n/a,n/a,"For metrics, refresh"
cheap no ads web host,cheap no ads web host​,n/a,n/a,0,0,,n/a,n/a,n/a,0.00,0.00,n/a,n/a,"For metrics, refresh"
cheap nvme web hosting,cheap nvme web hosting​,n/a,n/a,0,0,,n/a,n/a,n/a,0.00,0.00,n/a,n/a,"For metrics, refresh"
cheap nz web hosting,cheap nz web hosting​,n/a,n/a,0,0,,n/a,n/a,n/a,12.57,0.40,n/a,n/a,"For metrics, refresh"
cheap offshore web hosting that bitcoin payment,cheap offshore web hosting that bitcoin payment​,n/a,n/a,0,0,,n/a,n/a,n/a,0.00,0.00,n/a,n/a,"For metrics, refresh"
cheap offshore web hosting wordpress,cheap offshore web hosting wordpress​,n/a,n/a,0,0,,n/a,n/a,n/a,0.00,0.00,n/a,n/a,"For metrics, refresh"
cheap one page web hosting,cheap one page web hosting​,n/a,n/a,0,0,,n/a,n/a,n/a,0.00,0.00,n/a,n/a,"For metrics, refresh"
cheap online store web hosting,cheap online store web hosting​,n/a,n/a,0,0,,n/a,n/a,n/a,0.00,0.00,n/a,n/a,"For metrics, refresh"
cheap package hosting web,cheap package hosting web​,n/a,n/a,0,0,,n/a,n/a,n/a,0.00,0.00,n/a,n/a,"For metrics, refresh"
cheap package web hosting,cheap package web hosting​,n/a,n/a,0,0,,n/a,n/a,n/a,6.51,0.15,n/a,n/a,"For metrics, refresh"
cheap paid web hosting,cheap paid web hosting​,n/a,n/a,0,0,,n/a,n/a,n/a,0.00,0.00,n/a,n/a,"For metrics, refresh"
cheap paypal web hosting,cheap paypal web hosting​,n/a,n/a,0,0,,n/a,n/a,n/a,0.00,0.00,n/a,n/a,"For metrics, refresh"
cheap pbn seo web hosting,cheap pbn seo web hosting​,n/a,n/a,0,0,,n/a,n/a,n/a,0.00,0.00,n/a,n/a,"For metrics, refresh"
cheap pbn web hosting,cheap pbn web hosting​,n/a,n/a,0,0,,n/a,n/a,n/a,0.00,0.00,n/a,n/a,"For metrics, refresh"
cheap personal web hosting,cheap personal web hosting​,n/a,n/a,0,0,,n/a,n/a,n/a,11.08,0.59,n/a,n/a,"For metrics, refresh"
cheap personal web hosting uk,cheap personal web hosting uk​,n/a,n/a,0,0,,n/a,n/a,n/a,0.00,0.00,n/a,n/a,"For metrics, refresh"
cheap philippine web hosting,cheap philippine web hosting​,n/a,n/a,0,0,,n/a,n/a,n/a,0.00,0.33,n/a,n/a,"For metrics, refresh"
cheap reliable web hosting 2015,cheap reliable web hosting 2015​,n/a,n/a,0,0,,n/a,n/a,n/a,0.00,0.00,n/a,n/a,"For metrics, refresh"
cheap reliable web hosting australia,cheap reliable web hosting australia​,n/a,n/a,0,0,,n/a,n/a,n/a,0.00,0.00,n/a,n/a,"For metrics, refresh"
cheap reliable web hosting from webhostinghub com,cheap reliable web hosting from webhostinghub com​,n/a,n/a,0,0,,n/a,n/a,n/a,0.00,0.00,n/a,n/a,"For metrics, refresh"
cheap reliable web hosting provider,cheap reliable web hosting provider​,n/a,n/a,0,0,,n/a,n/a,n/a,0.00,0.00,n/a,n/a,"For metrics, refresh"
cheap reliable web hosting providers,cheap reliable web hosting providers​,n/a,n/a,0,0,,n/a,n/a,n/a,0.00,0.00,n/a,n/a,"For metrics, refresh"
cheap reliable web hosting providers 2025,cheap reliable web hosting providers 2025​,n/a,n/a,0,0,,n/a,n/a,n/a,0.00,0.00,n/a,n/a,"For metrics, refresh"
cheap reliable web hosting uk,cheap reliable web hosting uk​,n/a,n/a,0,0,,n/a,n/a,n/a,0.00,0.00,n/a,n/a,"For metrics, refresh"
cheap reliable web hosts,cheap reliable web hosts​,n/a,n/a,0,0,,n/a,n/a,n/a,0.00,0.00,n/a,n/a,"For metrics, refresh"
cheap reseller hosting web hosting,cheap reseller hosting web hosting​,n/a,n/a,0,0,,n/a,n/a,n/a,0.00,0.00,n/a,n/a,"For metrics, refresh"
cheap reseller web host,cheap reseller web host​,n/a,n/a,0,0,,n/a,n/a,n/a,7.25,0.08,n/a,n/a,"For metrics, refresh"
cheap reseller web hosting uk,cheap reseller web hosting uk​,n/a,n/a,0,0,,n/a,n/a,n/a,7.25,0.08,n/a,n/a,"For metrics, refresh"
cheap reseller web hosting usa,cheap reseller web hosting usa​,n/a,n/a,0,0,,n/a,n/a,n/a,0.00,0.00,n/a,n/a,"For metrics, refresh"
cheap reseller web hosting with free whmcs license,cheap reseller web hosting with free whmcs license​,n/a,n/a,0,0,,n/a,n/a,n/a,0.00,0.00,n/a,n/a,"For metrics, refresh"
cheap reseller web hosting with unlimited space,cheap reseller web hosting with unlimited space​,n/a,n/a,0,0,,n/a,n/a,n/a,0.00,0.00,n/a,n/a,"For metrics, refresh"
cheap russian web hosting,cheap russian web hosting​,n/a,n/a,0,0,,n/a,n/a,n/a,0.00,0.00,n/a,n/a,"For metrics, refresh"
cheap server for web hosting,cheap server for web hosting​,n/a,n/a,0,0,,n/a,n/a,n/a,0.00,0.00,n/a,n/a,"For metrics, refresh"
cheap server web hosting,cheap server web hosting​,n/a,n/a,0,0,,n/a,n/a,n/a,0.00,0.00,n/a,n/a,"For metrics, refresh"
cheap servers web hosting,cheap servers web hosting​,n/a,n/a,0,0,,n/a,n/a,n/a,0.00,0.00,n/a,n/a,"For metrics, refresh"
cheap shared web hosting 2026,cheap shared web hosting 2026​,n/a,n/a,0,0,,n/a,n/a,n/a,0.00,0.00,n/a,n/a,"For metrics, refresh"
cheap shared web hosting in india,cheap shared web hosting in india​,n/a,n/a,0,0,,n/a,n/a,n/a,0.00,0.00,n/a,n/a,"For metrics, refresh"
cheap shared web hosting in kenya,cheap shared web hosting in kenya​,n/a,n/a,0,0,,n/a,n/a,n/a,0.00,0.00,n/a,n/a,"For metrics, refresh"
cheap shared web hosting list,cheap shared web hosting list​,n/a,n/a,0,0,,n/a,n/a,n/a,0.00,0.00,n/a,n/a,"For metrics, refresh"
cheap shared web hosting service,cheap shared web hosting service​,n/a,n/a,0,0,,n/a,n/a,n/a,0.00,0.00,n/a,n/a,"For metrics, refresh"
cheap singapore web hosting,cheap singapore web hosting​,n/a,n/a,0,0,,n/a,n/a,n/a,0.00,0.33,n/a,n/a,"For metrics, refresh"
cheap singapore web hosting providers list,cheap singapore web hosting providers list​,n/a,n/a,0,0,,n/a,n/a,n/a,0.00,0.00,n/a,n/a,"For metrics, refresh"
cheap sports team web hosting,cheap sports team web hosting​,n/a,n/a,0,0,,n/a,n/a,n/a,0.00,0.00,n/a,n/a,"For metrics, refresh"
cheap ssd vps web hosting,cheap ssd vps web hosting​,n/a,n/a,0,0,,n/a,n/a,n/a,0.00,0.00,n/a,n/a,"For metrics, refresh"
cheap ssd vps web hosting with cpanel,cheap ssd vps web hosting with cpanel​,n/a,n/a,0,0,,n/a,n/a,n/a,0.00,0.00,n/a,n/a,"For metrics, refresh"
cheap ssd web hosting india,cheap ssd web hosting india​,n/a,n/a,0,0,,n/a,n/a,n/a,0.00,0.00,n/a,n/a,"For metrics, refresh"
cheap temporary web hosting,cheap temporary web hosting​,n/a,n/a,0,0,,n/a,n/a,n/a,0.00,0.00,n/a,n/a,"For metrics, refresh"
cheap tomcat web hosting,cheap tomcat web hosting​,n/a,n/a,0,0,,n/a,n/a,n/a,0.00,0.00,n/a,n/a,"For metrics, refresh"
cheap uk based web hosting,cheap uk based web hosting​,n/a,n/a,0,0,,n/a,n/a,n/a,0.00,0.00,n/a,n/a,"For metrics, refresh"
cheap uk web host,cheap uk web host​,n/a,n/a,0,0,,n/a,n/a,n/a,5.57,0.05,n/a,n/a,"For metrics, refresh"
cheap uk web hosting providers,cheap uk web hosting providers​,n/a,n/a,0,0,,n/a,n/a,n/a,0.00,0.00,n/a,n/a,"For metrics, refresh"
cheap uk web hosting reviews,cheap uk web hosting reviews​,n/a,n/a,0,0,,n/a,n/a,n/a,0.00,0.00,n/a,n/a,"For metrics, refresh"
cheap uk web hosting service,cheap uk web hosting service​,n/a,n/a,0,0,,n/a,n/a,n/a,0.00,0.00,n/a,n/a,"For metrics, refresh"
cheap uk web hosting wordpress,cheap uk web hosting wordpress​,n/a,n/a,0,0,,n/a,n/a,n/a,9.42,0.29,n/a,n/a,"For metrics, refresh"
cheap uk web hosts,cheap uk web hosts​,n/a,n/a,0,0,,n/a,n/a,n/a,5.57,0.05,n/a,n/a,"For metrics, refresh"
cheap unix web site hosting,cheap unix web site hosting​,n/a,n/a,0,0,,n/a,n/a,n/a,12.57,0.40,n/a,n/a,"For metrics, refresh"
cheap unlimited cpanel web hosting,cheap unlimited cpanel web hosting​,n/a,n/a,0,0,,n/a,n/a,n/a,0.00,0.00,n/a,n/a,"For metrics, refresh"
cheap unlimited web host,cheap unlimited web host​,n/a,n/a,0,0,,n/a,n/a,n/a,0.00,0.00,n/a,n/a,"For metrics, refresh"
cheap unlimited web hosting and emails,cheap unlimited web hosting and emails​,n/a,n/a,0,0,,n/a,n/a,n/a,0.00,0.00,n/a,n/a,"For metrics, refresh"
cheap unlimited web hosting free domain,cheap unlimited web hosting free domain​,n/a,n/a,0,0,,n/a,n/a,n/a,0.00,0.00,n/a,n/a,"For metrics, refresh"
cheap unlimited web hosting india,cheap unlimited web hosting india​,n/a,n/a,0,0,,n/a,n/a,n/a,0.00,0.00,n/a,n/a,"For metrics, refresh"
cheap unlimited web hosting uk,cheap unlimited web hosting uk​,n/a,n/a,0,0,,n/a,n/a,n/a,0.00,0.00,n/a,n/a,"For metrics, refresh"
cheap unlimited web hosting with unlimited bandwidth,cheap unlimited web hosting with unlimited bandwidth​,n/a,n/a,0,0,,n/a,n/a,n/a,0.00,0.00,n/a,n/a,"For metrics, refresh"
cheap unlimited web hosting with unlimited domains,cheap unlimited web hosting with unlimited domains​,n/a,n/a,0,0,,n/a,n/a,n/a,0.00,0.00,n/a,n/a,"For metrics, refresh"
cheap us web hosting services,cheap us web hosting services​,n/a,n/a,0,0,,n/a,n/a,n/a,0.00,0.00,n/a,n/a,"For metrics, refresh"
cheap usa web hosting,cheap usa web hosting​,n/a,n/a,0,0,,n/a,n/a,n/a,0.00,0.00,n/a,n/a,"For metrics, refresh"
cheap video web hosting,cheap video web hosting​,n/a,n/a,0,0,,n/a,n/a,n/a,0.00,0.00,n/a,n/a,"For metrics, refresh"
cheap virtual web hosting,cheap virtual web hosting​,n/a,n/a,0,0,,n/a,n/a,n/a,6.30,0.61,n/a,n/a,"For metrics, refresh"
cheap vps monthly web hosting,cheap vps monthly web hosting​,n/a,n/a,0,0,,n/a,n/a,n/a,0.00,0.00,n/a,n/a,"For metrics, refresh"
cheap vs premium web hosting comparison,cheap vs premium web hosting comparison​,n/a,n/a,0,0,,n/a,n/a,n/a,0.00,0.00,n/a,n/a,"For metrics, refresh"
cheap vs premium web hosting differences,cheap vs premium web hosting differences​,n/a,n/a,0,0,,n/a,n/a,n/a,0.00,0.00,n/a,n/a,"For metrics, refresh"
cheap vs. expensive web hosting,cheap vs. expensive web hosting​,n/a,n/a,0,0,,n/a,n/a,n/a,0.00,0.00,n/a,n/a,"For metrics, refresh"
cheap web and email hosting uk,cheap web and email hosting uk​,n/a,n/a,0,0,,n/a,n/a,n/a,0.00,0.00,n/a,n/a,"For metrics, refresh"
cheap web api hosting,cheap web api hosting​,n/a,n/a,0,0,,n/a,n/a,n/a,0.00,0.00,n/a,n/a,"For metrics, refresh"
cheap web cam hosting,cheap web cam hosting​,n/a,n/a,0,0,,n/a,n/a,n/a,0.00,0.00,n/a,n/a,"For metrics, refresh"
cheap web design and hosting australia,cheap web design and hosting australia​,n/a,n/a,0,0,,n/a,n/a,n/a,0.00,0.00,n/a,n/a,"For metrics, refresh"
cheap web design and hosting for small business,cheap web design and hosting for small business​,n/a,n/a,0,0,,n/a,n/a,n/a,0.00,0.00,n/a,n/a,"For metrics, refresh"
cheap web design and hosting malaysia,cheap web design and hosting malaysia​,n/a,n/a,0,0,,n/a,n/a,n/a,0.00,0.00,n/a,n/a,"For metrics, refresh"
cheap web design and hosting near me,cheap web design and hosting near me​,n/a,n/a,0,0,,n/a,n/a,n/a,0.00,0.00,n/a,n/a,"For metrics, refresh"
cheap web design and hosting online,cheap web design and hosting online​,n/a,n/a,0,0,,n/a,n/a,n/a,0.00,0.00,n/a,n/a,"For metrics, refresh"
cheap web design and hosting services,cheap web design and hosting services​,n/a,n/a,0,0,,n/a,n/a,n/a,0.00,0.00,n/a,n/a,"For metrics, refresh"
cheap web design and hosting uk,cheap web design and hosting uk​,n/a,n/a,0,0,,n/a,n/a,n/a,0.00,0.00,n/a,n/a,"For metrics, refresh"
cheap web domain and hosting,cheap web domain and hosting​,n/a,n/a,0,0,,n/a,n/a,n/a,10.99,0.62,n/a,n/a,"For metrics, refresh"
cheap web domains and hosting,cheap web domains and hosting​,n/a,n/a,0,0,,n/a,n/a,n/a,10.99,0.62,n/a,n/a,"For metrics, refresh"
cheap web host and domain,cheap web host and domain​,n/a,n/a,0,0,,n/a,n/a,n/a,15.27,0.36,n/a,n/a,"For metrics, refresh"
cheap web host australia,cheap web host australia​,n/a,n/a,0,0,,n/a,n/a,n/a,6.54,0.01,n/a,n/a,"For metrics, refresh"
cheap web host canada,cheap web host canada​,n/a,n/a,0,0,,n/a,n/a,n/a,0.00,0.00,n/a,n/a,"For metrics, refresh"
cheap web host in nigeria,cheap web host in nigeria​,n/a,n/a,0,0,,n/a,n/a,n/a,0.00,0.00,n/a,n/a,"For metrics, refresh"
cheap web host india,cheap web host india​,n/a,n/a,0,0,,n/a,n/a,n/a,3.16,0.17,n/a,n/a,"For metrics, refresh"
cheap web host name servers,cheap web host name servers​,n/a,n/a,0,0,,n/a,n/a,n/a,0.00,0.00,n/a,n/a,"For metrics, refresh"
cheap web host providers,cheap web host providers​,n/a,n/a,0,0,,n/a,n/a,n/a,0.00,0.00,n/a,n/a,"For metrics, refresh"
cheap web host reseller,cheap web host reseller​,n/a,n/a,0,0,,n/a,n/a,n/a,0.00,0.00,n/a,n/a,"For metrics, refresh"
cheap web host that is easy to creat,cheap web host that is easy to creat​,n/a,n/a,0,0,,n/a,n/a,n/a,0.00,0.00,n/a,n/a,"For metrics, refresh"
cheap web host uk,cheap web host uk​,n/a,n/a,0,0,,n/a,n/a,n/a,0.00,0.00,n/a,n/a,"For metrics, refresh"
cheap web host with builder,cheap web host with builder​,n/a,n/a,0,0,,n/a,n/a,n/a,0.00,0.00,n/a,n/a,"For metrics, refresh"
cheap web host with email,cheap web host with email​,n/a,n/a,0,0,,n/a,n/a,n/a,0.00,0.00,n/a,n/a,"For metrics, refresh"
cheap web host with ssh,cheap web host with ssh​,n/a,n/a,0,0,,n/a,n/a,n/a,0.00,0.00,n/a,n/a,"For metrics, refresh"
cheap web hoster,cheap web hoster​,n/a,n/a,0,0,,n/a,n/a,n/a,12.57,0.40,n/a,n/a,"For metrics, refresh"
cheap web hosting -1,cheap web hosting -1​,n/a,n/a,0,0,,n/a,n/a,n/a,12.57,0.40,n/a,n/a,"For metrics, refresh"
cheap web hosting .uk,cheap web hosting .uk​,n/a,n/a,0,0,,n/a,n/a,n/a,5.57,0.05,n/a,n/a,"For metrics, refresh"
cheap web hosting 1 per month,cheap web hosting 1 per month​,n/a,n/a,0,0,,n/a,n/a,n/a,0.00,0.00,n/a,n/a,"For metrics, refresh"
cheap web hosting 1 year,cheap web hosting 1 year​,n/a,n/a,0,0,,n/a,n/a,n/a,0.00,0.00,n/a,n/a,"For metrics, refresh"
cheap web hosting 10 year,cheap web hosting 10 year​,n/a,n/a,0,0,,n/a,n/a,n/a,0.00,0.00,n/a,n/a,"For metrics, refresh"
cheap web hosting 2014,cheap web hosting 2014​,n/a,n/a,0,0,,n/a,n/a,n/a,0.00,0.00,n/a,n/a,"For metrics, refresh"
cheap web hosting 2015,cheap web hosting 2015​,n/a,n/a,0,0,,n/a,n/a,n/a,0.00,0.00,n/a,n/a,"For metrics, refresh"
cheap web hosting 2017,cheap web hosting 2017​,n/a,n/a,0,0,,n/a,n/a,n/a,0.00,0.00,n/a,n/a,"For metrics, refresh"
cheap web hosting 2019,cheap web hosting 2019​,n/a,n/a,0,0,,n/a,n/a,n/a,0.00,0.00,n/a,n/a,"For metrics, refresh"
cheap web hosting 2020,cheap web hosting 2020​,n/a,n/a,0,0,,n/a,n/a,n/a,0.00,0.00,n/a,n/a,"For metrics, refresh"
cheap web hosting 2021,cheap web hosting 2021​,n/a,n/a,0,0,,n/a,n/a,n/a,0.00,0.00,n/a,n/a,"For metrics, refresh"
cheap web hosting 2022,cheap web hosting 2022​,n/a,n/a,0,0,,n/a,n/a,n/a,0.00,0.00,n/a,n/a,"For metrics, refresh"
cheap web hosting affiliate program,cheap web hosting affiliate program​,n/a,n/a,0,0,,n/a,n/a,n/a,0.00,0.00,n/a,n/a,"For metrics, refresh"
cheap web hosting america,cheap web hosting america​,n/a,n/a,0,0,,n/a,n/a,n/a,0.00,0.00,n/a,n/a,"For metrics, refresh"
cheap web hosting amman,cheap web hosting amman​,n/a,n/a,0,0,,n/a,n/a,n/a,0.00,0.00,n/a,n/a,"For metrics, refresh"
cheap web hosting and design,cheap web hosting and design​,n/a,n/a,0,0,,n/a,n/a,n/a,17.31,0.19,n/a,n/a,"For metrics, refresh"
cheap web hosting and domain cost,cheap web hosting and domain cost​,n/a,n/a,0,0,,n/a,n/a,n/a,0.00,0.00,n/a,n/a,"For metrics, refresh"
cheap web hosting and domain in nigeria,cheap web hosting and domain in nigeria​,n/a,n/a,0,0,,n/a,n/a,n/a,0.00,0.00,n/a,n/a,"For metrics, refresh"
cheap web hosting and domain name registration,cheap web hosting and domain name registration​,n/a,n/a,0,0,,n/a,n/a,n/a,0.00,0.00,n/a,n/a,"For metrics, refresh"
cheap web hosting and domain names,cheap web hosting and domain names​,n/a,n/a,0,0,,n/a,n/a,n/a,15.27,0.36,n/a,n/a,"For metrics, refresh"
cheap web hosting and domain philippines,cheap web hosting and domain philippines​,n/a,n/a,0,0,,n/a,n/a,n/a,0.00,0.00,n/a,n/a,"For metrics, refresh"
cheap web hosting and domain registrar,cheap web hosting and domain registrar​,n/a,n/a,0,0,,n/a,n/a,n/a,0.00,0.00,n/a,n/a,"For metrics, refresh"
cheap web hosting and domain service providers,cheap web hosting and domain service providers​,n/a,n/a,0,0,,n/a,n/a,n/a,0.00,0.00,n/a,n/a,"For metrics, refresh"
cheap web hosting and domain uk,cheap web hosting and domain uk​,n/a,n/a,0,0,,n/a,n/a,n/a,0.00,0.00,n/a,n/a,"For metrics, refresh"
cheap web hosting and site management,cheap web hosting and site management​,n/a,n/a,0,0,,n/a,n/a,n/a,0.00,0.00,n/a,n/a,"For metrics, refresh"
cheap web hosting asp,cheap web hosting asp​,n/a,n/a,0,0,,n/a,n/a,n/a,0.00,0.24,n/a,n/a,"For metrics, refresh"
cheap web hosting asp net sql server,cheap web hosting asp net sql server​,n/a,n/a,0,0,,n/a,n/a,n/a,0.00,0.00,n/a,n/a,"For metrics, refresh"
cheap web hosting australia 2021,cheap web hosting australia 2021​,n/a,n/a,0,0,,n/a,n/a,n/a,0.00,0.00,n/a,n/a,"For metrics, refresh"
cheap web hosting australia whirlpool,cheap web hosting australia whirlpool​,n/a,n/a,0,0,,n/a,n/a,n/a,0.00,0.00,n/a,n/a,"For metrics, refresh"
cheap web hosting austria,cheap web hosting austria​,n/a,n/a,0,0,,n/a,n/a,n/a,0.00,0.00,n/a,n/a,"For metrics, refresh"
cheap web hosting azure,cheap web hosting azure​,n/a,n/a,0,0,,n/a,n/a,n/a,0.00,0.00,n/a,n/a,"For metrics, refresh"
cheap web hosting bangladesh 2025,cheap web hosting bangladesh 2025​,n/a,n/a,0,0,,n/a,n/a,n/a,0.00,0.00,n/a,n/a,"For metrics, refresh"
cheap web hosting bangladesh price,cheap web hosting bangladesh price​,n/a,n/a,0,0,,n/a,n/a,n/a,0.00,0.00,n/a,n/a,"For metrics, refresh"
cheap web hosting belgium,cheap web hosting belgium​,n/a,n/a,0,0,,n/a,n/a,n/a,0.00,0.00,n/a,n/a,"For metrics, refresh"
cheap web hosting best deal,cheap web hosting best deal​,n/a,n/a,0,0,,n/a,n/a,n/a,0.00,0.00,n/a,n/a,"For metrics, refresh"
cheap web hosting billed monthly,cheap web hosting billed monthly​,n/a,n/a,0,0,,n/a,n/a,n/a,0.00,0.33,n/a,n/a,"For metrics, refresh"
cheap web hosting bitcoin,cheap web hosting bitcoin​,n/a,n/a,0,0,,n/a,n/a,n/a,0.00,0.00,n/a,n/a,"For metrics, refresh"
cheap web hosting budget,cheap web hosting budget​,n/a,n/a,0,0,,n/a,n/a,n/a,0.00,0.00,n/a,n/a,"For metrics, refresh"
cheap web hosting business,cheap web hosting business​,n/a,n/a,0,0,,n/a,n/a,n/a,0.00,0.00,n/a,n/a,"For metrics, refresh"
cheap web hosting canada reddit,cheap web hosting canada reddit​,n/a,n/a,0,0,,n/a,n/a,n/a,0.00,0.00,n/a,n/a,"For metrics, refresh"
cheap web hosting canada reviews,cheap web hosting canada reviews​,n/a,n/a,0,0,,n/a,n/a,n/a,0.00,0.00,n/a,n/a,"For metrics, refresh"
cheap web hosting cape town,cheap web hosting cape town​,n/a,n/a,0,0,,n/a,n/a,n/a,0.00,0.00,n/a,n/a,"For metrics, refresh"
cheap web hosting chart,cheap web hosting chart​,n/a,n/a,0,0,,n/a,n/a,n/a,0.00,0.00,n/a,n/a,"For metrics, refresh"
cheap web hosting cheap,cheap web hosting cheap​,n/a,n/a,0,0,,n/a,n/a,n/a,0.00,0.00,n/a,n/a,"For metrics, refresh"
cheap web hosting chennai,cheap web hosting chennai​,n/a,n/a,0,0,,n/a,n/a,n/a,0.00,0.00,n/a,n/a,"For metrics, refresh"
cheap web hosting clearance,cheap web hosting clearance​,n/a,n/a,0,0,,n/a,n/a,n/a,0.00,0.00,n/a,n/a,"For metrics, refresh"
cheap web hosting cloud based,cheap web hosting cloud based​,n/a,n/a,0,0,,n/a,n/a,n/a,0.00,0.00,n/a,n/a,"For metrics, refresh"
cheap web hosting coimbatore,cheap web hosting coimbatore​,n/a,n/a,0,0,,n/a,n/a,n/a,0.00,0.00,n/a,n/a,"For metrics, refresh"
cheap web hosting companies 2015,cheap web hosting companies 2015​,n/a,n/a,0,0,,n/a,n/a,n/a,0.00,0.00,n/a,n/a,"For metrics, refresh"
cheap web hosting companies 2017,cheap web hosting companies 2017​,n/a,n/a,0,0,,n/a,n/a,n/a,0.00,0.00,n/a,n/a,"For metrics, refresh"
cheap web hosting companies in india,cheap web hosting companies in india​,n/a,n/a,0,0,,n/a,n/a,n/a,0.00,0.00,n/a,n/a,"For metrics, refresh"
cheap web hosting companies in kenya,cheap web hosting companies in kenya​,n/a,n/a,0,0,,n/a,n/a,n/a,0.00,0.00,n/a,n/a,"For metrics, refresh"
cheap web hosting companies in nigeria,cheap web hosting companies in nigeria​,n/a,n/a,0,0,,n/a,n/a,n/a,0.00,0.00,n/a,n/a,"For metrics, refresh"
cheap web hosting companies in portland oregon,cheap web hosting companies in portland oregon​,n/a,n/a,0,0,,n/a,n/a,n/a,0.00,0.00,n/a,n/a,"For metrics, refresh"
cheap web hosting companies in usa,cheap web hosting companies in usa​,n/a,n/a,0,0,,n/a,n/a,n/a,0.00,0.00,n/a,n/a,"For metrics, refresh"
cheap web hosting companies list,cheap web hosting companies list​,n/a,n/a,0,0,,n/a,n/a,n/a,0.00,0.00,n/a,n/a,"For metrics, refresh"
cheap web hosting company bangladesh,cheap web hosting company bangladesh​,n/a,n/a,0,0,,n/a,n/a,n/a,0.00,0.00,n/a,n/a,"For metrics, refresh"
cheap web hosting company delhi,cheap web hosting company delhi​,n/a,n/a,0,0,,n/a,n/a,n/a,0.00,0.00,n/a,n/a,"For metrics, refresh"
cheap web hosting company hosting precise,cheap web hosting company hosting precise​,n/a,n/a,0,0,,n/a,n/a,n/a,0.00,0.00,n/a,n/a,"For metrics, refresh"
cheap web hosting company in bangladesh,cheap web hosting company in bangladesh​,n/a,n/a,0,0,,n/a,n/a,n/a,0.00,0.00,n/a,n/a,"For metrics, refresh"
cheap web hosting company in india,cheap web hosting company in india​,n/a,n/a,0,0,,n/a,n/a,n/a,0.00,0.00,n/a,n/a,"For metrics, refresh"
cheap web hosting company in kolkata,cheap web hosting company in kolkata​,n/a,n/a,0,0,,n/a,n/a,n/a,0.00,0.00,n/a,n/a,"For metrics, refresh"
cheap web hosting company in nigeria,cheap web hosting company in nigeria​,n/a,n/a,0,0,,n/a,n/a,n/a,0.00,0.00,n/a,n/a,"For metrics, refresh"
cheap web hosting cost,cheap web hosting cost​,n/a,n/a,0,0,,n/a,n/a,n/a,0.00,0.00,n/a,n/a,"For metrics, refresh"
cheap web hosting coupons,cheap web hosting coupons​,n/a,n/a,0,0,,n/a,n/a,n/a,0.00,0.00,n/a,n/a,"For metrics, refresh"
cheap web hosting cpanel free,cheap web hosting cpanel free​,n/a,n/a,0,0,,n/a,n/a,n/a,0.00,0.00,n/a,n/a,"For metrics, refresh"
cheap web hosting dedicated ip,cheap web hosting dedicated ip​,n/a,n/a,0,0,,n/a,n/a,n/a,0.00,0.00,n/a,n/a,"For metrics, refresh"
cheap web hosting delhi,cheap web hosting delhi​,n/a,n/a,0,0,,n/a,n/a,n/a,0.00,0.00,n/a,n/a,"For metrics, refresh"
cheap web hosting directory,cheap web hosting directory​,n/a,n/a,0,0,,n/a,n/a,n/a,0.00,0.00,n/a,n/a,"For metrics, refresh"
cheap web hosting domains,cheap web hosting domains​,n/a,n/a,0,0,,n/a,n/a,n/a,15.27,0.36,n/a,n/a,"For metrics, refresh"
cheap web hosting dubai,cheap web hosting dubai​,n/a,n/a,0,0,,n/a,n/a,n/a,0.00,0.00,n/a,n/a,"For metrics, refresh"
cheap web hosting dubai uae,cheap web hosting dubai uae​,n/a,n/a,0,0,,n/a,n/a,n/a,0.00,0.00,n/a,n/a,"For metrics, refresh"
cheap web hosting dveloper,cheap web hosting dveloper​,n/a,n/a,0,0,,n/a,n/a,n/a,0.00,0.00,n/a,n/a,"For metrics, refresh"
cheap web hosting equipment,cheap web hosting equipment​,n/a,n/a,0,0,,n/a,n/a,n/a,0.00,0.00,n/a,n/a,"For metrics, refresh"
cheap web hosting erichost,cheap web hosting erichost​,n/a,n/a,0,0,,n/a,n/a,n/a,0.00,0.00,n/a,n/a,"For metrics, refresh"
cheap web hosting features and benefits,cheap web hosting features and benefits​,n/a,n/a,0,0,,n/a,n/a,n/a,0.00,0.00,n/a,n/a,"For metrics, refresh"
cheap web hosting finland,cheap web hosting finland​,n/a,n/a,0,0,,n/a,n/a,n/a,0.00,0.00,n/a,n/a,"For metrics, refresh"
cheap web hosting for beginners,cheap web hosting for beginners​,n/a,n/a,0,0,,n/a,n/a,n/a,0.00,0.00,n/a,n/a,"For metrics, refresh"
cheap web hosting for developers,cheap web hosting for developers​,n/a,n/a,0,0,,n/a,n/a,n/a,0.00,0.00,n/a,n/a,"For metrics, refresh"
cheap web hosting for developers 2026,cheap web hosting for developers 2026​,n/a,n/a,0,0,,n/a,n/a,n/a,0.00,0.00,n/a,n/a,"For metrics, refresh"
cheap web hosting for files,cheap web hosting for files​,n/a,n/a,0,0,,n/a,n/a,n/a,0.00,0.00,n/a,n/a,"For metrics, refresh"
cheap web hosting for indians,cheap web hosting for indians​,n/a,n/a,0,0,,n/a,n/a,n/a,0.00,0.00,n/a,n/a,"For metrics, refresh"
cheap web hosting for multiple domains,cheap web hosting for multiple domains​,n/a,n/a,0,0,,n/a,n/a,n/a,0.00,0.00,n/a,n/a,"For metrics, refresh"
cheap web hosting for my blog,cheap web hosting for my blog​,n/a,n/a,0,0,,n/a,n/a,n/a,0.00,0.00,n/a,n/a,"For metrics, refresh"
cheap web hosting for my wordpress,cheap web hosting for my wordpress​,n/a,n/a,0,0,,n/a,n/a,n/a,0.00,0.00,n/a,n/a,"For metrics, refresh"
cheap web hosting for nonprofits,cheap web hosting for nonprofits​,n/a,n/a,0,0,,n/a,n/a,n/a,0.00,0.00,n/a,n/a,"For metrics, refresh"
cheap web hosting for phone or tablet,cheap web hosting for phone or tablet​,n/a,n/a,0,0,,n/a,n/a,n/a,0.00,0.00,n/a,n/a,"For metrics, refresh"
cheap web hosting for photographers,cheap web hosting for photographers​,n/a,n/a,0,0,,n/a,n/a,n/a,0.00,0.00,n/a,n/a,"For metrics, refresh"
cheap web hosting for site,cheap web hosting for site​,n/a,n/a,0,0,,n/a,n/a,n/a,0.00,0.00,n/a,n/a,"For metrics, refresh"
cheap web hosting for small businessdedicated server hosting,cheap web hosting for small businessdedicated server hosting​,n/a,n/a,0,0,,n/a,n/a,n/a,0.00,0.00,n/a,n/a,"For metrics, refresh"
cheap web hosting for small businessecommerce website hosting,cheap web hosting for small businessecommerce website hosting​,n/a,n/a,0,0,,n/a,n/a,n/a,0.00,0.00,n/a,n/a,"For metrics, refresh"
cheap web hosting for small businesswordpress hosting,cheap web hosting for small businesswordpress hosting​,n/a,n/a,0,0,,n/a,n/a,n/a,0.00,0.00,n/a,n/a,"For metrics, refresh"
cheap web hosting for small kratom business,cheap web hosting for small kratom business​,n/a,n/a,0,0,,n/a,n/a,n/a,0.00,0.00,n/a,n/a,"For metrics, refresh"
cheap web hosting for x rated,cheap web hosting for x rated​,n/a,n/a,0,0,,n/a,n/a,n/a,0.00,0.00,n/a,n/a,"For metrics, refresh"
cheap web hosting forum,cheap web hosting forum​,n/a,n/a,0,0,,n/a,n/a,n/a,0.00,0.00,n/a,n/a,"For metrics, refresh"
cheap web hosting france,cheap web hosting france​,n/a,n/a,0,0,,n/a,n/a,n/a,0.00,0.00,n/a,n/a,"For metrics, refresh"
cheap web hosting free domain for life,cheap web hosting free domain for life​,n/a,n/a,0,0,,n/a,n/a,n/a,0.00,0.00,n/a,n/a,"For metrics, refresh"
cheap web hosting free domain name,cheap web hosting free domain name​,n/a,n/a,0,0,,n/a,n/a,n/a,15.01,0.49,n/a,n/a,"For metrics, refresh"
cheap web hosting free domain registration,cheap web hosting free domain registration​,n/a,n/a,0,0,,n/a,n/a,n/a,0.00,0.00,n/a,n/a,"For metrics, refresh"
cheap web hosting free shipping,cheap web hosting free shipping​,n/a,n/a,0,0,,n/a,n/a,n/a,0.00,0.00,n/a,n/a,"For metrics, refresh"
cheap web hosting free ssl,cheap web hosting free ssl​,n/a,n/a,0,0,,n/a,n/a,n/a,0.00,0.00,n/a,n/a,"For metrics, refresh"
cheap web hosting ghana,cheap web hosting ghana​,n/a,n/a,0,0,,n/a,n/a,n/a,0.00,0.00,n/a,n/a,"For metrics, refresh"
cheap web hosting greece,cheap web hosting greece​,n/a,n/a,0,0,,n/a,n/a,n/a,0.00,0.00,n/a,n/a,"For metrics, refresh"
cheap web hosting high quality,cheap web hosting high quality​,n/a,n/a,0,0,,n/a,n/a,n/a,0.00,0.00,n/a,n/a,"For metrics, refresh"
cheap web hosting hong kong,cheap web hosting hong kong​,n/a,n/a,0,0,,n/a,n/a,n/a,0.00,0.33,n/a,n/a,"For metrics, refresh"
cheap web hosting hostmonster,cheap web hosting hostmonster​,n/a,n/a,0,0,,n/a,n/a,n/a,0.00,0.00,n/a,n/a,"For metrics, refresh"
cheap web hosting hostripples,cheap web hosting hostripples​,n/a,n/a,0,0,,n/a,n/a,n/a,0.00,0.00,n/a,n/a,"For metrics, refresh"
cheap web hosting hyderabad,cheap web hosting hyderabad​,n/a,n/a,0,0,,n/a,n/a,n/a,0.00,0.00,n/a,n/a,"For metrics, refresh"
cheap web hosting in ahmedabad,cheap web hosting in ahmedabad​,n/a,n/a,0,0,,n/a,n/a,n/a,0.00,0.00,n/a,n/a,"For metrics, refresh"
cheap web hosting in australia,cheap web hosting in australia​,n/a,n/a,0,0,,n/a,n/a,n/a,6.54,0.01,n/a,n/a,"For metrics, refresh"
cheap web hosting in bangalore,cheap web hosting in bangalore​,n/a,n/a,0,0,,n/a,n/a,n/a,0.00,0.00,n/a,n/a,"For metrics, refresh"
cheap web hosting in canada,cheap web hosting in canada​,n/a,n/a,0,0,,n/a,n/a,n/a,0.00,0.06,n/a,n/a,"For metrics, refresh"
cheap web hosting in delhi,cheap web hosting in delhi​,n/a,n/a,0,0,,n/a,n/a,n/a,0.00,0.00,n/a,n/a,"For metrics, refresh"
cheap web hosting in dubai,cheap web hosting in dubai​,n/a,n/a,0,0,,n/a,n/a,n/a,0.00,0.00,n/a,n/a,"For metrics, refresh"
cheap web hosting in europe,cheap web hosting in europe​,n/a,n/a,0,0,,n/a,n/a,n/a,0.00,0.90,n/a,n/a,"For metrics, refresh"
cheap web hosting in faridbad,cheap web hosting in faridbad​,n/a,n/a,0,0,,n/a,n/a,n/a,0.00,0.00,n/a,n/a,"For metrics, refresh"
cheap web hosting in germany,cheap web hosting in germany​,n/a,n/a,0,0,,n/a,n/a,n/a,0.00,0.00,n/a,n/a,"For metrics, refresh"
cheap web hosting in hyderabad,cheap web hosting in hyderabad​,n/a,n/a,0,0,,n/a,n/a,n/a,0.00,0.00,n/a,n/a,"For metrics, refresh"
cheap web hosting in india quora,cheap web hosting in india quora​,n/a,n/a,0,0,,n/a,n/a,n/a,0.00,0.00,n/a,n/a,"For metrics, refresh"
cheap web hosting in ireland,cheap web hosting in ireland​,n/a,n/a,0,0,,n/a,n/a,n/a,0.00,0.00,n/a,n/a,"For metrics, refresh"
cheap web hosting in islamabad,cheap web hosting in islamabad​,n/a,n/a,0,0,,n/a,n/a,n/a,0.00,0.00,n/a,n/a,"For metrics, refresh"
cheap web hosting in jaipur,cheap web hosting in jaipur​,n/a,n/a,0,0,,n/a,n/a,n/a,0.00,0.00,n/a,n/a,"For metrics, refresh"
cheap web hosting in lahore,cheap web hosting in lahore​,n/a,n/a,0,0,,n/a,n/a,n/a,0.00,0.00,n/a,n/a,"For metrics, refresh"
cheap web hosting in london,cheap web hosting in london​,n/a,n/a,0,0,,n/a,n/a,n/a,0.00,0.33,n/a,n/a,"For metrics, refresh"
cheap web hosting in new york,cheap web hosting in new york​,n/a,n/a,0,0,,n/a,n/a,n/a,0.00,0.00,n/a,n/a,"For metrics, refresh"
cheap web hosting in pakistan 2019,cheap web hosting in pakistan 2019​,n/a,n/a,0,0,,n/a,n/a,n/a,0.00,0.00,n/a,n/a,"For metrics, refresh"
cheap web hosting in pakistan 2020,cheap web hosting in pakistan 2020​,n/a,n/a,0,0,,n/a,n/a,n/a,0.00,0.00,n/a,n/a,"For metrics, refresh"
cheap web hosting in pakistan free,cheap web hosting in pakistan free​,n/a,n/a,0,0,,n/a,n/a,n/a,0.00,0.00,n/a,n/a,"For metrics, refresh"
cheap web hosting in pakistan karachi,cheap web hosting in pakistan karachi​,n/a,n/a,0,0,,n/a,n/a,n/a,0.00,0.00,n/a,n/a,"For metrics, refresh"
cheap web hosting in pune,cheap web hosting in pune​,n/a,n/a,0,0,,n/a,n/a,n/a,0.00,0.00,n/a,n/a,"For metrics, refresh"
cheap web hosting in queensland,cheap web hosting in queensland​,n/a,n/a,0,0,,n/a,n/a,n/a,0.00,0.00,n/a,n/a,"For metrics, refresh"
cheap web hosting in singapore,cheap web hosting in singapore​,n/a,n/a,0,0,,n/a,n/a,n/a,0.00,0.33,n/a,n/a,"For metrics, refresh"
cheap web hosting in southeast asia,cheap web hosting in southeast asia​,n/a,n/a,0,0,,n/a,n/a,n/a,0.00,0.00,n/a,n/a,"For metrics, refresh"
cheap web hosting in tamilnadu,cheap web hosting in tamilnadu​,n/a,n/a,0,0,,n/a,n/a,n/a,0.00,0.00,n/a,n/a,"For metrics, refresh"
cheap web hosting in tanzania,cheap web hosting in tanzania​,n/a,n/a,0,0,,n/a,n/a,n/a,0.00,0.00,n/a,n/a,"For metrics, refresh"
cheap web hosting in uae,cheap web hosting in uae​,n/a,n/a,0,0,,n/a,n/a,n/a,0.00,0.00,n/a,n/a,"For metrics, refresh"
cheap web hosting in zimbabwe,cheap web hosting in zimbabwe​,n/a,n/a,0,0,,n/a,n/a,n/a,0.00,0.00,n/a,n/a,"For metrics, refresh"
cheap web hosting india 2026,cheap web hosting india 2026​,n/a,n/a,0,0,,n/a,n/a,n/a,0.00,0.00,n/a,n/a,"For metrics, refresh"
cheap web hosting india monthly billing,cheap web hosting india monthly billing​,n/a,n/a,0,0,,n/a,n/a,n/a,0.00,0.00,n/a,n/a,"For metrics, refresh"
cheap web hosting india plans,cheap web hosting india plans​,n/a,n/a,0,0,,n/a,n/a,n/a,0.00,0.00,n/a,n/a,"For metrics, refresh"
cheap web hosting india price,cheap web hosting india price​,n/a,n/a,0,0,,n/a,n/a,n/a,0.00,0.00,n/a,n/a,"For metrics, refresh"
cheap web hosting india pricing,cheap web hosting india pricing​,n/a,n/a,0,0,,n/a,n/a,n/a,0.00,0.00,n/a,n/a,"For metrics, refresh"
cheap web hosting india quora,cheap web hosting india quora​,n/a,n/a,0,0,,n/a,n/a,n/a,0.00,0.00,n/a,n/a,"For metrics, refresh"
cheap web hosting india windows,cheap web hosting india windows​,n/a,n/a,0,0,,n/a,n/a,n/a,0.00,0.00,n/a,n/a,"For metrics, refresh"
cheap web hosting india with ssl,cheap web hosting india with ssl​,n/a,n/a,0,0,,n/a,n/a,n/a,0.00,0.00,n/a,n/a,"For metrics, refresh"
cheap web hosting instant activation,cheap web hosting instant activation​,n/a,n/a,0,0,,n/a,n/a,n/a,0.00,0.00,n/a,n/a,"For metrics, refresh"
cheap web hosting international,cheap web hosting international​,n/a,n/a,0,0,,n/a,n/a,n/a,0.00,0.00,n/a,n/a,"For metrics, refresh"
cheap web hosting ipage,cheap web hosting ipage​,n/a,n/a,0,0,,n/a,n/a,n/a,0.00,0.00,n/a,n/a,"For metrics, refresh"
cheap web hosting israel,cheap web hosting israel​,n/a,n/a,0,0,,n/a,n/a,n/a,0.00,0.00,n/a,n/a,"For metrics, refresh"
cheap web hosting jaipur,cheap web hosting jaipur​,n/a,n/a,0,0,,n/a,n/a,n/a,0.00,0.00,n/a,n/a,"For metrics, refresh"
cheap web hosting japan,cheap web hosting japan​,n/a,n/a,0,0,,n/a,n/a,n/a,0.00,0.00,n/a,n/a,"For metrics, refresh"
cheap web hosting jordan,cheap web hosting jordan​,n/a,n/a,0,0,,n/a,n/a,n/a,0.00,0.00,n/a,n/a,"For metrics, refresh"
cheap web hosting justhost,cheap web hosting justhost​,n/a,n/a,0,0,,n/a,n/a,n/a,0.00,0.00,n/a,n/a,"For metrics, refresh"
cheap web hosting kerala,cheap web hosting kerala​,n/a,n/a,0,0,,n/a,n/a,n/a,0.00,0.00,n/a,n/a,"For metrics, refresh"
cheap web hosting kolkata,cheap web hosting kolkata​,n/a,n/a,0,0,,n/a,n/a,n/a,0.00,0.00,n/a,n/a,"For metrics, refresh"
cheap web hosting laravel,cheap web hosting laravel​,n/a,n/a,0,0,,n/a,n/a,n/a,0.00,0.00,n/a,n/a,"For metrics, refresh"
cheap web hosting london,cheap web hosting london​,n/a,n/a,0,0,,n/a,n/a,n/a,0.00,0.00,n/a,n/a,"For metrics, refresh"
cheap web hosting manchester uk,cheap web hosting manchester uk​,n/a,n/a,0,0,,n/a,n/a,n/a,0.00,0.00,n/a,n/a,"For metrics, refresh"
cheap web hosting melbourne,cheap web hosting melbourne​,n/a,n/a,0,0,,n/a,n/a,n/a,0.00,0.00,n/a,n/a,"For metrics, refresh"
cheap web hosting monthly,cheap web hosting monthly​,n/a,n/a,0,0,,n/a,n/a,n/a,16.82,0.30,n/a,n/a,"For metrics, refresh"
cheap web hosting mssql database,cheap web hosting mssql database​,n/a,n/a,0,0,,n/a,n/a,n/a,0.00,0.00,n/a,n/a,"For metrics, refresh"
cheap web hosting multiple domains unlimited emails,cheap web hosting multiple domains unlimited emails​,n/a,n/a,0,0,,n/a,n/a,n/a,0.00,0.00,n/a,n/a,"For metrics, refresh"
cheap web hosting mumbai,cheap web hosting mumbai​,n/a,n/a,0,0,,n/a,n/a,n/a,0.00,0.00,n/a,n/a,"For metrics, refresh"
cheap web hosting near me,cheap web hosting near me​,n/a,n/a,0,0,,n/a,n/a,n/a,0.00,0.43,n/a,n/a,"For metrics, refresh"
cheap web hosting nepal,cheap web hosting nepal​,n/a,n/a,0,0,,n/a,n/a,n/a,0.00,0.33,n/a,n/a,"For metrics, refresh"
cheap web hosting no ads,cheap web hosting no ads​,n/a,n/a,0,0,,n/a,n/a,n/a,0.00,0.00,n/a,n/a,"For metrics, refresh"
cheap web hosting no contract,cheap web hosting no contract​,n/a,n/a,0,0,,n/a,n/a,n/a,0.00,0.00,n/a,n/a,"For metrics, refresh"
cheap web hosting non profit,cheap web hosting non profit​,n/a,n/a,0,0,,n/a,n/a,n/a,0.00,0.00,n/a,n/a,"For metrics, refresh"
cheap web hosting norway,cheap web hosting norway​,n/a,n/a,0,0,,n/a,n/a,n/a,0.00,0.00,n/a,n/a,"For metrics, refresh"
cheap web hosting online,cheap web hosting online​,n/a,n/a,0,0,,n/a,n/a,n/a,0.00,0.86,n/a,n/a,"For metrics, refresh"
cheap web hosting options for wordpress blogs in australia,cheap web hosting options for wordpress blogs in australia​,n/a,n/a,0,0,,n/a,n/a,n/a,0.00,0.00,n/a,n/a,"For metrics, refresh"
cheap web hosting options for wordpress blogs in france,cheap web hosting options for wordpress blogs in france​,n/a,n/a,0,0,,n/a,n/a,n/a,0.00,0.00,n/a,n/a,"For metrics, refresh"
cheap web hosting options for wordpress blogs in great britain,cheap web hosting options for wordpress blogs in great britain​,n/a,n/a,0,0,,n/a,n/a,n/a,0.00,0.00,n/a,n/a,"For metrics, refresh"
cheap web hosting options for wordpress blogs in spain,cheap web hosting options for wordpress blogs in spain​,n/a,n/a,0,0,,n/a,n/a,n/a,0.00,0.00,n/a,n/a,"For metrics, refresh"
cheap web hosting optons,cheap web hosting optons​,n/a,n/a,0,0,,n/a,n/a,n/a,0.00,0.00,n/a,n/a,"For metrics, refresh"
cheap web hosting packages uk,cheap web hosting packages uk​,n/a,n/a,0,0,,n/a,n/a,n/a,0.00,0.00,n/a,n/a,"For metrics, refresh"
cheap web hosting paid monthly,cheap web hosting paid monthly​,n/a,n/a,0,0,,n/a,n/a,n/a,0.00,0.00,n/a,n/a,"For metrics, refresh"
cheap web hosting pakistan 2024,cheap web hosting pakistan 2024​,n/a,n/a,0,0,,n/a,n/a,n/a,0.00,0.00,n/a,n/a,"For metrics, refresh"
cheap web hosting pakistan 2025,cheap web hosting pakistan 2025​,n/a,n/a,0,0,,n/a,n/a,n/a,0.00,0.00,n/a,n/a,"For metrics, refresh"
cheap web hosting pakistan ddos protection,cheap web hosting pakistan ddos protection​,n/a,n/a,0,0,,n/a,n/a,n/a,0.00,0.00,n/a,n/a,"For metrics, refresh"
cheap web hosting pakistan price,cheap web hosting pakistan price​,n/a,n/a,0,0,,n/a,n/a,n/a,0.00,0.00,n/a,n/a,"For metrics, refresh"
cheap web hosting pay monthly,cheap web hosting pay monthly​,n/a,n/a,0,0,,n/a,n/a,n/a,0.00,0.00,n/a,n/a,"For metrics, refresh"
cheap web hosting pay with perfect money,cheap web hosting pay with perfect money​,n/a,n/a,0,0,,n/a,n/a,n/a,0.00,0.00,n/a,n/a,"For metrics, refresh"
cheap web hosting pc,cheap web hosting pc​,n/a,n/a,0,0,,n/a,n/a,n/a,0.00,0.00,n/a,n/a,"For metrics, refresh"
cheap web hosting personal blog review 2024,cheap web hosting personal blog review 2024​,n/a,n/a,0,0,,n/a,n/a,n/a,0.00,0.00,n/a,n/a,"For metrics, refresh"
cheap web hosting personal blog review 2025,cheap web hosting personal blog review 2025​,n/a,n/a,0,0,,n/a,n/a,n/a,0.00,0.00,n/a,n/a,"For metrics, refresh"
cheap web hosting perth,cheap web hosting perth​,n/a,n/a,0,0,,n/a,n/a,n/a,0.00,0.00,n/a,n/a,"For metrics, refresh"
cheap web hosting peru,cheap web hosting peru​,n/a,n/a,0,0,,n/a,n/a,n/a,0.00,0.00,n/a,n/a,"For metrics, refresh"
cheap web hosting phoenix,cheap web hosting phoenix​,n/a,n/a,0,0,,n/a,n/a,n/a,0.00,0.00,n/a,n/a,"For metrics, refresh"
cheap web hosting pk,cheap web hosting pk​,n/a,n/a,0,0,,n/a,n/a,n/a,0.00,0.00,n/a,n/a,"For metrics, refresh"
cheap web hosting plan for wordpress,cheap web hosting plan for wordpress​,n/a,n/a,0,0,,n/a,n/a,n/a,0.00,0.00,n/a,n/a,"For metrics, refresh"
cheap web hosting plan in india,cheap web hosting plan in india​,n/a,n/a,0,0,,n/a,n/a,n/a,0.00,0.00,n/a,n/a,"For metrics, refresh"
cheap web hosting plans india,cheap web hosting plans india​,n/a,n/a,0,0,,n/a,n/a,n/a,0.00,1.00,n/a,n/a,"For metrics, refresh"
cheap web hosting plans multi site support 2025,cheap web hosting plans multi site support 2025​,n/a,n/a,0,0,,n/a,n/a,n/a,0.00,0.00,n/a,n/a,"For metrics, refresh"
cheap web hosting plans multi-site support 2025,cheap web hosting plans multi-site support 2025​,n/a,n/a,0,0,,n/a,n/a,n/a,0.00,0.00,n/a,n/a,"For metrics, refresh"
cheap web hosting plans with multi site support,cheap web hosting plans with multi site support​,n/a,n/a,0,0,,n/a,n/a,n/a,0.00,0.00,n/a,n/a,"For metrics, refresh"
cheap web hosting platforms,cheap web hosting platforms​,n/a,n/a,0,0,,n/a,n/a,n/a,12.36,0.71,n/a,n/a,"For metrics, refresh"
cheap web hosting portugal,cheap web hosting portugal​,n/a,n/a,0,0,,n/a,n/a,n/a,0.00,0.00,n/a,n/a,"For metrics, refresh"
cheap web hosting price comparison,cheap web hosting price comparison​,n/a,n/a,0,0,,n/a,n/a,n/a,0.00,0.00,n/a,n/a,"For metrics, refresh"
cheap web hosting programs,cheap web hosting programs​,n/a,n/a,0,0,,n/a,n/a,n/a,0.00,0.00,n/a,n/a,"For metrics, refresh"
cheap web hosting providers 2024,cheap web hosting providers 2024​,n/a,n/a,0,0,,n/a,n/a,n/a,0.00,0.00,n/a,n/a,"For metrics, refresh"
cheap web hosting providers 2025,cheap web hosting providers 2025​,n/a,n/a,0,0,,n/a,n/a,n/a,0.00,0.00,n/a,n/a,"For metrics, refresh"
cheap web hosting providers cheapest,cheap web hosting providers cheapest​,n/a,n/a,0,0,,n/a,n/a,n/a,0.00,0.00,n/a,n/a,"For metrics, refresh"
cheap web hosting providers in india,cheap web hosting providers in india​,n/a,n/a,0,0,,n/a,n/a,n/a,0.00,0.00,n/a,n/a,"For metrics, refresh"
cheap web hosting providers india,cheap web hosting providers india​,n/a,n/a,0,0,,n/a,n/a,n/a,0.00,0.00,n/a,n/a,"For metrics, refresh"
cheap web hosting qatar,cheap web hosting qatar​,n/a,n/a,0,0,,n/a,n/a,n/a,0.00,0.00,n/a,n/a,"For metrics, refresh"
cheap web hosting quora,cheap web hosting quora​,n/a,n/a,0,0,,n/a,n/a,n/a,0.00,0.00,n/a,n/a,"For metrics, refresh"
cheap web hosting reddit 2021,cheap web hosting reddit 2021​,n/a,n/a,0,0,,n/a,n/a,n/a,0.00,0.00,n/a,n/a,"For metrics, refresh"
cheap web hosting reddit 2022,cheap web hosting reddit 2022​,n/a,n/a,0,0,,n/a,n/a,n/a,0.00,0.00,n/a,n/a,"For metrics, refresh"
cheap web hosting refurbished,cheap web hosting refurbished​,n/a,n/a,0,0,,n/a,n/a,n/a,0.00,0.00,n/a,n/a,"For metrics, refresh"
cheap web hosting renewal,cheap web hosting renewal​,n/a,n/a,0,0,,n/a,n/a,n/a,0.00,0.00,n/a,n/a,"For metrics, refresh"
cheap web hosting reseller hosting,cheap web hosting reseller hosting​,n/a,n/a,0,0,,n/a,n/a,n/a,0.00,0.00,n/a,n/a,"For metrics, refresh"
cheap web hosting reseller in india,cheap web hosting reseller in india​,n/a,n/a,0,0,,n/a,n/a,n/a,0.00,0.00,n/a,n/a,"For metrics, refresh"
cheap web hosting reseller package,cheap web hosting reseller package​,n/a,n/a,0,0,,n/a,n/a,n/a,0.00,0.00,n/a,n/a,"For metrics, refresh"
cheap web hosting reseller program,cheap web hosting reseller program​,n/a,n/a,0,0,,n/a,n/a,n/a,0.00,0.01,n/a,n/a,"For metrics, refresh"
cheap web hosting reviews uk,cheap web hosting reviews uk​,n/a,n/a,0,0,,n/a,n/a,n/a,0.00,0.00,n/a,n/a,"For metrics, refresh"
cheap web hosting romania,cheap web hosting romania​,n/a,n/a,0,0,,n/a,n/a,n/a,0.00,0.00,n/a,n/a,"For metrics, refresh"
cheap web hosting saudi arabia,cheap web hosting saudi arabia​,n/a,n/a,0,0,,n/a,n/a,n/a,0.00,0.00,n/a,n/a,"For metrics, refresh"
cheap web hosting scams red flags 2025 2026,cheap web hosting scams red flags 2025 2026​,n/a,n/a,0,0,,n/a,n/a,n/a,0.00,0.00,n/a,n/a,"For metrics, refresh"
cheap web hosting second hand,cheap web hosting second hand​,n/a,n/a,0,0,,n/a,n/a,n/a,0.00,0.00,n/a,n/a,"For metrics, refresh"
cheap web hosting server & low price hosting service,cheap web hosting server & low price hosting service​,n/a,n/a,0,0,,n/a,n/a,n/a,0.00,0.00,n/a,n/a,"For metrics, refresh"
cheap web hosting server build,cheap web hosting server build​,n/a,n/a,0,0,,n/a,n/a,n/a,0.00,0.00,n/a,n/a,"For metrics, refresh"
cheap web hosting server cron job,cheap web hosting server cron job​,n/a,n/a,0,0,,n/a,n/a,n/a,0.00,0.00,n/a,n/a,"For metrics, refresh"
cheap web hosting server in the world,cheap web hosting server in the world​,n/a,n/a,0,0,,n/a,n/a,n/a,0.00,0.00,n/a,n/a,"For metrics, refresh"
cheap web hosting servers,cheap web hosting servers​,n/a,n/a,0,0,,n/a,n/a,n/a,12.57,0.40,n/a,n/a,"For metrics, refresh"
cheap web hosting service domains,cheap web hosting service domains​,n/a,n/a,0,0,,n/a,n/a,n/a,0.00,0.00,n/a,n/a,"For metrics, refresh"
cheap web hosting service in pakistan,cheap web hosting service in pakistan​,n/a,n/a,0,0,,n/a,n/a,n/a,0.00,0.00,n/a,n/a,"For metrics, refresh"
cheap web hosting service providers,cheap web hosting service providers​,n/a,n/a,0,0,,n/a,n/a,n/a,0.00,0.00,n/a,n/a,"For metrics, refresh"
cheap web hosting service reviews,cheap web hosting service reviews​,n/a,n/a,0,0,,n/a,n/a,n/a,0.00,0.00,n/a,n/a,"For metrics, refresh"
cheap web hosting services article,cheap web hosting services article​,n/a,n/a,0,0,,n/a,n/a,n/a,0.00,0.00,n/a,n/a,"For metrics, refresh"
cheap web hosting services beverly hills,cheap web hosting services beverly hills​,n/a,n/a,0,0,,n/a,n/a,n/a,0.00,0.00,n/a,n/a,"For metrics, refresh"
cheap web hosting services bloomington,cheap web hosting services bloomington​,n/a,n/a,0,0,,n/a,n/a,n/a,0.00,0.00,n/a,n/a,"For metrics, refresh"
cheap web hosting services century city,cheap web hosting services century city​,n/a,n/a,0,0,,n/a,n/a,n/a,0.00,0.00,n/a,n/a,"For metrics, refresh"
cheap web hosting services christy,cheap web hosting services christy​,n/a,n/a,0,0,,n/a,n/a,n/a,0.00,0.00,n/a,n/a,"For metrics, refresh"
cheap web hosting services comparison,cheap web hosting services comparison​,n/a,n/a,0,0,,n/a,n/a,n/a,0.00,0.00,n/a,n/a,"For metrics, refresh"
cheap web hosting services culver city,cheap web hosting services culver city​,n/a,n/a,0,0,,n/a,n/a,n/a,0.00,0.00,n/a,n/a,"For metrics, refresh"
cheap web hosting services deals,cheap web hosting services deals​,n/a,n/a,0,0,,n/a,n/a,n/a,0.00,0.00,n/a,n/a,"For metrics, refresh"
cheap web hosting services domain,cheap web hosting services domain​,n/a,n/a,0,0,,n/a,n/a,n/a,0.00,0.00,n/a,n/a,"For metrics, refresh"
cheap web hosting services eagan,cheap web hosting services eagan​,n/a,n/a,0,0,,n/a,n/a,n/a,0.00,0.00,n/a,n/a,"For metrics, refresh"
cheap web hosting services fairfax,cheap web hosting services fairfax​,n/a,n/a,0,0,,n/a,n/a,n/a,0.00,0.00,n/a,n/a,"For metrics, refresh"
cheap web hosting services hollywood,cheap web hosting services hollywood​,n/a,n/a,0,0,,n/a,n/a,n/a,0.00,0.00,n/a,n/a,"For metrics, refresh"
cheap web hosting services in karachi,cheap web hosting services in karachi​,n/a,n/a,0,0,,n/a,n/a,n/a,0.00,0.00,n/a,n/a,"For metrics, refresh"
cheap web hosting services in kenya,cheap web hosting services in kenya​,n/a,n/a,0,0,,n/a,n/a,n/a,0.00,0.00,n/a,n/a,"For metrics, refresh"
cheap web hosting services in usa,cheap web hosting services in usa​,n/a,n/a,0,0,,n/a,n/a,n/a,0.00,0.00,n/a,n/a,"For metrics, refresh"
cheap web hosting services kenya writers,cheap web hosting services kenya writers​,n/a,n/a,0,0,,n/a,n/a,n/a,0.00,0.00,n/a,n/a,"For metrics, refresh"
cheap web hosting services minneapolis,cheap web hosting services minneapolis​,n/a,n/a,0,0,,n/a,n/a,n/a,0.00,0.00,n/a,n/a,"For metrics, refresh"
cheap web hosting services near me,cheap web hosting services near me​,n/a,n/a,0,0,,n/a,n/a,n/a,0.00,0.00,n/a,n/a,"For metrics, refresh"
cheap web hosting services north hollywood,cheap web hosting services north hollywood​,n/a,n/a,0,0,,n/a,n/a,n/a,0.00,0.00,n/a,n/a,"For metrics, refresh"
cheap web hosting services provider,cheap web hosting services provider​,n/a,n/a,0,0,,n/a,n/a,n/a,0.00,0.00,n/a,n/a,"For metrics, refresh"
cheap web hosting services reston,cheap web hosting services reston​,n/a,n/a,0,0,,n/a,n/a,n/a,0.00,0.00,n/a,n/a,"For metrics, refresh"
cheap web hosting services sherman oaks,cheap web hosting services sherman oaks​,n/a,n/a,0,0,,n/a,n/a,n/a,0.00,0.00,n/a,n/a,"For metrics, refresh"
cheap web hosting services studio city,cheap web hosting services studio city​,n/a,n/a,0,0,,n/a,n/a,n/a,0.00,0.00,n/a,n/a,"For metrics, refresh"
cheap web hosting services tysons corner,cheap web hosting services tysons corner​,n/a,n/a,0,0,,n/a,n/a,n/a,0.00,0.00,n/a,n/a,"For metrics, refresh"