Select all keywords,Keyword,Intent,Relevance,Related %,Volume,Trend,Pot. Traffic,PKD %,KD %,CPC (USD),Com.,SERP Features,Results,Updated
best web hosting for small business,best web hosting for small business​,C,n/a,0,"2,400",,n/a,n/a,63,12.68,0.60,,128,1 month
best web hosting for wordpress,best web hosting for wordpress​,C,n/a,0,"2,400",,n/a,n/a,73,20.26,0.52,+2,125,1 month
best site for wordpress hosting,best site for wordpress hosting​,C,n/a,0,"1,900",,n/a,n/a,74,20.26,0.52,+2,128,4 weeks
what are the best clients for minecraft for server hosting,what are the best clients for minecraft for server hosting​,n/a,n/a,0,"1,900",,n/a,n/a,n/a,0.00,0.00,n/a,n/a,"For metrics, refresh"
best hosting for wordpress,best hosting for wordpress​,C,n/a,0,"1,600",,n/a,n/a,75,20.26,0.52,,129,1 month
best domain hosting for small business,best domain hosting for small business​,C,n/a,0,"1,300",,n/a,n/a,83,12.68,0.60,+3,98.5M,1 month
best hosting company for wordpress,best hosting company for wordpress​,C,n/a,0,"1,000",,n/a,n/a,64,20.26,0.52,,123,1 month
best web hosting services for small business,best web hosting services for small business​,C,n/a,0,"1,000",,n/a,n/a,78,12.68,0.60,,586M,1 month
best website hosting for small business,best website hosting for small business​,C,n/a,0,"1,000",,n/a,n/a,80,14.41,0.83,+2,346M,1 month
best hosting for reddit,best hosting for reddit​,n/a,n/a,0,880,,n/a,n/a,n/a,0.00,0.00,n/a,n/a,"For metrics, refresh"
best hosting for restuarant,best hosting for restuarant​,n/a,n/a,0,880,,n/a,n/a,n/a,0.00,0.00,n/a,n/a,"For metrics, refresh"
best hosting for small business,best hosting for small business​,C,n/a,0,880,,n/a,n/a,62,12.68,0.60,+3,205M,1 month
best domain hosting for wordpress,best domain hosting for wordpress​,C,n/a,0,720,,n/a,n/a,81,20.26,0.52,,34.6M,1 month
best email hosting for small business,best email hosting for small business​,C,n/a,0,720,,n/a,n/a,64,7.57,0.48,+2,198M,1 month
best hosting service for wordpress,best hosting service for wordpress​,C,n/a,0,720,,n/a,n/a,70,20.26,0.52,+3,60.8M,1 month
best hosting sites for small business,best hosting sites for small business​,C,n/a,0,720,,n/a,n/a,56,12.68,0.60,,126,1 month
best vps for web hosting,best vps for web hosting​,C,n/a,0,720,,n/a,n/a,79,6.65,0.32,+2,25.5M,1 month
best ai avatar platforms for webinar hosting.,best ai avatar platforms for webinar hosting.​,C,n/a,0,590,,n/a,n/a,5,0.00,0.00,,92.4K,1 month
best ai avatar services for live streaming hosts.,best ai avatar services for live streaming hosts.​,I,n/a,0,590,,n/a,n/a,6,0.00,0.00,,173,4 weeks
best web host for wordpress sites,best web host for wordpress sites​,C,n/a,0,590,,n/a,n/a,61,20.26,0.52,,39.9M,1 month
best fertilizer for hostas,best fertilizer for hostas​,I,n/a,0,480,,n/a,n/a,11,0.00,0.83,+3,2.6M,1 month
best host for small business website,best host for small business website​,C,n/a,0,480,,n/a,n/a,31,12.68,0.60,,127,1 month
best hosting companies for wordpress,best hosting companies for wordpress​,C,n/a,0,480,,n/a,n/a,71,20.26,0.52,,206M,1 month
best hosting for minecraft,best hosting for minecraft​,C,n/a,0,480,,n/a,n/a,80,1.86,0.63,+2,44M,1 month
best hosting service for small business,best hosting service for small business​,C,n/a,0,480,,n/a,n/a,54,12.68,0.60,,128,1 month
best hosting sites for wordpress,best hosting sites for wordpress​,C,n/a,0,480,,n/a,n/a,69,20.26,0.52,+2,118,1 month
best web hosting for ecommerce,best web hosting for ecommerce​,C,n/a,0,480,,n/a,n/a,53,9.89,0.10,+2,49.4M,1 month
best website hosting for wordpress,best website hosting for wordpress​,C,n/a,0,480,,n/a,n/a,90,20.26,0.52,+3,68.9M,1 month
best cloud hosting for small businesses,best cloud hosting for small businesses​,C,n/a,0,390,,n/a,n/a,55,0.00,0.00,,152M,1 month
best gifts for hosting,best gifts for hosting​,C,n/a,0,390,,n/a,n/a,50,0.29,1.00,+2,111M,1 month
best host for ecommerce,best host for ecommerce​,C,n/a,0,390,,n/a,n/a,56,9.89,0.10,+2,44.8M,1 month
best hosting company for small business,best hosting company for small business​,C,n/a,0,390,,n/a,n/a,66,12.68,0.60,+3,125,4 weeks
best hosting for ecommerce,best hosting for ecommerce​,C,n/a,0,390,,n/a,n/a,35,9.89,0.10,,58.4M,1 month
best hosting for wordpress sites,best hosting for wordpress sites​,C,n/a,0,390,,n/a,n/a,67,20.26,0.52,+2,126,1 month
best routers for hosting dedicated server,best routers for hosting dedicated server​,C,n/a,0,390,,n/a,n/a,41,0.00,0.00,,706K,1 month
best web host for small business,best web host for small business​,C,n/a,0,390,,n/a,n/a,72,12.68,0.60,+2,413M,1 month
best web hosting for seo,best web hosting for seo​,C,n/a,0,390,,n/a,n/a,47,10.04,0.19,+2,55.2M,1 month
best web hosting service for ecommerce,best web hosting service for ecommerce​,C,n/a,0,390,,n/a,n/a,51,9.89,0.10,+2,98.8M,1 month
what are best ways to host an smp for free,what are best ways to host an smp for free​,IC,n/a,0,390,,n/a,n/a,61,0.00,0.00,+3,9.3M,1 month
best email hosting service for small business,best email hosting service for small business​,C,n/a,0,320,,n/a,n/a,36,7.57,0.48,,142,1 month
best fertilizer for hosta plants,best fertilizer for hosta plants​,C,n/a,0,320,,n/a,n/a,25,0.00,0.83,+3,3.3M,1 month
best host for wordpress,best host for wordpress​,C,n/a,0,320,,n/a,n/a,80,20.26,0.52,,129,1 month
best hosting service for ecommerce,best hosting service for ecommerce​,C,n/a,0,320,,n/a,n/a,49,9.89,0.10,+2,47.7M,1 month
best insurance for airbnb hosts,best insurance for airbnb hosts​,C,n/a,0,320,,n/a,n/a,55,9.69,0.63,,134,4 weeks
best web hosting site for small business,best web hosting site for small business​,C,n/a,0,320,,n/a,n/a,67,12.68,0.60,+2,565M,1 month
best website host for small business,best website host for small business​,C,n/a,0,320,,n/a,n/a,84,12.68,0.60,+2,432M,1 month
best wordpress hosting for agencies,best wordpress hosting for agencies​,C,n/a,0,320,,n/a,n/a,42,42.02,0.32,,7.5M,1 month
best host agency for travel agents,best host agency for travel agents​,C,n/a,0,260,,n/a,n/a,14,3.55,0.62,,145,1 month
best host travel agency for beginners 2025,best host travel agency for beginners 2025​,C,n/a,0,260,,n/a,n/a,29,2.29,0.76,,124,1 month
best hosting for wordpress site,best hosting for wordpress site​,C,n/a,0,260,,n/a,n/a,70,20.26,0.52,+3,150,1 month
best minecraft server hosting for mods,best minecraft server hosting for mods​,C,n/a,0,260,,n/a,n/a,57,2.09,0.71,+2,134,4 weeks
best plant food for hostas,best plant food for hostas​,I,n/a,0,260,,n/a,n/a,7,0.00,0.83,+3,161,1 month
best practices for organizing avd host pools,best practices for organizing avd host pools​,IC,n/a,0,260,,n/a,n/a,5,0.00,0.00,,148,1 month
best server hosting for modded minecraft,best server hosting for modded minecraft​,C,n/a,0,260,,n/a,n/a,55,2.32,0.70,,122,1 month
best web host for wordpress,best web host for wordpress​,C,n/a,0,260,,n/a,n/a,79,20.26,0.52,,69.3M,1 month
best web hosting service for small business,best web hosting service for small business​,C,n/a,0,260,,n/a,n/a,95,12.68,0.60,+2,683M,1 month
best website hosting for small businesses 2026,best website hosting for small businesses 2026​,n/a,n/a,0,260,,n/a,n/a,n/a,0.00,0.00,n/a,n/a,"For metrics, refresh"
best email and web hosting for small business,best email and web hosting for small business​,C,n/a,0,210,,n/a,n/a,60,7.57,0.48,+3,16.7K,1 month
best host for website,best host for website​,C,n/a,0,210,,n/a,n/a,85,12.22,0.59,+2,1.1B,1 month
best hosting company for seo,best hosting company for seo​,C,n/a,0,210,,n/a,n/a,48,10.04,0.19,,96.5M,1 month
best hosting for a wordpress site,best hosting for a wordpress site​,C,n/a,0,210,,n/a,n/a,73,20.26,0.52,+3,70.9M,1 month
best hosting for seo,best hosting for seo​,C,n/a,0,210,,n/a,n/a,50,10.04,0.19,,86.4M,1 month
best hosting for small business website,best hosting for small business website​,C,n/a,0,210,,n/a,n/a,65,12.68,0.60,,372M,1 month
best hosting for website,best hosting for website​,C,n/a,0,210,,n/a,n/a,81,13.65,0.43,+2,543M,1 month
best hosting for websites,best hosting for websites​,C,n/a,0,210,,n/a,n/a,90,12.22,0.59,+2,535M,1 month
best hosting for woocommerce,best hosting for woocommerce​,C,n/a,0,210,,n/a,n/a,55,26.55,0.30,,149,1 month
best hosting services for wordpress,best hosting services for wordpress​,C,n/a,0,210,,n/a,n/a,64,20.26,0.52,,58M,1 month
best hosting site for wordpress,best hosting site for wordpress​,C,n/a,0,210,,n/a,n/a,66,20.26,0.52,+3,114,1 month
best hosting website for wordpress,best hosting website for wordpress​,C,n/a,0,210,,n/a,n/a,73,20.26,0.52,+3,120M,1 month
best server hosting sites for minecraft,best server hosting sites for minecraft​,C,n/a,0,210,,n/a,n/a,74,0.00,0.00,,140,1 month
best server hosting sites for minecraft modding,best server hosting sites for minecraft modding​,C,n/a,0,210,,n/a,n/a,63,0.00,0.00,+3,2M,1 month
best vps hosting for wordpress,best vps hosting for wordpress​,C,n/a,0,210,,n/a,n/a,52,15.11,0.12,,6.1M,1 month
best web hosting for blog,best web hosting for blog​,C,n/a,0,210,,n/a,n/a,75,9.31,0.21,+2,336M,1 month
best web hosting for developers,best web hosting for developers​,C,n/a,0,210,,n/a,n/a,55,12.90,0.06,,494M,1 month
best web hosting sites for small business,best web hosting sites for small business​,C,n/a,0,210,,n/a,n/a,78,12.68,0.60,,545M,1 month
best web hosting sites for wordpress,best web hosting sites for wordpress​,C,n/a,0,210,,n/a,n/a,71,20.26,0.52,,120,1 month
best cheap hosting for wordpress,best cheap hosting for wordpress​,C,n/a,0,170,,n/a,n/a,67,15.31,0.40,+3,66.8M,1 month
best cheap web hosting for wordpress catswhocode,best cheap web hosting for wordpress catswhocode​,C,n/a,0,170,,n/a,n/a,36,11.40,0.34,,562,1 month
best documentation formats for web hosting,best documentation formats for web hosting​,C,n/a,0,170,,n/a,n/a,8,0.00,0.00,,1.3B,1 month
best domain hosting for blogs,best domain hosting for blogs​,C,n/a,0,170,,n/a,n/a,62,9.31,0.21,+3,90.1M,1 month
best for hosting,best for hosting​,C,n/a,0,170,,n/a,n/a,73,10.67,0.63,,149,4 weeks
best gifts for dinner party hosts 2026,best gifts for dinner party hosts 2026​,n/a,n/a,0,170,,n/a,n/a,n/a,0.00,0.00,n/a,n/a,"For metrics, refresh"
best host agency for new travel agents,best host agency for new travel agents​,C,n/a,0,170,,n/a,n/a,10,4.50,0.71,+2,48.5M,1 month
best hosting for a blog,best hosting for a blog​,C,n/a,0,170,,n/a,n/a,40,9.31,0.21,+4,290M,1 month
best hosting server for minecraft,best hosting server for minecraft​,C,n/a,0,170,,n/a,n/a,67,1.86,0.63,,54.5M,1 month
best hosting sites for websites,best hosting sites for websites​,C,n/a,0,170,,n/a,n/a,65,13.65,0.43,+3,137,1 month
best hosts for wordpress,best hosts for wordpress​,C,n/a,0,170,,n/a,n/a,72,20.26,0.52,,132,1 month
best place for web hosting,best place for web hosting​,C,n/a,0,170,,n/a,n/a,62,15.63,0.68,+3,142,4 weeks
best server host for modded minecraft,best server host for modded minecraft​,C,n/a,0,170,,n/a,n/a,56,2.32,0.70,+3,3.9M,1 month
best web hosting provider for wordpress,best web hosting provider for wordpress​,C,n/a,0,170,,n/a,n/a,63,25.41,0.47,,128,4 weeks
best website hosting for podcasts,best website hosting for podcasts​,C,n/a,0,170,,n/a,n/a,67,4.50,0.71,+2,76.3M,1 month
best wordpress hosting for small business,best wordpress hosting for small business​,C,n/a,0,170,,n/a,n/a,66,19.18,0.35,+2,22.7M,1 month
woblogger best wordpress hosting for bloggers,woblogger best wordpress hosting for bloggers​,n/a,n/a,0,170,,n/a,n/a,n/a,0.00,0.00,n/a,n/a,"For metrics, refresh"
best cheap web hosting for wordpress,best cheap web hosting for wordpress​,C,n/a,0,140,,n/a,n/a,64,15.31,0.40,,14.8M,1 month
best host for seo,best host for seo​,C,n/a,0,140,,n/a,n/a,48,10.04,0.19,+2,134M,1 month
best host travel agency for beginners 2024,best host travel agency for beginners 2024​,C,n/a,0,140,,n/a,n/a,3,2.59,0.79,,30.8M,1 month
best hosting companies for small business,best hosting companies for small business​,C,n/a,0,140,,n/a,n/a,56,12.68,0.60,+2,124,1 month
best hosting for developers catswhocode,best hosting for developers catswhocode​,C,n/a,0,140,,n/a,n/a,27,12.90,0.06,,734,1 month
best hosting for magento,best hosting for magento​,C,n/a,0,140,,n/a,n/a,43,13.63,0.07,,6.2M,1 month
best hosting websites for wordpress,best hosting websites for wordpress​,C,n/a,0,140,,n/a,n/a,71,20.26,0.52,,132,1 month
best insurance for turo hosts,best insurance for turo hosts​,C,n/a,0,140,,n/a,n/a,53,9.08,0.82,+2,488K,1 month
best server hosting for minecraft,best server hosting for minecraft​,C,n/a,0,140,,n/a,n/a,72,1.86,0.63,,137,3 weeks
best site for hosting,best site for hosting​,n/a,n/a,0,140,,n/a,n/a,n/a,11.68,0.35,n/a,n/a,"For metrics, refresh"
best sites for hosting,best sites for hosting​,n/a,n/a,0,140,,n/a,n/a,n/a,11.68,0.35,n/a,n/a,"For metrics, refresh"
best sites for website hosting,best sites for website hosting​,C,n/a,0,140,,n/a,n/a,82,12.22,0.59,+3,536M,1 month
best travel host agency for beginners,best travel host agency for beginners​,C,n/a,0,140,,n/a,n/a,11,2.44,0.75,+2,142,1 month
best web hosting companies for business,best web hosting companies for business​,C,n/a,0,140,,n/a,n/a,77,9.88,0.51,+2,1.5B,1 month
best web hosting for beginners,best web hosting for beginners​,C,n/a,0,140,,n/a,n/a,68,6.73,0.26,+2,539M,1 month
best web hosting for business,best web hosting for business​,C,n/a,0,140,,n/a,n/a,68,15.79,0.20,,145,1 month
best web hosting for nonprofits,best web hosting for nonprofits​,C,n/a,0,140,,n/a,n/a,47,9.28,0.64,+2,10M,1 month
best web hosting for small business ecommerce,best web hosting for small business ecommerce​,C,n/a,0,140,,n/a,n/a,37,12.40,0.63,+2,117,1 month
best web hosting services for small businesses,best web hosting services for small businesses​,C,n/a,0,140,,n/a,n/a,54,12.68,0.60,,142,1 month
best web hosts for small business,best web hosts for small business​,C,n/a,0,140,,n/a,n/a,68,12.68,0.60,+2,125M,1 month
best website hosting services for small business,best website hosting services for small business​,C,n/a,0,140,,n/a,n/a,69,12.68,0.60,+3,806M,1 month
woblogger best web hosting for 2026,woblogger best web hosting for 2026​,n/a,n/a,0,140,,n/a,n/a,n/a,0.00,0.00,n/a,n/a,"For metrics, refresh"
woblogger.com best web hosting for 2026,woblogger.com best web hosting for 2026​,n/a,n/a,0,140,,n/a,n/a,n/a,0.00,0.00,n/a,n/a,"For metrics, refresh"
woblogger.com best wordpress hosting for bloggers,woblogger.com best wordpress hosting for bloggers​,n/a,n/a,0,140,,n/a,n/a,n/a,0.00,0.00,n/a,n/a,"For metrics, refresh"
best australian web hosting for small business,best australian web hosting for small business​,C,n/a,0,110,,n/a,n/a,40,0.00,0.33,+2,16.3M,1 month
best cloud hosting for wordpress,best cloud hosting for wordpress​,C,n/a,0,110,,n/a,n/a,60,11.05,0.17,+2,27.6M,1 month
best dedicated server hosting for games,best dedicated server hosting for games​,C,n/a,0,110,,n/a,n/a,62,3.55,0.21,,26.6M,1 month
best gift for a host,best gift for a host​,n/a,n/a,0,110,,n/a,n/a,n/a,0.24,1.00,n/a,n/a,"For metrics, refresh"
best gifts for hosts,best gifts for hosts​,C,n/a,0,110,,n/a,n/a,32,0.29,1.00,,63.3M,1 month
best host for email,best host for email​,C,n/a,0,110,,n/a,n/a,55,5.16,0.42,,232,1 month
best host for podcast,best host for podcast​,C,n/a,0,110,,n/a,n/a,75,4.50,0.71,,403M,1 month
best hosting company for magento,best hosting company for magento​,C,n/a,0,110,,n/a,n/a,13,13.63,0.07,,5.5M,1 month
best hosting for blog,best hosting for blog​,C,n/a,0,110,,n/a,n/a,31,9.31,0.21,+3,307M,1 month
best hosting provider for wordpress,best hosting provider for wordpress​,C,n/a,0,110,,n/a,n/a,66,25.41,0.47,+2,206M,1 month
best sites for web hosting,best sites for web hosting​,C,n/a,0,110,,n/a,n/a,85,13.65,0.43,,518M,1 month
best web host for ecommerce,best web host for ecommerce​,C,n/a,0,110,,n/a,n/a,47,9.89,0.10,,34.5M,1 month
best web hosting and email for small business,best web hosting and email for small business​,C,n/a,0,110,,n/a,n/a,57,7.57,0.48,+2,148,1 month
best web hosting for blogs,best web hosting for blogs​,C,n/a,0,110,,n/a,n/a,62,9.31,0.21,+2,153,1 month
best web hosting for hipaa compliance,best web hosting for hipaa compliance​,C,n/a,0,110,,n/a,n/a,48,0.00,0.00,+2,2.3M,1 month
best web hosting for magento,best web hosting for magento​,C,n/a,0,110,,n/a,n/a,46,13.63,0.07,,2.6M,1 month
best web hosting for small businesses,best web hosting for small businesses​,C,n/a,0,110,,n/a,n/a,75,12.68,0.60,,404M,1 month
best web hosting for startups,best web hosting for startups​,C,n/a,0,110,,n/a,n/a,35,8.53,0.07,,67.7M,1 month
best web hosting for woocommerce,best web hosting for woocommerce​,C,n/a,0,110,,n/a,n/a,69,26.55,0.30,,9.6M,1 month
best web hosting sites for beginners,best web hosting sites for beginners​,C,n/a,0,110,,n/a,n/a,74,6.73,0.26,+3,1.5B,1 month
best website builder and hosting for small business,best website builder and hosting for small business​,C,n/a,0,110,,n/a,n/a,45,349.11,0.55,+3,355M,1 month
best website hosting for nonprofits,best website hosting for nonprofits​,C,n/a,0,110,,n/a,n/a,44,9.56,0.83,,15.5M,1 month
best website hosting for seo,best website hosting for seo​,C,n/a,0,110,,n/a,n/a,52,10.04,0.19,+3,99M,1 month
best website hosts for small business,best website hosts for small business​,C,n/a,0,110,,n/a,n/a,41,12.68,0.60,+2,126,1 month
what are the best documentation formats for web hosting,what are the best documentation formats for web hosting​,C,n/a,0,110,,n/a,n/a,9,0.00,0.00,+3,660M,1 month
best email host for small business,best email host for small business​,C,n/a,0,90,,n/a,n/a,62,8.07,0.58,+3,316M,1 month
best fertilizers for hostas,best fertilizers for hostas​,IC,n/a,0,90,,n/a,n/a,3,0.00,0.83,+3,1.3M,1 month
best gifts for the host,best gifts for the host​,C,n/a,0,90,,n/a,n/a,41,0.29,1.00,+2,181M,1 month
best host for wordpress reddit,best host for wordpress reddit​,N,n/a,0,90,,n/a,n/a,26,14.23,0.43,,164,1 month
best hostas for full sun,best hostas for full sun​,C,n/a,0,90,,n/a,n/a,4,0.00,1.00,+4,3M,1 month
best hosted pbx for small business,best hosted pbx for small business​,C,n/a,0,90,,n/a,n/a,17,0.00,0.00,,2.6M,1 month
best hosting company for ecommerce website,best hosting company for ecommerce website​,C,n/a,0,90,,n/a,n/a,40,15.83,0.11,,45.8M,1 month
best hosting for beginners,best hosting for beginners​,C,n/a,0,90,,n/a,n/a,55,6.73,0.26,+4,133,4 weeks
best hosting for drupal,best hosting for drupal​,C,n/a,0,90,,n/a,n/a,56,10.38,0.25,,4M,1 month
best hosting for joomla,best hosting for joomla​,C,n/a,0,90,,n/a,n/a,48,7.45,0.18,,3.3M,1 month
best hosting for wordpress woocommerce,best hosting for wordpress woocommerce​,C,n/a,0,90,,n/a,n/a,66,25.54,0.64,+2,10.4M,1 month
best hosting sites for photographers,best hosting sites for photographers​,C,n/a,0,90,,n/a,n/a,30,3.98,0.36,+2,124,4 weeks
best hosting website for small business,best hosting website for small business​,C,n/a,0,90,,n/a,n/a,69,12.68,0.60,+3,322M,1 month
best practices for hosting large-scale agricultural events,best practices for hosting large-scale agricultural events​,n/a,n/a,0,90,,n/a,n/a,n/a,0.00,0.00,n/a,n/a,"For metrics, refresh"
best serverless hosting for frontend startups,best serverless hosting for frontend startups​,C,n/a,0,90,,n/a,n/a,15,0.00,0.33,,111K,1 month
best shared hosting for wordpress,best shared hosting for wordpress​,C,n/a,0,90,,n/a,n/a,68,24.06,0.19,,138,1 month
best venues for hosting exhibitions in the uk,best venues for hosting exhibitions in the uk​,C,n/a,0,90,,n/a,n/a,8,0.00,0.00,,21.1M,1 month
best vps hosting for forex trading,best vps hosting for forex trading​,C,n/a,0,90,,n/a,n/a,54,0.00,0.36,+4,430K,1 month
best web host for personal website,best web host for personal website​,C,n/a,0,90,,n/a,n/a,80,9.20,0.20,,123,1 month
best web hosting for artists,best web hosting for artists​,C,n/a,0,90,,n/a,n/a,18,5.75,0.35,,139,1 month
best web hosting for bloggers,best web hosting for bloggers​,C,n/a,0,90,,n/a,n/a,26,9.31,0.21,+2,239M,1 month
best web hosting for django,best web hosting for django​,C,n/a,0,90,,n/a,n/a,46,9.53,0.20,+2,21.7M,1 month
best web hosting for ecommerce website,best web hosting for ecommerce website​,C,n/a,0,90,,n/a,n/a,50,15.83,0.11,,43.8M,1 month
best web hosting for photographers,best web hosting for photographers​,C,n/a,0,90,,n/a,n/a,28,3.98,0.36,+2,122,1 month
best web hosting for ruby on rails,best web hosting for ruby on rails​,C,n/a,0,90,,n/a,n/a,22,24.89,0.18,,5.7M,1 month
best web hosting for small business uk,best web hosting for small business uk​,C,n/a,0,90,,n/a,n/a,60,0.00,0.33,,123,1 month
best web hosting for small businesses 2026,best web hosting for small businesses 2026​,n/a,n/a,0,90,,n/a,n/a,n/a,0.00,0.00,n/a,n/a,"For metrics, refresh"
best web hosting services for businesses,best web hosting services for businesses​,C,n/a,0,90,,n/a,n/a,68,9.88,0.51,+3,1.6B,1 month
best web hosting services for wordpress,best web hosting services for wordpress​,C,n/a,0,90,,n/a,n/a,67,29.54,0.65,+2,136,1 month
best web hosts for blogs,best web hosts for blogs​,C,n/a,0,90,,n/a,n/a,60,9.31,0.21,,750M,1 month
best website hosts for small businesses,best website hosts for small businesses​,C,n/a,0,90,,n/a,n/a,65,12.68,0.60,,142,1 month
best websites for hosting,best websites for hosting​,n/a,n/a,0,90,,n/a,n/a,n/a,11.68,0.35,n/a,n/a,"For metrics, refresh"
best wordpress hosting for seo,best wordpress hosting for seo​,C,n/a,0,90,,n/a,n/a,62,11.38,0.53,,16.1M,1 month
what's the best serverless hosting for frontend developers,what's the best serverless hosting for frontend developers​,C,n/a,0,90,,n/a,n/a,16,0.00,0.00,,151,1 month
best cloud hosting providers for startups 2025 2026,best cloud hosting providers for startups 2025 2026​,n/a,n/a,0,70,,n/a,n/a,n/a,0.00,0.00,n/a,n/a,"For metrics, refresh"
best cms hosting for small business 2026,best cms hosting for small business 2026​,n/a,n/a,0,70,,n/a,n/a,n/a,0.00,0.00,n/a,n/a,"For metrics, refresh"
best ecommerce hosting for small business,best ecommerce hosting for small business​,C,n/a,0,70,,n/a,n/a,40,12.29,0.74,+3,22.6M,1 month
best email hosting for personal domain,best email hosting for personal domain​,C,n/a,0,70,,n/a,n/a,50,3.54,0.71,,129,1 month
best host agencies for new travel agents,best host agencies for new travel agents​,C,n/a,0,70,,n/a,n/a,27,4.50,0.71,,27.5M,1 month
best host agencies for new travel agents 2026,best host agencies for new travel agents 2026​,n/a,n/a,0,70,,n/a,n/a,n/a,0.00,0.00,n/a,n/a,"For metrics, refresh"
best host for a website,best host for a website​,C,n/a,0,70,,n/a,n/a,88,13.65,0.43,+2,1.1B,1 month
best host for minecraft server,best host for minecraft server​,C,n/a,0,70,,n/a,n/a,76,1.86,0.63,+2,28.5M,1 month
best host for websites,best host for websites​,C,n/a,0,70,,n/a,n/a,87,12.22,0.59,+3,1.2B,1 month
best host travel agency for beginners,best host travel agency for beginners​,C,n/a,0,70,,n/a,n/a,32,2.91,0.70,,107,4 weeks
best host travel agency to work for,best host travel agency to work for​,C,n/a,0,70,,n/a,n/a,25,2.42,0.76,,193M,1 month
best hostas for shade,best hostas for shade​,C,n/a,0,70,,n/a,n/a,12,0.27,1.00,+2,183,1 month
best hostas for sun,best hostas for sun​,C,n/a,0,70,,n/a,n/a,9,0.00,0.83,+3,182,1 month
best hosted buyer programs for meeting new outdoor brands.,best hosted buyer programs for meeting new outdoor brands.​,IC,n/a,0,70,,n/a,n/a,12,0.00,0.00,,5.1M,1 month
best hosting company for woocommerce,best hosting company for woocommerce​,C,n/a,0,70,,n/a,n/a,55,26.55,0.30,,13.4M,1 month
best hosting for blogs,best hosting for blogs​,C,n/a,0,70,,n/a,n/a,58,9.31,0.21,,341M,1 month
best hosting for developers,best hosting for developers​,C,n/a,0,70,,n/a,n/a,50,12.90,0.06,,232M,1 month
best hosting for email,best hosting for email​,C,n/a,0,70,,n/a,n/a,58,5.90,0.21,,421M,1 month
best hosting for minecraft servers,best hosting for minecraft servers​,C,n/a,0,70,,n/a,n/a,71,1.71,0.72,,14.8M,1 month
best hosting for node js,best hosting for node js​,C,n/a,0,70,,n/a,n/a,39,7.65,0.57,+2,28.8M,1 month
best hosting for nonprofits,best hosting for nonprofits​,C,n/a,0,70,,n/a,n/a,46,9.28,0.64,,19.2M,1 month
best hosting for photographers,best hosting for photographers​,C,n/a,0,70,,n/a,n/a,24,3.98,0.36,,139,4 weeks
best hosting for podcast,best hosting for podcast​,C,n/a,0,70,,n/a,n/a,78,4.50,0.71,+2,167M,1 month
best hosting for prestashop,best hosting for prestashop​,C,n/a,0,70,,n/a,n/a,20,0.00,0.33,,1.4M,1 month
best hosting for startups,best hosting for startups​,C,n/a,0,70,,n/a,n/a,33,0.00,0.22,,71.8M,1 month
best hosting for static website,best hosting for static website​,C,n/a,0,70,,n/a,n/a,57,8.56,0.42,,131M,1 month
best hosting for wordpress canada,best hosting for wordpress canada​,C,n/a,0,70,,n/a,n/a,36,0.00,0.20,,10M,1 month
best hosting for wordpress convesio,best hosting for wordpress convesio​,C,n/a,0,70,,n/a,n/a,4,0.00,0.33,,8.7M,1 month
best hosting providers for bank websites with high security,best hosting providers for bank websites with high security​,IC,n/a,0,70,,n/a,n/a,47,0.00,0.00,,111,1 month
best hosting site for small business,best hosting site for small business​,C,n/a,0,70,,n/a,n/a,89,12.68,0.60,+3,284M,1 month
best place for hostas,best place for hostas​,C,n/a,0,70,,n/a,n/a,20,0.00,0.41,+2,2.6M,1 month
best pots for hostas,best pots for hostas​,IC,n/a,0,70,,n/a,n/a,5,1.21,1.00,+2,2.4M,1 month
best site for web hosting,best site for web hosting​,C,n/a,0,70,,n/a,n/a,67,13.65,0.43,,135,1 month
best soil for hostas,best soil for hostas​,C,n/a,0,70,,n/a,n/a,16,0.11,0.95,+3,3M,1 month
best trade shows for independent outdoor retailers hosted buyer programs,best trade shows for independent outdoor retailers hosted buyer programs​,C,n/a,0,70,,n/a,n/a,10,0.00,0.00,,5.6M,1 month
best video hosting for websites,best video hosting for websites​,C,n/a,0,70,,n/a,n/a,50,23.19,0.52,+2,552M,1 month
best web hosting companies for small business,best web hosting companies for small business​,C,n/a,0,70,,n/a,n/a,91,10.49,0.16,,942M,1 month
best web hosting for newbies,best web hosting for newbies​,C,n/a,0,70,,n/a,n/a,53,6.73,0.26,+3,1.6B,1 month
best web hosting for nonprofit organizations,best web hosting for nonprofit organizations​,C,n/a,0,70,,n/a,n/a,42,9.28,0.64,+2,43.5M,1 month
best web hosting for online store,best web hosting for online store​,C,n/a,0,70,,n/a,n/a,54,10.09,0.13,,365M,1 month
best web hosting service for photographers,best web hosting service for photographers​,C,n/a,0,70,,n/a,n/a,32,3.98,0.36,+3,118M,1 month
best web hosting services for financial compliance,best web hosting services for financial compliance​,C,n/a,0,70,,n/a,n/a,7,0.00,0.00,,215M,1 month
best web hosting sites for nonprofits,best web hosting sites for nonprofits​,C,n/a,0,70,,n/a,n/a,50,9.28,0.64,+2,160M,1 month
best website design and hosting for small business,best website design and hosting for small business​,C,n/a,0,70,,n/a,n/a,61,17.78,0.59,+2,173,1 month
best website host for bloggers,best website host for bloggers​,C,n/a,0,70,,n/a,n/a,54,9.31,0.21,+2,522M,1 month
best wordpress hosting for beginners,best wordpress hosting for beginners​,C,n/a,0,70,,n/a,n/a,68,454.54,0.43,,73.3M,1 month
compare hosting options for best financial planning website,compare hosting options for best financial planning website​,C,n/a,0,70,,n/a,n/a,48,0.00,0.00,,150,4 weeks
what is the best web hosting site for small business,what is the best web hosting site for small business​,C,n/a,0,70,,n/a,n/a,51,14.11,0.24,+3,620M,1 month
best airbnb reviews for hosts,best airbnb reviews for hosts​,C,n/a,0,50,,n/a,n/a,24,4.49,0.17,,6.6M,1 month
best cloud hosting for magento,best cloud hosting for magento​,C,n/a,0,50,,n/a,n/a,43,0.00,0.00,,150,4 weeks
best cloud hosting providers for small businesses 2026,best cloud hosting providers for small businesses 2026​,n/a,n/a,0,50,,n/a,n/a,n/a,0.00,0.00,n/a,n/a,"For metrics, refresh"
best company for web hosting,best company for web hosting​,C,n/a,0,50,,n/a,n/a,69,10.81,0.34,,434M,1 month
best dhcp host for ps5,best dhcp host for ps5​,C,n/a,0,50,,n/a,n/a,7,0.00,0.10,,18.7K,1 month
best file hosting for churches,best file hosting for churches​,C,n/a,0,50,,n/a,n/a,2,0.00,0.33,,5M,1 month
best formats for hosting a paid workshop,best formats for hosting a paid workshop​,I,n/a,0,50,,n/a,n/a,15,0.00,0.00,,79,1 month
best free hosting alternatives for financial advisor website builders,best free hosting alternatives for financial advisor website builders​,C,n/a,0,50,,n/a,n/a,48,0.00,0.00,,108,1 month
best gifts for dinner party hosts serving entertaining essentials,best gifts for dinner party hosts serving entertaining essentials​,n/a,n/a,0,50,,n/a,n/a,n/a,0.00,0.00,n/a,n/a,"For metrics, refresh"
best host agencies for travel agents,best host agencies for travel agents​,C,n/a,0,50,,n/a,n/a,38,3.55,0.62,,133,1 month
best host agency for independent travel agents,best host agency for independent travel agents​,C,n/a,0,50,,n/a,n/a,24,3.46,0.83,,147,1 month
best host agency for luxury travel,best host agency for luxury travel​,C,n/a,0,50,,n/a,n/a,32,0.00,0.36,,152,1 month
best host for ecommerce website,best host for ecommerce website​,C,n/a,0,50,,n/a,n/a,55,15.83,0.11,+3,156,1 month
best host travel agencies to work for,best host travel agencies to work for​,C,n/a,0,50,,n/a,n/a,25,1.86,1.00,,93.3M,1 month
best hosted buyer programs for small outdoor retailers.,best hosted buyer programs for small outdoor retailers.​,IC,n/a,0,50,,n/a,n/a,2,0.00,0.00,,62.4M,1 month
best hosted video redaction platforms for data compliance,best hosted video redaction platforms for data compliance​,C,n/a,0,50,,n/a,n/a,5,0.00,0.00,,180,1 month
best hosting for a small business,best hosting for a small business​,C,n/a,0,50,,n/a,n/a,65,12.68,0.60,+2,370M,1 month
best hosting for affiliate marketers,best hosting for affiliate marketers​,C,n/a,0,50,,n/a,n/a,22,0.00,0.09,,146,1 month
best hosting for developers with staging pipelines 2026,best hosting for developers with staging pipelines 2026​,n/a,n/a,0,50,,n/a,n/a,n/a,0.00,0.00,n/a,n/a,"For metrics, refresh"
best hosting for ecommerce website,best hosting for ecommerce website​,C,n/a,0,50,,n/a,n/a,42,7.06,0.56,+2,59.5M,1 month
best hosting for online store,best hosting for online store​,C,n/a,0,50,,n/a,n/a,54,10.09,0.13,+3,382M,1 month
best hosting for wordpress reddit,best hosting for wordpress reddit​,N,n/a,0,50,,n/a,n/a,31,14.23,0.43,,169,1 month
best hosting plan for wordpress,best hosting plan for wordpress​,C,n/a,0,50,,n/a,n/a,70,26.63,0.82,,132,1 month
best hosting platform for wordpress,best hosting platform for wordpress​,C,n/a,0,50,,n/a,n/a,60,17.66,0.60,+3,33.1M,1 month
best hosting provider for 2018,best hosting provider for 2018​,n/a,n/a,0,50,,n/a,n/a,n/a,0.00,0.33,n/a,n/a,"For metrics, refresh"
best hosting servers for minecraft,best hosting servers for minecraft​,C,n/a,0,50,,n/a,n/a,64,1.71,0.72,+2,14.6M,1 month
best hosting sites for ecommerce,best hosting sites for ecommerce​,C,n/a,0,50,,n/a,n/a,49,9.89,0.10,,98.7M,1 month
best luxury homes for hosting extended family vacations,best luxury homes for hosting extended family vacations​,C,n/a,0,50,,n/a,n/a,3,0.00,0.00,,42.6M,1 month
best platform for hosting trust portals ai,best platform for hosting trust portals ai​,C,n/a,0,50,,n/a,n/a,26,0.00,0.00,,39.9M,1 month
best platforms for hosting ai models,best platforms for hosting ai models​,C,n/a,0,50,,n/a,n/a,20,0.00,0.00,+3,141M,1 month
best platforms for hosting interactive brand guidelines,best platforms for hosting interactive brand guidelines​,C,n/a,0,50,,n/a,n/a,17,0.00,0.00,,127,4 weeks
best reseller hosting for web designers,best reseller hosting for web designers​,C,n/a,0,50,,n/a,n/a,21,0.00,0.33,+2,164,4 weeks
best self hosted ai for coding,best self hosted ai for coding​,C,n/a,0,50,,n/a,n/a,28,6.00,0.53,,103M,1 month
best server for virtualization host,best server for virtualization host​,C,n/a,0,50,,n/a,n/a,15,0.00,0.11,,119,4 weeks
best server for website hosting,best server for website hosting​,C,n/a,0,50,,n/a,n/a,69,5.49,0.19,+2,192M,1 month
best serverless cloud hosting for frontend work,best serverless cloud hosting for frontend work​,C,n/a,0,50,,n/a,n/a,15,0.00,0.00,,2.9M,1 month
best spirits for poker night host gift,best spirits for poker night host gift​,IC,n/a,0,50,,n/a,n/a,6,0.00,0.00,,6.6M,1 month
best student exchange programs for host families,best student exchange programs for host families​,n/a,n/a,0,50,,n/a,n/a,n/a,0.00,0.04,n/a,n/a,"For metrics, refresh"
best uk web hosting for wordpress,best uk web hosting for wordpress​,C,n/a,0,50,,n/a,n/a,50,12.10,0.13,,13.7M,1 month
best uk web hosting for wordpress sites,best uk web hosting for wordpress sites​,C,n/a,0,50,,n/a,n/a,54,12.10,0.13,,18.3M,1 month
best vacation rental distribution solutions for independent hosts 2025,best vacation rental distribution solutions for independent hosts 2025​,C,n/a,0,50,,n/a,n/a,6,0.00,0.00,,15.1M,4 weeks
best web design and hosting for small business,best web design and hosting for small business​,C,n/a,0,50,,n/a,n/a,39,17.78,0.59,,253M,1 month
best web host for blogs,best web host for blogs​,C,n/a,0,50,,n/a,n/a,70,9.31,0.21,+2,644M,1 month
best web host for photographers,best web host for photographers​,C,n/a,0,50,,n/a,n/a,25,3.98,0.36,,6.4M,1 month
best web hosting for affiliate marketing,best web hosting for affiliate marketing​,C,n/a,0,50,,n/a,n/a,34,7.82,0.35,,151,1 month
best web hosting for developers catswhocode,best web hosting for developers catswhocode​,C,n/a,0,50,,n/a,n/a,27,0.00,0.01,,108,1 month
best web hosting for financial planning website,best web hosting for financial planning website​,C,n/a,0,50,,n/a,n/a,13,0.00,0.00,,140,1 month
best web hosting for musicians,best web hosting for musicians​,C,n/a,0,50,,n/a,n/a,8,7.42,0.35,+2,21M,1 month
best web hosting for non profit organizations,best web hosting for non profit organizations​,C,n/a,0,50,,n/a,n/a,38,9.28,0.64,,194M,1 month
best web hosting for online retail,best web hosting for online retail​,C,n/a,0,50,,n/a,n/a,47,10.09,0.13,+4,448M,1 month
best web hosting for personal site,best web hosting for personal site​,C,n/a,0,50,,n/a,n/a,34,9.20,0.20,+2,483M,1 month
best web hosting for wordpress in india,best web hosting for wordpress in india​,C,n/a,0,50,,n/a,n/a,37,0.00,0.33,+3,8.4M,1 month
best web hosting for wordpress india,best web hosting for wordpress india​,C,n/a,0,50,,n/a,n/a,58,0.00,0.33,+2,9M,1 month
best web hosting in uae for wordpress,best web hosting in uae for wordpress​,C,n/a,0,50,,n/a,n/a,13,0.00,0.00,,647K,1 month
best web hosting sites for photographers,best web hosting sites for photographers​,C,n/a,0,50,,n/a,n/a,25,3.98,0.36,,24.9M,1 month
best website domain host for small business,best website domain host for small business​,C,n/a,0,50,,n/a,n/a,27,12.68,0.60,,98,1 month
best website host for online store,best website host for online store​,C,n/a,0,50,,n/a,n/a,39,10.09,0.13,,148,1 month
best website host for photographers,best website host for photographers​,C,n/a,0,50,,n/a,n/a,24,3.98,0.36,+2,14M,1 month
best website hosting for ecommerce,best website hosting for ecommerce​,C,n/a,0,50,,n/a,n/a,54,9.89,0.10,,54.8M,1 month
best website hosting for photographers,best website hosting for photographers​,C,n/a,0,50,,n/a,n/a,28,9.89,0.37,+3,118,1 month
best website hosting for wordpress uk,best website hosting for wordpress uk​,C,n/a,0,50,,n/a,n/a,56,12.10,0.13,,20.2M,1 month
best wordpress hosting for developers,best wordpress hosting for developers​,C,n/a,0,50,,n/a,n/a,59,0.00,0.50,,147,4 weeks
best wordpress hosting for high traffic,best wordpress hosting for high traffic​,C,n/a,0,50,,n/a,n/a,33,0.00,0.19,,9.5M,1 month
finding the best fit for your website hosting providers,finding the best fit for your website hosting providers​,C,n/a,0,50,,n/a,n/a,6,0.00,0.00,,153,1 month
what is the best fertilizer for hostas,what is the best fertilizer for hostas​,C,n/a,0,50,,n/a,n/a,13,0.00,0.50,+3,115,1 month
what is the best server hosting for minecraft,what is the best server hosting for minecraft​,C,n/a,0,50,,n/a,n/a,52,1.58,0.56,+2,208,1 month
best australian hosting for wordpress,best australian hosting for wordpress​,C,n/a,0,40,,n/a,n/a,25,0.00,1.00,+2,3.8M,1 month
best australian web hosting for wordpress,best australian web hosting for wordpress​,C,n/a,0,40,,n/a,n/a,36,0.00,1.00,+2,1.4M,1 month
best blue ocean hosting for developers 2025,best blue ocean hosting for developers 2025​,C,n/a,0,40,,n/a,n/a,15,0.00,0.00,,722M,1 month
best cdn for video hosting,best cdn for video hosting​,C,n/a,0,40,,n/a,n/a,10,0.00,0.33,+2,227M,1 month
best channel manager tools for vacation rental hosts,best channel manager tools for vacation rental hosts​,C,n/a,0,40,,n/a,n/a,10,0.00,0.00,,156,1 month
best cloud hosting for developers 2026,best cloud hosting for developers 2026​,n/a,n/a,0,40,,n/a,n/a,n/a,0.00,0.00,n/a,n/a,"For metrics, refresh"
best cloud hosting for high traffic websites,best cloud hosting for high traffic websites​,n/a,n/a,0,40,,n/a,n/a,n/a,0.00,0.00,n/a,n/a,"For metrics, refresh"
best cloud hosting for startups,best cloud hosting for startups​,C,n/a,0,40,,n/a,n/a,55,0.00,0.33,+2,48.9M,1 month
best cloud hosting providers for drupal,best cloud hosting providers for drupal​,n/a,n/a,0,40,,n/a,n/a,n/a,0.00,0.00,n/a,n/a,"For metrics, refresh"
best cloud service provider for hosting,best cloud service provider for hosting​,C,n/a,0,40,,n/a,n/a,50,0.00,0.00,,145,4 weeks
best cloud-hosted pos systems for telepharmacy 2025,best cloud-hosted pos systems for telepharmacy 2025​,C,n/a,0,40,,n/a,n/a,0,0.00,0.00,,18.1K,1 month
best cms hosting for beginners,best cms hosting for beginners​,C,n/a,0,40,,n/a,n/a,17,0.00,0.00,,134,1 month
best domain and email hosting for small business,best domain and email hosting for small business​,C,n/a,0,40,,n/a,n/a,57,10.55,0.72,+4,54.6M,1 month
best domain hosting for artists,best domain hosting for artists​,C,n/a,0,40,,n/a,n/a,19,5.75,0.35,,77.7M,1 month
best drinks for summer bbq host gift,best drinks for summer bbq host gift​,C,n/a,0,40,,n/a,n/a,8,0.00,0.00,,11.2M,1 month
best email hosting for small business 2015,best email hosting for small business 2015​,C,n/a,0,40,,n/a,n/a,16,0.00,0.33,,65.4M,4 weeks
best email hosting for small business 2016,best email hosting for small business 2016​,C,n/a,0,40,,n/a,n/a,32,0.00,0.33,,53M,1 month
best email hosting for small business australia,best email hosting for small business australia​,C,n/a,0,40,,n/a,n/a,17,0.00,0.00,,173M,1 month
best free hosting for financial advisor websites 2025,best free hosting for financial advisor websites 2025​,C,n/a,0,40,,n/a,n/a,10,0.00,0.00,,8.8M,1 month
best free hosting for wordpress,best free hosting for wordpress​,C,n/a,0,40,,n/a,n/a,68,7.36,0.20,,90.8M,1 month
best free minecraft server hosting for modpacks,best free minecraft server hosting for modpacks​,C,n/a,0,40,,n/a,n/a,58,0.00,0.04,,5.7M,1 month
best gifts for host,best gifts for host​,n/a,n/a,0,40,,n/a,n/a,n/a,0.24,1.00,n/a,n/a,"For metrics, refresh"
best git repository hosting for small dev team 2026,best git repository hosting for small dev team 2026​,n/a,n/a,0,40,,n/a,n/a,n/a,0.00,0.00,n/a,n/a,"For metrics, refresh"
best hipaa hosting for medical practice websites,best hipaa hosting for medical practice websites​,n/a,n/a,0,40,,n/a,n/a,n/a,0.00,0.00,n/a,n/a,"For metrics, refresh"
best host agency for becoming a travel agent,best host agency for becoming a travel agent​,n/a,n/a,0,40,,n/a,n/a,n/a,0.00,0.00,n/a,n/a,"For metrics, refresh"
best host for a blog,best host for a blog​,C,n/a,0,40,,n/a,n/a,28,9.31,0.21,+4,536M,1 month
best host for woocommerce,best host for woocommerce​,C,n/a,0,40,,n/a,n/a,61,26.55,0.30,+2,8.2M,1 month
best host for wordpress org,best host for wordpress org​,C,n/a,0,40,,n/a,n/a,72,16.65,0.71,,28.9M,1 month
best host travel agencies for new agents 2026,best host travel agencies for new agents 2026​,n/a,n/a,0,40,,n/a,n/a,n/a,0.00,0.00,n/a,n/a,"For metrics, refresh"
best hostas for full shade,best hostas for full shade​,C,n/a,0,40,,n/a,n/a,8,0.00,0.90,+3,2.9M,1 month
best hosted voip phone solutions for small business,best hosted voip phone solutions for small business​,C,n/a,0,40,,n/a,n/a,46,0.00,0.00,,38.3M,1 month
best hosting for digital agencies,best hosting for digital agencies​,n/a,n/a,0,40,,n/a,n/a,n/a,0.00,0.00,n/a,n/a,"For metrics, refresh"
best hosting for django,best hosting for django​,IC,n/a,0,40,,n/a,n/a,38,9.53,0.20,,25.9M,1 month
best hosting for docker,best hosting for docker​,C,n/a,0,40,,n/a,n/a,44,0.00,0.07,+2,151,4 weeks
best hosting for ecommerce site,best hosting for ecommerce site​,C,n/a,0,40,,n/a,n/a,52,15.83,0.11,,165,1 month
best hosting for fivem server,best hosting for fivem server​,I,n/a,0,40,,n/a,n/a,45,0.00,0.00,,434K,1 month
best hosting for high traffic wordpress,best hosting for high traffic wordpress​,n/a,n/a,0,40,,n/a,n/a,n/a,0.00,0.33,n/a,n/a,"For metrics, refresh"
best hosting for high traffic wordpress sites,best hosting for high traffic wordpress sites​,n/a,n/a,0,40,,n/a,n/a,n/a,0.00,0.33,n/a,n/a,"For metrics, refresh"
best hosting for java web application,best hosting for java web application​,C,n/a,0,40,,n/a,n/a,30,0.00,0.67,+2,40.7M,1 month
best hosting for laravel,best hosting for laravel​,C,n/a,0,40,,n/a,n/a,31,16.00,0.20,,3.2M,1 month
best hosting for large wordpress site,best hosting for large wordpress site​,C,n/a,0,40,,n/a,n/a,68,8.74,0.05,+3,37.4M,1 month
best hosting for live streaming,best hosting for live streaming​,n/a,n/a,0,40,,n/a,n/a,n/a,0.00,0.00,n/a,n/a,"For metrics, refresh"
best hosting for magento 2,best hosting for magento 2​,C,n/a,0,40,,n/a,n/a,42,0.00,0.07,,3.6M,1 month
best hosting for opencart,best hosting for opencart​,C,n/a,0,40,,n/a,n/a,29,0.00,0.05,,129,1 month
best hosting for pbn,best hosting for pbn​,C,n/a,0,40,,n/a,n/a,37,0.00,0.29,,174K,1 month
best hosting for python django,best hosting for python django​,n/a,n/a,0,40,,n/a,n/a,n/a,0.00,0.33,n/a,n/a,"For metrics, refresh"
best hosting for ruby on rails,best hosting for ruby on rails​,C,n/a,0,40,,n/a,n/a,20,24.89,0.18,,94,1 month
best hosting for saas,best hosting for saas​,C,n/a,0,40,,n/a,n/a,45,14.56,0.18,,153,4 weeks
best hosting for static site,best hosting for static site​,C,n/a,0,40,,n/a,n/a,53,8.56,0.42,,182M,1 month
best hosting for strapi,best hosting for strapi​,C,n/a,0,40,,n/a,n/a,20,0.00,1.00,+3,262K,1 month
best hosting for uk,best hosting for uk​,C,n/a,0,40,,n/a,n/a,60,5.64,0.05,,438M,1 month
best hosting for video streaming,best hosting for video streaming​,C,n/a,0,40,,n/a,n/a,40,0.00,0.86,,135,1 month
best hosting for web developers,best hosting for web developers​,C,n/a,0,40,,n/a,n/a,50,0.00,0.00,,128,1 month
best hosting for woocommerce website,best hosting for woocommerce website​,n/a,n/a,0,40,,n/a,n/a,n/a,10.02,0.22,n/a,n/a,"For metrics, refresh"
best hosting for wordpress ecommerce,best hosting for wordpress ecommerce​,C,n/a,0,40,,n/a,n/a,55,18.03,0.30,,151,1 month
best hosting for wordpress org,best hosting for wordpress org​,C,n/a,0,40,,n/a,n/a,63,16.65,0.71,+2,20.5M,1 month
best hosting for wordpress/ecommerce/blog 2023,best hosting for wordpress/ecommerce/blog 2023​,C,n/a,0,40,,n/a,n/a,13,0.00,0.00,,719K,1 month
best hosting options for financial planning websites,best hosting options for financial planning websites​,C,n/a,0,40,,n/a,n/a,3,0.00,0.00,,265M,1 month
best hosting plans for wordpress,best hosting plans for wordpress​,C,n/a,0,40,,n/a,n/a,70,26.63,0.82,+2,40.6M,1 month
best hosting platforms for developers with cli tools 2026,best hosting platforms for developers with cli tools 2026​,n/a,n/a,0,40,,n/a,n/a,n/a,0.00,0.00,n/a,n/a,"For metrics, refresh"
best hosting provider for woocommerce,best hosting provider for woocommerce​,n/a,n/a,0,40,,n/a,n/a,n/a,0.00,0.07,n/a,n/a,"For metrics, refresh"
best hosting providers for bank websites high security 2025,best hosting providers for bank websites high security 2025​,C,n/a,0,40,,n/a,n/a,61,0.00,0.00,,14.8M,1 month
best hosting sites for bloggers,best hosting sites for bloggers​,C,n/a,0,40,,n/a,n/a,48,11.12,0.77,+2,310M,1 month
best hosting solutions for financial services businesses 2025,best hosting solutions for financial services businesses 2025​,C,n/a,0,40,,n/a,n/a,23,0.00,0.00,,222M,1 month
best hosting websites for artists,best hosting websites for artists​,C,n/a,0,40,,n/a,n/a,18,5.75,0.35,,133,1 month
best hosting websites for ecommerce,best hosting websites for ecommerce​,C,n/a,0,40,,n/a,n/a,48,15.83,0.11,,79.1M,1 month
best insurance for airbnb host,best insurance for airbnb host​,C,n/a,0,40,,n/a,n/a,n/a,0.00,0.00,+2,4.8M,1 month
best israeli web hosting for wordpress 2026,best israeli web hosting for wordpress 2026​,n/a,n/a,0,40,,n/a,n/a,n/a,0.00,0.00,n/a,n/a,"For metrics, refresh"
best linux distro for server hosting,best linux distro for server hosting​,n/a,n/a,0,40,,n/a,n/a,n/a,7.54,0.09,n/a,n/a,"For metrics, refresh"
best managed hosting services for websites,best managed hosting services for websites​,C,n/a,0,40,,n/a,n/a,72,0.00,0.00,,229M,1 month
best managed web hosting for seo,best managed web hosting for seo​,C,n/a,0,40,,n/a,n/a,48,0.00,0.00,+2,69.5M,1 month
best minecraft server hosting for large modpacks,best minecraft server hosting for large modpacks​,C,n/a,0,40,,n/a,n/a,55,1.42,0.93,+2,722K,1 month
best mini pc for self hosting,best mini pc for self hosting​,C,n/a,0,40,,n/a,n/a,11,0.92,0.82,,40.7M,1 month
best mulch for hostas,best mulch for hostas​,C,n/a,0,40,,n/a,n/a,12,0.00,0.14,,2.9M,1 month
best place for website hosting,best place for website hosting​,C,n/a,0,40,,n/a,n/a,68,15.63,0.68,+3,140,4 weeks
best platform for hosting ai compliance docs,best platform for hosting ai compliance docs​,C,n/a,0,40,,n/a,n/a,9,0.00,0.00,,174M,1 month
best programs for becoming a professional tv host or presenter,best programs for becoming a professional tv host or presenter​,C,n/a,0,40,,n/a,n/a,12,0.00,0.00,,340M,1 month
best reseller hosting for web agencies 2025 2026,best reseller hosting for web agencies 2025 2026​,n/a,n/a,0,40,,n/a,n/a,n/a,0.00,0.00,n/a,n/a,"For metrics, refresh"
best scalable website hosting providers for developers.,best scalable website hosting providers for developers.​,n/a,n/a,0,40,,n/a,n/a,n/a,0.00,0.00,n/a,n/a,"For metrics, refresh"
best serverless hosting providers for static sites,best serverless hosting providers for static sites​,C,n/a,0,40,,n/a,n/a,35,0.00,0.00,,4.3M,1 month
best servingware and barware gifts for hosts,best servingware and barware gifts for hosts​,n/a,n/a,0,40,,n/a,n/a,n/a,0.00,0.00,n/a,n/a,"For metrics, refresh"
best soil for hosta,best soil for hosta​,n/a,n/a,0,40,,n/a,n/a,n/a,0.18,0.96,n/a,n/a,"For metrics, refresh"
best soil for hostas in pots,best soil for hostas in pots​,IC,n/a,0,40,,n/a,n/a,6,0.10,0.99,,120,1 month
best thank you gifts for hosts,best thank you gifts for hosts​,C,n/a,0,40,,n/a,n/a,27,0.73,1.00,,18.3M,1 month
best tools for airbnb hosts,best tools for airbnb hosts​,C,n/a,0,40,,n/a,n/a,26,19.11,0.62,,8.6M,1 month
best uk host for wordpress,best uk host for wordpress​,C,n/a,0,40,,n/a,n/a,47,12.10,0.13,,141,1 month
best value developer hosting for backlog scaling,best value developer hosting for backlog scaling​,C,n/a,0,40,,n/a,n/a,4,0.00,0.00,,2.2M,1 month
best video hosting for business,best video hosting for business​,C,n/a,0,40,,n/a,n/a,24,0.00,0.19,+2,152,1 month
best video hosting for churches,best video hosting for churches​,n/a,n/a,0,40,,n/a,n/a,n/a,0.00,0.33,n/a,n/a,"For metrics, refresh"
best video hosting for website,best video hosting for website​,C,n/a,0,40,,n/a,n/a,61,23.19,0.52,,529M,1 month
best video hosting platforms for online courses,best video hosting platforms for online courses​,C,n/a,0,40,,n/a,n/a,22,13.23,0.60,+3,279M,1 month
best vodka for hosting parties 2025 2026,best vodka for hosting parties 2025 2026​,n/a,n/a,0,40,,n/a,n/a,n/a,0.00,0.00,n/a,n/a,"For metrics, refresh"
best warming trays for holiday hosting,best warming trays for holiday hosting​,C,n/a,0,40,,n/a,n/a,33,0.00,0.00,+2,48.8M,1 month
best web host for online store,best web host for online store​,C,n/a,0,40,,n/a,n/a,61,10.09,0.13,+4,585M,1 month
best web hosting company for managed services,best web hosting company for managed services​,C,n/a,0,40,,n/a,n/a,69,0.00,0.00,,263M,1 month
best web hosting for agencies,best web hosting for agencies​,C,n/a,0,40,,n/a,n/a,57,0.00,0.33,,140,1 month
best web hosting for churches,best web hosting for churches​,C,n/a,0,40,,n/a,n/a,47,11.35,0.59,,12.1M,1 month
best web hosting for consulting business,best web hosting for consulting business​,C,n/a,0,40,,n/a,n/a,17,28.17,0.74,+3,123,1 month
best web hosting for dropshipping,best web hosting for dropshipping​,C,n/a,0,40,,n/a,n/a,8,3.29,0.41,,1.4M,1 month
best web hosting for india,best web hosting for india​,n/a,n/a,0,40,,n/a,n/a,n/a,4.64,0.08,n/a,n/a,"For metrics, refresh"
best web hosting for laravel,best web hosting for laravel​,C,n/a,0,40,,n/a,n/a,42,16.00,0.20,,147,4 weeks
best web hosting for new website 2025,best web hosting for new website 2025​,C,n/a,0,40,,n/a,n/a,74,0.00,0.00,,534M,1 month
best web hosting for nonprofits 2025,best web hosting for nonprofits 2025​,n/a,n/a,0,40,,n/a,n/a,n/a,0.00,0.00,n/a,n/a,"For metrics, refresh"
best web hosting for php,best web hosting for php​,n/a,n/a,0,40,,n/a,n/a,n/a,8.67,0.06,n/a,n/a,"For metrics, refresh"
best web hosting for small business 2015,best web hosting for small business 2015​,n/a,n/a,0,40,,n/a,n/a,n/a,0.00,0.33,n/a,n/a,"For metrics, refresh"
best web hosting for video streaming,best web hosting for video streaming​,C,n/a,0,40,,n/a,n/a,58,0.00,0.86,,163,1 month
best web hosting for wordpress australia,best web hosting for wordpress australia​,C,n/a,0,40,,n/a,n/a,38,0.00,1.00,+2,5.9M,1 month
best web hosting service for wordpress,best web hosting service for wordpress​,C,n/a,0,40,,n/a,n/a,70,20.26,0.52,+2,121M,1 month
best web hosting services for financial compliance 2025,best web hosting services for financial compliance 2025​,C,n/a,0,40,,n/a,n/a,40,0.00,0.00,,43.9M,1 month
best web hosting sites for bloggers,best web hosting sites for bloggers​,C,n/a,0,40,,n/a,n/a,49,11.12,0.77,,712M,1 month
best website hosting for artists,best website hosting for artists​,C,n/a,0,40,,n/a,n/a,19,6.35,0.64,+3,316M,1 month
best website hosting for videographers,best website hosting for videographers​,C,n/a,0,40,,n/a,n/a,16,0.00,0.40,+2,1.2M,1 month
best woocommerce hosting for sales performance,best woocommerce hosting for sales performance​,C,n/a,0,40,,n/a,n/a,37,0.00,0.00,,5.6M,1 month
best wordpress hosting for business,best wordpress hosting for business​,C,n/a,0,40,,n/a,n/a,65,0.00,0.00,,167,1 month
best wordpress hosting for photographers,best wordpress hosting for photographers​,C,n/a,0,40,,n/a,n/a,24,0.00,0.25,,147,4 weeks
the best hosting for wordpress,the best hosting for wordpress​,C,n/a,0,40,,n/a,n/a,68,10.04,0.80,+2,67.2M,1 month
the best web hosting for small business,the best web hosting for small business​,C,n/a,0,40,,n/a,n/a,62,0.00,0.33,+3,133,4 weeks
best affordable cloud hosting providers for developers,best affordable cloud hosting providers for developers​,n/a,n/a,0,30,,n/a,n/a,n/a,0.00,0.00,n/a,n/a,"For metrics, refresh"
best alternatives to render.com for cloud app hosting 2025 2026,best alternatives to render.com for cloud app hosting 2025 2026​,n/a,n/a,0,30,,n/a,n/a,n/a,0.00,0.00,n/a,n/a,"For metrics, refresh"
best apps for airbnb hosts,best apps for airbnb hosts​,I,n/a,0,30,,n/a,n/a,0,13.93,0.63,+2,157,1 month
best azure hosting options for e-commerce platforms 2025 2026,best azure hosting options for e-commerce platforms 2025 2026​,n/a,n/a,0,30,,n/a,n/a,n/a,0.00,0.00,n/a,n/a,"For metrics, refresh"
best business credit cards for airbnb hosts,best business credit cards for airbnb hosts​,C,n/a,0,30,,n/a,n/a,6,90.93,0.81,,2.5M,1 month
best cleaning products for airbnb hosts,best cleaning products for airbnb hosts​,n/a,n/a,0,30,,n/a,n/a,n/a,0.00,0.00,n/a,n/a,"For metrics, refresh"
best cloud hosting deals for scalable applications 2026,best cloud hosting deals for scalable applications 2026​,n/a,n/a,0,30,,n/a,n/a,n/a,0.00,0.00,n/a,n/a,"For metrics, refresh"
best cloud hosting for developers,best cloud hosting for developers​,n/a,n/a,0,30,,n/a,n/a,n/a,0.00,0.33,n/a,n/a,"For metrics, refresh"
best cloud hosting for developers 2025 2026,best cloud hosting for developers 2025 2026​,n/a,n/a,0,30,,n/a,n/a,n/a,0.00,0.00,n/a,n/a,"For metrics, refresh"
best cloud hosting for ecommerce,best cloud hosting for ecommerce​,n/a,n/a,0,30,,n/a,n/a,n/a,7.80,0.48,n/a,n/a,"For metrics, refresh"
best cloud hosting for quickbooks,best cloud hosting for quickbooks​,n/a,n/a,0,30,,n/a,n/a,n/a,22.23,0.24,n/a,n/a,"For metrics, refresh"
best cloud hosting for small business,best cloud hosting for small business​,n/a,n/a,0,30,,n/a,n/a,n/a,0.00,0.33,n/a,n/a,"For metrics, refresh"
best cloud hosting for uptime reliability 2025 2026,best cloud hosting for uptime reliability 2025 2026​,n/a,n/a,0,30,,n/a,n/a,n/a,0.00,0.00,n/a,n/a,"For metrics, refresh"
best cloud hosting providers for small businesses,best cloud hosting providers for small businesses​,n/a,n/a,0,30,,n/a,n/a,n/a,0.00,0.00,n/a,n/a,"For metrics, refresh"
best cloud platforms for cost-efficient application hosting,best cloud platforms for cost-efficient application hosting​,n/a,n/a,0,30,,n/a,n/a,n/a,0.00,0.00,n/a,n/a,"For metrics, refresh"
best cloud provider for reseller hosting 2025 2026,best cloud provider for reseller hosting 2025 2026​,n/a,n/a,0,30,,n/a,n/a,n/a,0.00,0.00,n/a,n/a,"For metrics, refresh"
best cloud services for hosting frontend applications 2025 2026,best cloud services for hosting frontend applications 2025 2026​,n/a,n/a,0,30,,n/a,n/a,n/a,0.00,0.00,n/a,n/a,"For metrics, refresh"
best cms hosting for small business,best cms hosting for small business​,n/a,n/a,0,30,,n/a,n/a,n/a,0.00,0.00,n/a,n/a,"For metrics, refresh"
best dedicated hosting for small business,best dedicated hosting for small business​,n/a,n/a,0,30,,n/a,n/a,n/a,0.00,0.00,n/a,n/a,"For metrics, refresh"
best dedicated server hosting for palworld,best dedicated server hosting for palworld​,n/a,n/a,0,30,,n/a,n/a,n/a,0.00,1.00,n/a,n/a,"For metrics, refresh"
best email hosting for business,best email hosting for business​,C,n/a,0,30,,n/a,n/a,58,6.87,0.08,+2,387M,1 month
best email hosting for mac,best email hosting for mac​,n/a,n/a,0,30,,n/a,n/a,n/a,0.00,0.21,n/a,n/a,"For metrics, refresh"
best email hosting for my domain,best email hosting for my domain​,n/a,n/a,0,30,,n/a,n/a,n/a,0.00,0.33,n/a,n/a,"For metrics, refresh"
best email hosting services for business,best email hosting services for business​,n/a,n/a,0,30,,n/a,n/a,n/a,8.28,0.27,n/a,n/a,"For metrics, refresh"
best free cloud hosting for pre-seed startups 2026,best free cloud hosting for pre-seed startups 2026​,n/a,n/a,0,30,,n/a,n/a,n/a,0.00,0.00,n/a,n/a,"For metrics, refresh"
best free email hosting for your domain,best free email hosting for your domain​,n/a,n/a,0,30,,n/a,n/a,n/a,0.00,0.33,n/a,n/a,"For metrics, refresh"
best free image hosting for website,best free image hosting for website​,C,n/a,0,30,,n/a,n/a,59,2.39,0.26,,240K,1 month
best gift for host family,best gift for host family​,n/a,n/a,0,30,,n/a,n/a,n/a,0.40,1.00,n/a,n/a,"For metrics, refresh"
best gifts for dinner party hosts,best gifts for dinner party hosts​,n/a,n/a,0,30,,n/a,n/a,n/a,0.14,0.45,n/a,n/a,"For metrics, refresh"
best gifts for dinner party hosts essentials,best gifts for dinner party hosts essentials​,n/a,n/a,0,30,,n/a,n/a,n/a,0.00,0.00,n/a,n/a,"For metrics, refresh"
best gifts for dinner party hosts unique servingware,best gifts for dinner party hosts unique servingware​,n/a,n/a,0,30,,n/a,n/a,n/a,0.00,0.00,n/a,n/a,"For metrics, refresh"
best gifts for host family,best gifts for host family​,n/a,n/a,0,30,,n/a,n/a,n/a,0.40,1.00,n/a,n/a,"For metrics, refresh"
best gifts for party hosts,best gifts for party hosts​,n/a,n/a,0,30,,n/a,n/a,n/a,0.00,0.61,n/a,n/a,"For metrics, refresh"
best gifts for people who like to host,best gifts for people who like to host​,n/a,n/a,0,30,,n/a,n/a,n/a,0.16,1.00,n/a,n/a,"For metrics, refresh"
best gifts for people who love to host 2025 2026,best gifts for people who love to host 2025 2026​,n/a,n/a,0,30,,n/a,n/a,n/a,0.00,0.00,n/a,n/a,"For metrics, refresh"
best hipaa hosting for small businesses,best hipaa hosting for small businesses​,n/a,n/a,0,30,,n/a,n/a,n/a,0.00,0.00,n/a,n/a,"For metrics, refresh"
best host agencies for independent travel agents 2026,best host agencies for independent travel agents 2026​,n/a,n/a,0,30,,n/a,n/a,n/a,0.00,0.00,n/a,n/a,"For metrics, refresh"
best host agencies for new travel advisors 2026,best host agencies for new travel advisors 2026​,n/a,n/a,0,30,,n/a,n/a,n/a,0.00,0.00,n/a,n/a,"For metrics, refresh"
best host agencies for new travel agents no experience,best host agencies for new travel agents no experience​,n/a,n/a,0,30,,n/a,n/a,n/a,0.00,0.00,n/a,n/a,"For metrics, refresh"
best host for magento,best host for magento​,C,n/a,0,30,,n/a,n/a,44,13.63,0.07,,159,1 month
best host travel agencies for beginners 2026,best host travel agencies for beginners 2026​,n/a,n/a,0,30,,n/a,n/a,n/a,0.00,0.00,n/a,n/a,"For metrics, refresh"
best host travel agency for beginners 2021,best host travel agency for beginners 2021​,n/a,n/a,0,30,,n/a,n/a,n/a,0.00,0.00,n/a,n/a,"For metrics, refresh"
best hosta for full shade,best hosta for full shade​,n/a,n/a,0,30,,n/a,n/a,n/a,0.16,1.00,n/a,n/a,"For metrics, refresh"
best hostas for partial sun,best hostas for partial sun​,n/a,n/a,0,30,,n/a,n/a,n/a,0.00,1.00,n/a,n/a,"For metrics, refresh"
best hosting companies for web developers,best hosting companies for web developers​,C,n/a,0,30,,n/a,n/a,54,15.42,0.70,,527M,1 month
best hosting for agencies,best hosting for agencies​,n/a,n/a,0,30,,n/a,n/a,n/a,0.00,0.04,n/a,n/a,"For metrics, refresh"
best hosting for australia,best hosting for australia​,n/a,n/a,0,30,,n/a,n/a,n/a,0.00,0.02,n/a,n/a,"For metrics, refresh"
best hosting for dedicated server,best hosting for dedicated server​,n/a,n/a,0,30,,n/a,n/a,n/a,15.06,0.05,n/a,n/a,"For metrics, refresh"
best hosting for divi,best hosting for divi​,n/a,n/a,0,30,,n/a,n/a,n/a,0.00,0.79,n/a,n/a,"For metrics, refresh"
best hosting for drupal 8,best hosting for drupal 8​,n/a,n/a,0,30,,n/a,n/a,n/a,0.00,0.33,n/a,n/a,"For metrics, refresh"
best hosting for ecommerce uk,best hosting for ecommerce uk​,n/a,n/a,0,30,,n/a,n/a,n/a,0.00,0.33,n/a,n/a,"For metrics, refresh"
best hosting for ecommerce wordpress,best hosting for ecommerce wordpress​,C,n/a,0,30,,n/a,n/a,52,18.09,0.23,,146,1 month
best hosting for high traffic websites,best hosting for high traffic websites​,n/a,n/a,0,30,,n/a,n/a,n/a,0.00,0.29,n/a,n/a,"For metrics, refresh"
best hosting for india,best hosting for india​,n/a,n/a,0,30,,n/a,n/a,n/a,4.64,0.08,n/a,n/a,"For metrics, refresh"
best hosting for java,best hosting for java​,n/a,n/a,0,30,,n/a,n/a,n/a,0.00,0.43,n/a,n/a,"For metrics, refresh"
best hosting for large traffic,best hosting for large traffic​,n/a,n/a,0,30,,n/a,n/a,n/a,0.00,0.29,n/a,n/a,"For metrics, refresh"
best hosting for lms,best hosting for lms​,n/a,n/a,0,30,,n/a,n/a,n/a,0.00,0.33,n/a,n/a,"For metrics, refresh"
best hosting for magento ecommerce,best hosting for magento ecommerce​,n/a,n/a,0,30,,n/a,n/a,n/a,0.00,0.33,n/a,n/a,"For metrics, refresh"
best hosting for multiple domains,best hosting for multiple domains​,C,n/a,0,30,,n/a,n/a,29,9.87,0.88,,149,4 weeks
best hosting for multiple sites,best hosting for multiple sites​,C,n/a,0,30,,n/a,n/a,40,10.43,0.88,,119,4 weeks
best hosting for multiple websites,best hosting for multiple websites​,C,n/a,0,30,,n/a,n/a,83,10.43,0.88,,122,1 month
best hosting for personal website,best hosting for personal website​,C,n/a,0,30,,n/a,n/a,67,9.20,0.20,+2,99,1 month
best hosting for resellers,best hosting for resellers​,n/a,n/a,0,30,,n/a,n/a,n/a,21.38,0.09,n/a,n/a,"For metrics, refresh"
best hosting for social networking website,best hosting for social networking website​,n/a,n/a,0,30,,n/a,n/a,n/a,0.00,0.33,n/a,n/a,"For metrics, refresh"
best hosting for startups with free trial 2026,best hosting for startups with free trial 2026​,n/a,n/a,0,30,,n/a,n/a,n/a,0.00,0.00,n/a,n/a,"For metrics, refresh"
best hosting for static sites,best hosting for static sites​,C,n/a,0,30,,n/a,n/a,51,8.56,0.42,,143,4 weeks
best hosting for video streaming website,best hosting for video streaming website​,n/a,n/a,0,30,,n/a,n/a,n/a,0.00,0.33,n/a,n/a,"For metrics, refresh"
best hosting for web developers catswhocode,best hosting for web developers catswhocode​,n/a,n/a,0,30,,n/a,n/a,n/a,0.00,0.01,n/a,n/a,"For metrics, refresh"
best hosting for woocommerce india,best hosting for woocommerce india​,n/a,n/a,0,30,,n/a,n/a,n/a,0.00,0.33,n/a,n/a,"For metrics, refresh"
best hosting for woocommerce site,best hosting for woocommerce site​,n/a,n/a,0,30,,n/a,n/a,n/a,0.00,0.17,n/a,n/a,"For metrics, refresh"
best hosting for wordpress 2023,best hosting for wordpress 2023​,n/a,n/a,0,30,,n/a,n/a,n/a,0.00,0.33,n/a,n/a,"For metrics, refresh"
best hosting for wordpress 2025,best hosting for wordpress 2025​,C,n/a,0,30,,n/a,n/a,47,18.75,0.89,+3,122,1 month
best hosting for wordpress australia,best hosting for wordpress australia​,n/a,n/a,0,30,,n/a,n/a,n/a,0.00,0.33,n/a,n/a,"For metrics, refresh"
best hosting for wordpress blog,best hosting for wordpress blog​,n/a,n/a,0,30,,n/a,n/a,n/a,0.00,0.09,n/a,n/a,"For metrics, refresh"
best hosting for wordpress websites,best hosting for wordpress websites​,C,n/a,0,30,,n/a,n/a,64,29.54,0.65,,126,1 month
best hosting plan for ecommerce website,best hosting plan for ecommerce website​,n/a,n/a,0,30,,n/a,n/a,n/a,0.00,0.18,n/a,n/a,"For metrics, refresh"
best hosting platforms for background jobs 2025 2026,best hosting platforms for background jobs 2025 2026​,n/a,n/a,0,30,,n/a,n/a,n/a,0.00,0.00,n/a,n/a,"For metrics, refresh"
best hosting platforms for woocommerce and high-traffic wordpress sites,best hosting platforms for woocommerce and high-traffic wordpress sites​,n/a,n/a,0,30,,n/a,n/a,n/a,0.00,0.00,n/a,n/a,"For metrics, refresh"
best hosting provider for ecommerce,best hosting provider for ecommerce​,n/a,n/a,0,30,,n/a,n/a,n/a,0.00,0.07,n/a,n/a,"For metrics, refresh"
best hosting server for wordpress,best hosting server for wordpress​,C,n/a,0,30,,n/a,n/a,66,53.50,0.88,+2,112M,1 month
best hosting services for small business,best hosting services for small business​,C,n/a,0,30,,n/a,n/a,59,12.68,0.60,+2,122,1 month
best hosting services for web developers,best hosting services for web developers​,C,n/a,0,30,,n/a,n/a,46,15.42,0.70,,1.6B,1 month
best hosting site for ecommerce,best hosting site for ecommerce​,C,n/a,0,30,,n/a,n/a,50,9.89,0.10,+2,161,1 month
best hosts for minecraft servers,best hosts for minecraft servers​,C,n/a,0,30,,n/a,n/a,65,1.71,0.72,,144,1 month
best investor relations platforms for hosting earnings calls 2026,best investor relations platforms for hosting earnings calls 2026​,n/a,n/a,0,30,,n/a,n/a,n/a,0.00,0.00,n/a,n/a,"For metrics, refresh"
best israeli hosting for wordpress 2026,best israeli hosting for wordpress 2026​,n/a,n/a,0,30,,n/a,n/a,n/a,0.00,0.00,n/a,n/a,"For metrics, refresh"
best managed cloud hosting for auto-scaling 2025 2026,best managed cloud hosting for auto-scaling 2025 2026​,n/a,n/a,0,30,,n/a,n/a,n/a,0.00,0.00,n/a,n/a,"For metrics, refresh"
best managed cloud hosting for high-traffic applications 2025 2026,best managed cloud hosting for high-traffic applications 2025 2026​,n/a,n/a,0,30,,n/a,n/a,n/a,0.00,0.00,n/a,n/a,"For metrics, refresh"
best managed cloud hosting services for high-traffic apps,best managed cloud hosting services for high-traffic apps​,n/a,n/a,0,30,,n/a,n/a,n/a,0.00,0.00,n/a,n/a,"For metrics, refresh"
best managed hosting for a site with unpredictable traffic,best managed hosting for a site with unpredictable traffic​,n/a,n/a,0,30,,n/a,n/a,n/a,0.00,0.00,n/a,n/a,"For metrics, refresh"
best managed hosting for wordpress,best managed hosting for wordpress​,C,n/a,0,30,,n/a,n/a,69,23.69,0.35,,15.2M,1 month
best managed wordpress hosting for agencies 2026 comparison,best managed wordpress hosting for agencies 2026 comparison​,n/a,n/a,0,30,,n/a,n/a,n/a,0.00,0.00,n/a,n/a,"For metrics, refresh"
best managed wordpress hosting for marketing agencies 2025 2026,best managed wordpress hosting for marketing agencies 2025 2026​,n/a,n/a,0,30,,n/a,n/a,n/a,0.00,0.00,n/a,n/a,"For metrics, refresh"
best minecraft hosting servers for mods,best minecraft hosting servers for mods​,C,n/a,0,30,,n/a,n/a,56,1.81,0.73,,116,1 month
best minecraft server hosting for modpacks,best minecraft server hosting for modpacks​,C,n/a,0,30,,n/a,n/a,59,2.82,0.81,+2,7.3M,1 month
best minecraft server hosting for vanilla,best minecraft server hosting for vanilla​,C,n/a,0,30,,n/a,n/a,42,2.63,0.40,+2,122,1 month
best networking configurations for high-traffic web hosting infrastructure,best networking configurations for high-traffic web hosting infrastructure​,n/a,n/a,0,30,,n/a,n/a,n/a,0.00,0.00,n/a,n/a,"For metrics, refresh"
best operating system for web hosting,best operating system for web hosting​,n/a,n/a,0,30,,n/a,n/a,n/a,0.00,0.39,n/a,n/a,"For metrics, refresh"
best os for web hosting,best os for web hosting​,n/a,n/a,0,30,,n/a,n/a,n/a,0.00,0.39,n/a,n/a,"For metrics, refresh"
best platform for hosting webinars,best platform for hosting webinars​,C,n/a,0,30,,n/a,n/a,87,39.81,0.86,+3,56.8M,1 month
best platforms better than vimeo for secure online course hosting,best platforms better than vimeo for secure online course hosting​,n/a,n/a,0,30,,n/a,n/a,n/a,0.00,0.00,n/a,n/a,"For metrics, refresh"
best podcast host for monetization,best podcast host for monetization​,C,n/a,0,30,,n/a,n/a,46,4.88,0.82,,1.4M,1 month
best podcast hosting for beginners,best podcast hosting for beginners​,C,n/a,0,30,,n/a,n/a,29,1.41,0.82,,181,1 month
best podcast hosting platforms for beginners 2025,best podcast hosting platforms for beginners 2025​,n/a,n/a,0,30,,n/a,n/a,n/a,0.00,0.00,n/a,n/a,"For metrics, refresh"
best practices for hosting safe events,best practices for hosting safe events​,n/a,n/a,0,30,,n/a,n/a,n/a,0.00,0.00,n/a,n/a,"For metrics, refresh"
best remote desktop software for ubuntu host 2024,best remote desktop software for ubuntu host 2024​,n/a,n/a,0,30,,n/a,n/a,n/a,0.00,0.00,n/a,n/a,"For metrics, refresh"
best seating for hosting business guests,best seating for hosting business guests​,n/a,n/a,0,30,,n/a,n/a,n/a,0.00,0.00,n/a,n/a,"For metrics, refresh"
best server for web hosting,best server for web hosting​,C,n/a,0,30,,n/a,n/a,90,5.49,0.19,+3,207M,1 month
best server host for project zomboid,best server host for project zomboid​,C,n/a,0,30,,n/a,n/a,46,2.19,0.68,+4,396K,1 month
best server hosting for games,best server hosting for games​,C,n/a,0,30,,n/a,n/a,63,1.64,0.49,,130,4 weeks
best server hosting for hytale,best server hosting for hytale​,n/a,n/a,0,30,,n/a,n/a,n/a,3.81,0.77,n/a,n/a,"For metrics, refresh"
best server hosting for minecraft bedrock,best server hosting for minecraft bedrock​,n/a,n/a,0,30,,n/a,n/a,n/a,0.00,0.86,n/a,n/a,"For metrics, refresh"
best server hosting for palworld,best server hosting for palworld​,C,n/a,0,30,,n/a,n/a,49,2.40,0.75,+3,1.4M,1 month
best servers for web hosting,best servers for web hosting​,n/a,n/a,0,30,,n/a,n/a,n/a,7.55,0.12,n/a,n/a,"For metrics, refresh"
best site for podcast hosting,best site for podcast hosting​,C,n/a,0,30,,n/a,n/a,90,5.82,0.79,+2,367M,1 month
best sites for ecommerce hosting,best sites for ecommerce hosting​,C,n/a,0,30,,n/a,n/a,59,15.83,0.11,,166M,1 month
best sites for podcast hosting,best sites for podcast hosting​,C,n/a,0,30,,n/a,n/a,77,5.82,0.79,+2,480M,1 month
best soil for hostas in ground,best soil for hostas in ground​,n/a,n/a,0,30,,n/a,n/a,n/a,0.00,0.83,n/a,n/a,"For metrics, refresh"
best travel host agency to work for,best travel host agency to work for​,C,n/a,0,30,,n/a,n/a,26,3.46,0.74,,233M,1 month
best video hosting for online courses,best video hosting for online courses​,n/a,n/a,0,30,,n/a,n/a,n/a,0.00,0.86,n/a,n/a,"For metrics, refresh"
best video hosting platforms for business,best video hosting platforms for business​,n/a,n/a,0,30,,n/a,n/a,n/a,0.00,0.21,n/a,n/a,"For metrics, refresh"
best vps hosting for forex,best vps hosting for forex​,C,n/a,0,30,,n/a,n/a,44,4.72,0.34,,684K,1 month
best vps hosting for game servers,best vps hosting for game servers​,n/a,n/a,0,30,,n/a,n/a,n/a,0.00,0.29,n/a,n/a,"For metrics, refresh"
best vps hosting for minecraft,best vps hosting for minecraft​,I,n/a,0,30,,n/a,n/a,50,3.99,0.54,,1.4M,1 month
best web domain hosting for small business,best web domain hosting for small business​,C,n/a,0,30,,n/a,n/a,63,12.68,0.60,,139,1 month
best web host for wordpress org,best web host for wordpress org​,C,n/a,0,30,,n/a,n/a,69,16.65,0.71,+3,26.8M,1 month
best web hosting for a small business,best web hosting for a small business​,C,n/a,0,30,,n/a,n/a,74,12.68,0.60,+2,325M,1 month
best web hosting for australia,best web hosting for australia​,n/a,n/a,0,30,,n/a,n/a,n/a,0.00,0.02,n/a,n/a,"For metrics, refresh"
best web hosting for auto dealership websites jacksonville florida,best web hosting for auto dealership websites jacksonville florida​,n/a,n/a,0,30,,n/a,n/a,n/a,0.00,0.00,n/a,n/a,"For metrics, refresh"
best web hosting for developer portfolio,best web hosting for developer portfolio​,n/a,n/a,0,30,,n/a,n/a,n/a,0.00,0.00,n/a,n/a,"For metrics, refresh"
best web hosting for developers 2026,best web hosting for developers 2026​,n/a,n/a,0,30,,n/a,n/a,n/a,0.00,0.00,n/a,n/a,"For metrics, refresh"
best web hosting for e commerce,best web hosting for e commerce​,C,n/a,0,30,,n/a,n/a,51,9.89,0.10,+2,87.6M,1 month
best web hosting for live video streaming,best web hosting for live video streaming​,n/a,n/a,0,30,,n/a,n/a,n/a,0.00,0.00,n/a,n/a,"For metrics, refresh"
best web hosting for mac,best web hosting for mac​,n/a,n/a,0,30,,n/a,n/a,n/a,0.00,0.79,n/a,n/a,"For metrics, refresh"
best web hosting for multiple domains,best web hosting for multiple domains​,C,n/a,0,30,,n/a,n/a,45,9.87,0.88,+2,121,4 weeks
best web hosting for multiple websites,best web hosting for multiple websites​,C,n/a,0,30,,n/a,n/a,51,10.43,0.88,+2,122,4 weeks
best web hosting for opencart,best web hosting for opencart​,n/a,n/a,0,30,,n/a,n/a,n/a,0.00,0.07,n/a,n/a,"For metrics, refresh"
best web hosting for personal website,best web hosting for personal website​,C,n/a,0,30,,n/a,n/a,80,9.20,0.20,,340M,1 month
best web hosting for prestashop,best web hosting for prestashop​,n/a,n/a,0,30,,n/a,n/a,n/a,0.00,0.02,n/a,n/a,"For metrics, refresh"
best web hosting for resellers,best web hosting for resellers​,n/a,n/a,0,30,,n/a,n/a,n/a,0.00,0.03,n/a,n/a,"For metrics, refresh"
best web hosting for students,best web hosting for students​,n/a,n/a,0,30,,n/a,n/a,n/a,0.00,0.33,n/a,n/a,"For metrics, refresh"
best web hosting for video portfolio,best web hosting for video portfolio​,n/a,n/a,0,30,,n/a,n/a,n/a,0.00,0.33,n/a,n/a,"For metrics, refresh"
best web hosting for web developers,best web hosting for web developers​,C,n/a,0,30,,n/a,n/a,60,15.42,0.70,,242M,1 month
best web hosting for wordpress 2025,best web hosting for wordpress 2025​,C,n/a,0,30,,n/a,n/a,55,18.66,0.81,+3,104,1 month
best web hosting for wordpress org,best web hosting for wordpress org​,C,n/a,0,30,,n/a,n/a,81,16.65,0.71,,20.1M,1 month
best web hosting site for photographers,best web hosting site for photographers​,C,n/a,0,30,,n/a,n/a,20,3.98,0.36,,57.4M,1 month
best web hosts for modern app frameworks 2025 2026,best web hosts for modern app frameworks 2025 2026​,n/a,n/a,0,30,,n/a,n/a,n/a,0.00,0.00,n/a,n/a,"For metrics, refresh"
best web hosts for wordpress,best web hosts for wordpress​,C,n/a,0,30,,n/a,n/a,70,20.26,0.52,+2,67.9M,1 month
best website builder and host for small business,best website builder and host for small business​,C,n/a,0,30,,n/a,n/a,53,17.00,0.55,+2,282M,1 month
best website for hosting,best website for hosting​,C,n/a,0,30,,n/a,n/a,79,13.65,0.43,,532M,1 month
best website host for artists,best website host for artists​,C,n/a,0,30,,n/a,n/a,15,5.75,0.35,,147,1 month
best website host for business,best website host for business​,C,n/a,0,30,,n/a,n/a,82,15.79,0.20,+3,861M,1 month
best website host for seo,best website host for seo​,C,n/a,0,30,,n/a,n/a,40,10.04,0.19,+2,128,4 weeks
best website host for wordpress,best website host for wordpress​,C,n/a,0,30,,n/a,n/a,62,20.26,0.52,+2,139,1 month
best website hosting for churches,best website hosting for churches​,C,n/a,0,30,,n/a,n/a,25,9.21,0.98,+2,165,1 month
best website hosting for musicians,best website hosting for musicians​,n/a,n/a,0,30,,n/a,n/a,n/a,9.44,0.32,n/a,n/a,"For metrics, refresh"
best website hosting for personal websites,best website hosting for personal websites​,C,n/a,0,30,,n/a,n/a,33,13.81,0.39,+2,216M,1 month
best website hosting for small businesses,best website hosting for small businesses​,C,n/a,0,30,,n/a,n/a,75,14.41,0.83,+2,351M,1 month
best wordpress hosting for bloggers,best wordpress hosting for bloggers​,C,n/a,0,30,,n/a,n/a,58,9.89,0.90,,45.3M,1 month
best wordpress hosting for speed,best wordpress hosting for speed​,n/a,n/a,0,30,,n/a,n/a,n/a,0.00,0.43,n/a,n/a,"For metrics, refresh"
compliance best practices for cloud-hosted financial databases,compliance best practices for cloud-hosted financial databases​,n/a,n/a,0,30,,n/a,n/a,n/a,0.00,0.00,n/a,n/a,"For metrics, refresh"
the best hosting sites for wordpress,the best hosting sites for wordpress​,C,n/a,0,30,,n/a,n/a,70,10.04,0.80,+3,72.8M,1 month
the best web hosting for wordpress,the best web hosting for wordpress​,C,n/a,0,30,,n/a,n/a,67,10.04,0.80,,120,1 month
what is the best hosting company for wordpress,what is the best hosting company for wordpress​,C,n/a,0,30,,n/a,n/a,67,16.46,0.59,+2,78.8M,1 month
what is the best hosting for seo,what is the best hosting for seo​,n/a,n/a,0,30,,n/a,n/a,n/a,0.00,0.00,n/a,n/a,"For metrics, refresh"
what is the best hosting service for wordpress,what is the best hosting service for wordpress​,C,n/a,0,30,,n/a,n/a,65,16.46,0.59,+2,65M,1 month
what is the best hosting site for wordpress,what is the best hosting site for wordpress​,C,n/a,0,30,,n/a,n/a,71,16.46,0.59,+2,76.2M,1 month
what is the best web hosting for wordpress,what is the best web hosting for wordpress​,C,n/a,0,30,,n/a,n/a,71,16.46,0.59,+2,73.8M,1 month
what is the best website hosting for small business,what is the best website hosting for small business​,C,n/a,0,30,,n/a,n/a,57,14.11,0.24,+2,131,4 weeks
which web hosting is best for small businesses,which web hosting is best for small businesses​,C,n/a,0,30,,n/a,n/a,48,4.77,0.90,+2,149,1 month
best 9mm for suppressor host,best 9mm for suppressor host​,n/a,n/a,0,20,,n/a,n/a,n/a,0.00,0.33,n/a,n/a,"For metrics, refresh"
best accounting software for airbnb hosts,best accounting software for airbnb hosts​,n/a,n/a,0,20,,n/a,n/a,n/a,24.47,0.94,n/a,n/a,"For metrics, refresh"
best ai hosting platforms for high traffic sites,best ai hosting platforms for high traffic sites​,n/a,n/a,0,20,,n/a,n/a,n/a,0.00,0.00,n/a,n/a,"For metrics, refresh"
best alternatives to digital realty for data hosting,best alternatives to digital realty for data hosting​,n/a,n/a,0,20,,n/a,n/a,n/a,0.00,0.00,n/a,n/a,"For metrics, refresh"
best alternatives to shared hosting for handling traffic spikes,best alternatives to shared hosting for handling traffic spikes​,n/a,n/a,0,20,,n/a,n/a,n/a,0.00,0.00,n/a,n/a,"For metrics, refresh"
best and cheapest hosting for wordpress,best and cheapest hosting for wordpress​,n/a,n/a,0,20,,n/a,n/a,n/a,0.00,1.00,n/a,n/a,"For metrics, refresh"
best anemone for clownfish to host,best anemone for clownfish to host​,n/a,n/a,0,20,,n/a,n/a,n/a,0.00,0.33,n/a,n/a,"For metrics, refresh"
best anti-piracy video hosting platforms for online courses 2025,best anti-piracy video hosting platforms for online courses 2025​,n/a,n/a,0,20,,n/a,n/a,n/a,0.00,0.00,n/a,n/a,"For metrics, refresh"
best appetizers for hosting,best appetizers for hosting​,n/a,n/a,0,20,,n/a,n/a,n/a,0.05,0.56,n/a,n/a,"For metrics, refresh"
best ark server hosting for xbox,best ark server hosting for xbox​,n/a,n/a,0,20,,n/a,n/a,n/a,0.00,0.00,n/a,n/a,"For metrics, refresh"
best backyard remodeling features for hosting guests parties entertaining,best backyard remodeling features for hosting guests parties entertaining​,n/a,n/a,0,20,,n/a,n/a,n/a,0.00,0.00,n/a,n/a,"For metrics, refresh"
best blog host for making money,best blog host for making money​,n/a,n/a,0,20,,n/a,n/a,n/a,0.00,0.00,n/a,n/a,"For metrics, refresh"
best blog hosting sites for beginners,best blog hosting sites for beginners​,n/a,n/a,0,20,,n/a,n/a,n/a,0.00,0.00,n/a,n/a,"For metrics, refresh"
best blog hosting sites for making money,best blog hosting sites for making money​,n/a,n/a,0,20,,n/a,n/a,n/a,10.06,0.71,n/a,n/a,"For metrics, refresh"
best books for airbnb hosts,best books for airbnb hosts​,n/a,n/a,0,20,,n/a,n/a,n/a,0.00,0.79,n/a,n/a,"For metrics, refresh"
best bss platforms for wholesale mvno hosting 2025,best bss platforms for wholesale mvno hosting 2025​,n/a,n/a,0,20,,n/a,n/a,n/a,0.00,0.00,n/a,n/a,"For metrics, refresh"
best bug spray for hostas,best bug spray for hostas​,n/a,n/a,0,20,,n/a,n/a,n/a,0.00,0.00,n/a,n/a,"For metrics, refresh"
best business credit card for airbnb hosts,best business credit card for airbnb hosts​,n/a,n/a,0,20,,n/a,n/a,n/a,20.07,0.87,n/a,n/a,"For metrics, refresh"
best cancellation policy for airbnb host,best cancellation policy for airbnb host​,n/a,n/a,0,20,,n/a,n/a,n/a,0.00,0.05,n/a,n/a,"For metrics, refresh"
best car for turo host,best car for turo host​,n/a,n/a,0,20,,n/a,n/a,n/a,0.00,0.00,n/a,n/a,"For metrics, refresh"
best car insurance for turo host,best car insurance for turo host​,n/a,n/a,0,20,,n/a,n/a,n/a,13.31,0.86,n/a,n/a,"For metrics, refresh"
best care for hostas,best care for hostas​,n/a,n/a,0,20,,n/a,n/a,n/a,0.00,0.00,n/a,n/a,"For metrics, refresh"
best cheap managed cloud hosting for small businesses 2026,best cheap managed cloud hosting for small businesses 2026​,n/a,n/a,0,20,,n/a,n/a,n/a,0.00,0.00,n/a,n/a,"For metrics, refresh"
best cloud hosting for cloud-based apps 2026,best cloud hosting for cloud-based apps 2026​,n/a,n/a,0,20,,n/a,n/a,n/a,0.00,0.00,n/a,n/a,"For metrics, refresh"
best cloud hosting for developers 2025 2026 recommendations,best cloud hosting for developers 2025 2026 recommendations​,n/a,n/a,0,20,,n/a,n/a,n/a,0.00,0.00,n/a,n/a,"For metrics, refresh"
best cloud hosting for frontend developers,best cloud hosting for frontend developers​,n/a,n/a,0,20,,n/a,n/a,n/a,0.00,0.00,n/a,n/a,"For metrics, refresh"
best cloud hosting for mobile apps,best cloud hosting for mobile apps​,n/a,n/a,0,20,,n/a,n/a,n/a,0.00,0.62,n/a,n/a,"For metrics, refresh"
best cloud hosting for scaling websites,best cloud hosting for scaling websites​,n/a,n/a,0,20,,n/a,n/a,n/a,0.00,0.00,n/a,n/a,"For metrics, refresh"
best cloud hosting for startups in chicago,best cloud hosting for startups in chicago​,n/a,n/a,0,20,,n/a,n/a,n/a,0.00,0.00,n/a,n/a,"For metrics, refresh"
best cloud hosting for web applications 2026,best cloud hosting for web applications 2026​,n/a,n/a,0,20,,n/a,n/a,n/a,0.00,0.00,n/a,n/a,"For metrics, refresh"
best cloud hosting for websites,best cloud hosting for websites​,n/a,n/a,0,20,,n/a,n/a,n/a,0.00,0.00,n/a,n/a,"For metrics, refresh"
best cloud hosting options for startups,best cloud hosting options for startups​,n/a,n/a,0,20,,n/a,n/a,n/a,0.00,0.00,n/a,n/a,"For metrics, refresh"
best cloud hosting providers for developers 2025 2026,best cloud hosting providers for developers 2025 2026​,n/a,n/a,0,20,,n/a,n/a,n/a,0.00,0.00,n/a,n/a,"For metrics, refresh"
best cloud platform for hosting translation apps,best cloud platform for hosting translation apps​,n/a,n/a,0,20,,n/a,n/a,n/a,0.00,0.00,n/a,n/a,"For metrics, refresh"
best cloud provider for drupal hosting,best cloud provider for drupal hosting​,n/a,n/a,0,20,,n/a,n/a,n/a,0.00,0.00,n/a,n/a,"For metrics, refresh"
best cloud providers for hosting marklogic high availability,best cloud providers for hosting marklogic high availability​,n/a,n/a,0,20,,n/a,n/a,n/a,0.00,0.00,n/a,n/a,"For metrics, refresh"
best cloud server hosting for small business,best cloud server hosting for small business​,n/a,n/a,0,20,,n/a,n/a,n/a,0.00,0.33,n/a,n/a,"For metrics, refresh"
best cms hosting for small businesses 2026,best cms hosting for small businesses 2026​,n/a,n/a,0,20,,n/a,n/a,n/a,0.00,0.00,n/a,n/a,"For metrics, refresh"
best companies for domain management in web hosting,best companies for domain management in web hosting​,n/a,n/a,0,20,,n/a,n/a,n/a,0.00,0.00,n/a,n/a,"For metrics, refresh"
best companion plants for hostas,best companion plants for hostas​,n/a,n/a,0,20,,n/a,n/a,n/a,0.00,0.31,n/a,n/a,"For metrics, refresh"
best compost for hostas,best compost for hostas​,n/a,n/a,0,20,,n/a,n/a,n/a,0.00,0.00,n/a,n/a,"For metrics, refresh"
best conditions for hostas,best conditions for hostas​,n/a,n/a,0,20,,n/a,n/a,n/a,0.00,0.29,n/a,n/a,"For metrics, refresh"
best cookbooks for hosting,best cookbooks for hosting​,n/a,n/a,0,20,,n/a,n/a,n/a,0.00,1.00,n/a,n/a,"For metrics, refresh"
best coral for clownfish to host,best coral for clownfish to host​,n/a,n/a,0,20,,n/a,n/a,n/a,0.00,0.33,n/a,n/a,"For metrics, refresh"
best cost-efficient hosting platforms for full-stack applications 2026,best cost-efficient hosting platforms for full-stack applications 2026​,n/a,n/a,0,20,,n/a,n/a,n/a,0.00,0.00,n/a,n/a,"For metrics, refresh"
best country for web hosting,best country for web hosting​,n/a,n/a,0,20,,n/a,n/a,n/a,0.00,0.43,n/a,n/a,"For metrics, refresh"
best cpanel reseller hosting for agencies multiple client accounts 2026,best cpanel reseller hosting for agencies multiple client accounts 2026​,n/a,n/a,0,20,,n/a,n/a,n/a,0.00,0.00,n/a,n/a,"For metrics, refresh"
best cpu for hosting game servers,best cpu for hosting game servers​,n/a,n/a,0,20,,n/a,n/a,n/a,0.00,0.03,n/a,n/a,"For metrics, refresh"
best cpu for hosting minecraft server,best cpu for hosting minecraft server​,n/a,n/a,0,20,,n/a,n/a,n/a,0.00,0.33,n/a,n/a,"For metrics, refresh"
best cpu for minecraft server hosting,best cpu for minecraft server hosting​,n/a,n/a,0,20,,n/a,n/a,n/a,0.00,0.02,n/a,n/a,"For metrics, refresh"
best cpu for server hosting,best cpu for server hosting​,n/a,n/a,0,20,,n/a,n/a,n/a,0.00,0.38,n/a,n/a,"For metrics, refresh"
best credit cards for airbnb hosts,best credit cards for airbnb hosts​,n/a,n/a,0,20,,n/a,n/a,n/a,12.35,0.84,n/a,n/a,"For metrics, refresh"
best customer support for tax and accounting application hosting,best customer support for tax and accounting application hosting​,n/a,n/a,0,20,,n/a,n/a,n/a,0.00,0.00,n/a,n/a,"For metrics, refresh"
best customer support for wordpress hosting,best customer support for wordpress hosting​,n/a,n/a,0,20,,n/a,n/a,n/a,0.00,0.00,n/a,n/a,"For metrics, refresh"
best ddos protection for wordpress hosting providers resell to clients,best ddos protection for wordpress hosting providers resell to clients​,n/a,n/a,0,20,,n/a,n/a,n/a,0.00,0.00,n/a,n/a,"For metrics, refresh"
best dedicated hosting for video streaming,best dedicated hosting for video streaming​,n/a,n/a,0,20,,n/a,n/a,n/a,0.00,0.00,n/a,n/a,"For metrics, refresh"
best dedicated hosting for wordpress,best dedicated hosting for wordpress​,n/a,n/a,0,20,,n/a,n/a,n/a,0.00,0.33,n/a,n/a,"For metrics, refresh"
best dedicated server hosting for ecommerce,best dedicated server hosting for ecommerce​,n/a,n/a,0,20,,n/a,n/a,n/a,0.00,0.00,n/a,n/a,"For metrics, refresh"
best dedicated server hosting for valheim,best dedicated server hosting for valheim​,n/a,n/a,0,20,,n/a,n/a,n/a,0.00,1.00,n/a,n/a,"For metrics, refresh"
best deer repellent for hostas,best deer repellent for hostas​,n/a,n/a,0,20,,n/a,n/a,n/a,0.38,0.91,n/a,n/a,"For metrics, refresh"
best developer-friendly video hosting apis for saas 2025 2026,best developer-friendly video hosting apis for saas 2025 2026​,n/a,n/a,0,20,,n/a,n/a,n/a,0.00,0.00,n/a,n/a,"For metrics, refresh"
best dinners for hosting,best dinners for hosting​,n/a,n/a,0,20,,n/a,n/a,n/a,0.04,0.33,n/a,n/a,"For metrics, refresh"
best distro for docker host,best distro for docker host​,n/a,n/a,0,20,,n/a,n/a,n/a,0.00,0.33,n/a,n/a,"For metrics, refresh"
best domain and web hosting for business,best domain and web hosting for business​,n/a,n/a,0,20,,n/a,n/a,n/a,0.00,0.00,n/a,n/a,"For metrics, refresh"
best domain host for shopify,best domain host for shopify​,n/a,n/a,0,20,,n/a,n/a,n/a,9.11,0.74,n/a,n/a,"For metrics, refresh"
best domain host for small business,best domain host for small business​,n/a,n/a,0,20,,n/a,n/a,n/a,12.25,0.35,n/a,n/a,"For metrics, refresh"
best domain hosting for ecommerce,best domain hosting for ecommerce​,n/a,n/a,0,20,,n/a,n/a,n/a,0.00,1.00,n/a,n/a,"For metrics, refresh"
best domain hosting for photographers,best domain hosting for photographers​,n/a,n/a,0,20,,n/a,n/a,n/a,7.72,0.35,n/a,n/a,"For metrics, refresh"
best domain hosting for small business reddit,best domain hosting for small business reddit​,n/a,n/a,0,20,,n/a,n/a,n/a,11.51,0.71,n/a,n/a,"For metrics, refresh"
best dps for vespers host,best dps for vespers host​,n/a,n/a,0,20,,n/a,n/a,n/a,0.00,0.33,n/a,n/a,"For metrics, refresh"
best dps for vespers host final boss,best dps for vespers host final boss​,n/a,n/a,0,20,,n/a,n/a,n/a,0.00,0.33,n/a,n/a,"For metrics, refresh"
best eco-friendly carpet cleaning products for holiday hosts,best eco-friendly carpet cleaning products for holiday hosts​,n/a,n/a,0,20,,n/a,n/a,n/a,0.00,0.00,n/a,n/a,"For metrics, refresh"
best ecommerce hosting for fast checkout,best ecommerce hosting for fast checkout​,n/a,n/a,0,20,,n/a,n/a,n/a,0.00,0.00,n/a,n/a,"For metrics, refresh"
best email and website hosting for small business,best email and website hosting for small business​,n/a,n/a,0,20,,n/a,n/a,n/a,17.22,0.67,n/a,n/a,"For metrics, refresh"
best email host for custom domain,best email host for custom domain​,n/a,n/a,0,20,,n/a,n/a,n/a,7.87,0.71,n/a,n/a,"For metrics, refresh"
best email hosting for custom domain,best email hosting for custom domain​,n/a,n/a,0,20,,n/a,n/a,n/a,6.11,0.76,n/a,n/a,"For metrics, refresh"
best email hosting for family,best email hosting for family​,n/a,n/a,0,20,,n/a,n/a,n/a,0.00,0.00,n/a,n/a,"For metrics, refresh"
best email hosting for mac users,best email hosting for mac users​,n/a,n/a,0,20,,n/a,n/a,n/a,0.00,0.00,n/a,n/a,"For metrics, refresh"
best email hosting for personal use,best email hosting for personal use​,n/a,n/a,0,20,,n/a,n/a,n/a,0.00,0.86,n/a,n/a,"For metrics, refresh"
best email hosting for shopify,best email hosting for shopify​,n/a,n/a,0,20,,n/a,n/a,n/a,7.49,0.66,n/a,n/a,"For metrics, refresh"
best email hosting for small business reddit,best email hosting for small business reddit​,n/a,n/a,0,20,,n/a,n/a,n/a,4.97,0.33,n/a,n/a,"For metrics, refresh"
best email hosts for small business,best email hosts for small business​,n/a,n/a,0,20,,n/a,n/a,n/a,9.26,0.26,n/a,n/a,"For metrics, refresh"
best enterprise hosting for digital agencies,best enterprise hosting for digital agencies​,n/a,n/a,0,20,,n/a,n/a,n/a,0.00,0.00,n/a,n/a,"For metrics, refresh"
best enterprise hosting for high traffic sites,best enterprise hosting for high traffic sites​,n/a,n/a,0,20,,n/a,n/a,n/a,0.00,0.00,n/a,n/a,"For metrics, refresh"
best enterprise hosting for large businesses,best enterprise hosting for large businesses​,n/a,n/a,0,20,,n/a,n/a,n/a,0.00,0.00,n/a,n/a,"For metrics, refresh"
best enterprise wordpress hosting solutions for large organizations,best enterprise wordpress hosting solutions for large organizations​,n/a,n/a,0,20,,n/a,n/a,n/a,0.00,0.00,n/a,n/a,"For metrics, refresh"
best entertaining gifts for home cooks and hosts,best entertaining gifts for home cooks and hosts​,n/a,n/a,0,20,,n/a,n/a,n/a,0.00,0.00,n/a,n/a,"For metrics, refresh"
best environment for hostas,best environment for hostas​,n/a,n/a,0,20,,n/a,n/a,n/a,0.00,0.21,n/a,n/a,"For metrics, refresh"
best fast hosting for wordpress,best fast hosting for wordpress​,n/a,n/a,0,20,,n/a,n/a,n/a,0.00,0.00,n/a,n/a,"For metrics, refresh"
best fertilizer for hosta,best fertilizer for hosta​,n/a,n/a,0,20,,n/a,n/a,n/a,0.18,0.91,n/a,n/a,"For metrics, refresh"
best fertilizer for hostas and ferns,best fertilizer for hostas and ferns​,n/a,n/a,0,20,,n/a,n/a,n/a,0.32,0.98,n/a,n/a,"For metrics, refresh"
best fertilizer for hostas in pots,best fertilizer for hostas in pots​,n/a,n/a,0,20,,n/a,n/a,n/a,0.00,0.57,n/a,n/a,"For metrics, refresh"
best food for hosta plants,best food for hosta plants​,n/a,n/a,0,20,,n/a,n/a,n/a,0.00,0.00,n/a,n/a,"For metrics, refresh"
best food for hostas,best food for hostas​,n/a,n/a,0,20,,n/a,n/a,n/a,0.00,0.52,n/a,n/a,"For metrics, refresh"
best food for hosting a party,best food for hosting a party​,n/a,n/a,0,20,,n/a,n/a,n/a,0.00,1.00,n/a,n/a,"For metrics, refresh"
best for wordpress hosting,best for wordpress hosting​,n/a,n/a,0,20,,n/a,n/a,n/a,0.00,0.00,n/a,n/a,"For metrics, refresh"
best foreign exchange student programs for host families,best foreign exchange student programs for host families​,n/a,n/a,0,20,,n/a,n/a,n/a,2.57,0.53,n/a,n/a,"For metrics, refresh"
best free cloud hosting for pre-seed startups 2025 2026,best free cloud hosting for pre-seed startups 2025 2026​,n/a,n/a,0,20,,n/a,n/a,n/a,0.00,0.00,n/a,n/a,"For metrics, refresh"
best free email hosting for my domain,best free email hosting for my domain​,n/a,n/a,0,20,,n/a,n/a,n/a,0.00,0.00,n/a,n/a,"For metrics, refresh"
best free email hosting for small business,best free email hosting for small business​,n/a,n/a,0,20,,n/a,n/a,n/a,3.81,0.69,n/a,n/a,"For metrics, refresh"
best free hosting for react app,best free hosting for react app​,n/a,n/a,0,20,,n/a,n/a,n/a,0.00,1.00,n/a,n/a,"For metrics, refresh"
best free hosting sites for wordpress,best free hosting sites for wordpress​,n/a,n/a,0,20,,n/a,n/a,n/a,0.00,0.00,n/a,n/a,"For metrics, refresh"
best free minecraft server hosting for mods,best free minecraft server hosting for mods​,n/a,n/a,0,20,,n/a,n/a,n/a,0.00,0.03,n/a,n/a,"For metrics, refresh"
best free photo hosting site for photographers,best free photo hosting site for photographers​,n/a,n/a,0,20,,n/a,n/a,n/a,0.00,0.71,n/a,n/a,"For metrics, refresh"
best free server hosting for minecraft,best free server hosting for minecraft​,n/a,n/a,0,20,,n/a,n/a,n/a,0.00,0.03,n/a,n/a,"For metrics, refresh"
best free server hosting for modded minecraft,best free server hosting for modded minecraft​,n/a,n/a,0,20,,n/a,n/a,n/a,0.00,0.06,n/a,n/a,"For metrics, refresh"
best free server hosting minecraft for mods,best free server hosting minecraft for mods​,n/a,n/a,0,20,,n/a,n/a,n/a,0.00,0.33,n/a,n/a,"For metrics, refresh"
best free vst host for live performance,best free vst host for live performance​,n/a,n/a,0,20,,n/a,n/a,n/a,0.00,0.33,n/a,n/a,"For metrics, refresh"
best free web hosting for ecommerce,best free web hosting for ecommerce​,n/a,n/a,0,20,,n/a,n/a,n/a,0.00,0.00,n/a,n/a,"For metrics, refresh"
best free web hosting for small business,best free web hosting for small business​,n/a,n/a,0,20,,n/a,n/a,n/a,7.58,0.99,n/a,n/a,"For metrics, refresh"
best free web hosting for wordpress,best free web hosting for wordpress​,n/a,n/a,0,20,,n/a,n/a,n/a,0.00,0.54,n/a,n/a,"For metrics, refresh"
best free web hosting sites for small business,best free web hosting sites for small business​,n/a,n/a,0,20,,n/a,n/a,n/a,7.58,0.47,n/a,n/a,"For metrics, refresh"
best free website builder and hosting for small business,best free website builder and hosting for small business​,n/a,n/a,0,20,,n/a,n/a,n/a,8.04,0.97,n/a,n/a,"For metrics, refresh"
best free website hosting for small business,best free website hosting for small business​,n/a,n/a,0,20,,n/a,n/a,n/a,6.19,0.25,n/a,n/a,"For metrics, refresh"
best frontend hosting platforms for developers 2026,best frontend hosting platforms for developers 2026​,n/a,n/a,0,20,,n/a,n/a,n/a,0.00,0.00,n/a,n/a,"For metrics, refresh"
best fungicide for hostas,best fungicide for hostas​,n/a,n/a,0,20,,n/a,n/a,n/a,0.27,0.00,n/a,n/a,"For metrics, refresh"
best games to host a server for,best games to host a server for​,n/a,n/a,0,20,,n/a,n/a,n/a,0.00,0.07,n/a,n/a,"For metrics, refresh"
best games to host servers for,best games to host servers for​,n/a,n/a,0,20,,n/a,n/a,n/a,0.00,0.33,n/a,n/a,"For metrics, refresh"
best gift for host,best gift for host​,n/a,n/a,0,20,,n/a,n/a,n/a,0.24,1.00,n/a,n/a,"For metrics, refresh"
best gift for people who like to host,best gift for people who like to host​,n/a,n/a,0,20,,n/a,n/a,n/a,0.00,1.00,n/a,n/a,"For metrics, refresh"
best gift for thanksgiving host,best gift for thanksgiving host​,n/a,n/a,0,20,,n/a,n/a,n/a,0.00,0.00,n/a,n/a,"For metrics, refresh"
best gifts for airbnb hosts,best gifts for airbnb hosts​,n/a,n/a,0,20,,n/a,n/a,n/a,0.00,0.00,n/a,n/a,"For metrics, refresh"
best gifts for dinner hosts,best gifts for dinner hosts​,n/a,n/a,0,20,,n/a,n/a,n/a,0.26,1.00,n/a,n/a,"For metrics, refresh"
best gifts for dinner party host entertaining essentials,best gifts for dinner party host entertaining essentials​,n/a,n/a,0,20,,n/a,n/a,n/a,0.00,0.00,n/a,n/a,"For metrics, refresh"
best gifts for dinner party hosts entertaining essentials,best gifts for dinner party hosts entertaining essentials​,n/a,n/a,0,20,,n/a,n/a,n/a,0.00,0.00,n/a,n/a,"For metrics, refresh"
best gifts for people that like to host,best gifts for people that like to host​,n/a,n/a,0,20,,n/a,n/a,n/a,0.00,1.00,n/a,n/a,"For metrics, refresh"
best gifts for people who host,best gifts for people who host​,n/a,n/a,0,20,,n/a,n/a,n/a,0.36,1.00,n/a,n/a,"For metrics, refresh"
best gifts for people who host parties,best gifts for people who host parties​,n/a,n/a,0,20,,n/a,n/a,n/a,0.33,1.00,n/a,n/a,"For metrics, refresh"
best gifts for someone who likes to host,best gifts for someone who likes to host​,n/a,n/a,0,20,,n/a,n/a,n/a,0.00,1.00,n/a,n/a,"For metrics, refresh"
best gifts for someone who loves to host,best gifts for someone who loves to host​,n/a,n/a,0,20,,n/a,n/a,n/a,0.30,1.00,n/a,n/a,"For metrics, refresh"
best git hosting for open source projects 2025 2026,best git hosting for open source projects 2025 2026​,n/a,n/a,0,20,,n/a,n/a,n/a,0.00,0.00,n/a,n/a,"For metrics, refresh"
best git hosting for private repositories 2026,best git hosting for private repositories 2026​,n/a,n/a,0,20,,n/a,n/a,n/a,0.00,0.00,n/a,n/a,"For metrics, refresh"
best git hosting platforms for teams comparison 2026,best git hosting platforms for teams comparison 2026​,n/a,n/a,0,20,,n/a,n/a,n/a,0.00,0.00,n/a,n/a,"For metrics, refresh"
best git hosting with built-in ci/cd for startups 2025 2026,best git hosting with built-in ci/cd for startups 2025 2026​,n/a,n/a,0,20,,n/a,n/a,n/a,0.00,0.00,n/a,n/a,"For metrics, refresh"
best godaddy hosting plan for wordpress,best godaddy hosting plan for wordpress​,n/a,n/a,0,20,,n/a,n/a,n/a,0.00,0.99,n/a,n/a,"For metrics, refresh"
best gpu cloud hosting for deep learning 2026,best gpu cloud hosting for deep learning 2026​,n/a,n/a,0,20,,n/a,n/a,n/a,0.00,0.00,n/a,n/a,"For metrics, refresh"
best gpu for self hosted ai,best gpu for self hosted ai​,n/a,n/a,0,20,,n/a,n/a,n/a,0.00,0.33,n/a,n/a,"For metrics, refresh"
best gpu hosting for ai projects,best gpu hosting for ai projects​,n/a,n/a,0,20,,n/a,n/a,n/a,0.00,0.00,n/a,n/a,"For metrics, refresh"
best growing conditions for hostas,best growing conditions for hostas​,n/a,n/a,0,20,,n/a,n/a,n/a,0.00,0.13,n/a,n/a,"For metrics, refresh"
best guest book app for hosts,best guest book app for hosts​,n/a,n/a,0,20,,n/a,n/a,n/a,0.00,0.00,n/a,n/a,"For metrics, refresh"
best host agencies for travel agents 2026,best host agencies for travel agents 2026​,n/a,n/a,0,20,,n/a,n/a,n/a,0.00,0.00,n/a,n/a,"For metrics, refresh"
best host agency for beginner travel agents,best host agency for beginner travel agents​,n/a,n/a,0,20,,n/a,n/a,n/a,4.37,0.56,n/a,n/a,"For metrics, refresh"
best host agency for beginners,best host agency for beginners​,n/a,n/a,0,20,,n/a,n/a,n/a,0.00,0.00,n/a,n/a,"For metrics, refresh"
best host agency for cruises,best host agency for cruises​,n/a,n/a,0,20,,n/a,n/a,n/a,4.79,0.66,n/a,n/a,"For metrics, refresh"
best host agency for home based travel agent,best host agency for home based travel agent​,n/a,n/a,0,20,,n/a,n/a,n/a,0.00,0.86,n/a,n/a,"For metrics, refresh"
best host agency for new agents,best host agency for new agents​,n/a,n/a,0,20,,n/a,n/a,n/a,0.00,0.00,n/a,n/a,"For metrics, refresh"
best host agency for new travel advisors,best host agency for new travel advisors​,n/a,n/a,0,20,,n/a,n/a,n/a,0.00,0.00,n/a,n/a,"For metrics, refresh"
best host agency for travel agent,best host agency for travel agent​,n/a,n/a,0,20,,n/a,n/a,n/a,4.00,0.58,n/a,n/a,"For metrics, refresh"
best host captions for instagram,best host captions for instagram​,n/a,n/a,0,20,,n/a,n/a,n/a,0.00,0.33,n/a,n/a,"For metrics, refresh"
best host for bloggers,best host for bloggers​,n/a,n/a,0,20,,n/a,n/a,n/a,11.48,0.11,n/a,n/a,"For metrics, refresh"
best host for blogging,best host for blogging​,n/a,n/a,0,20,,n/a,n/a,n/a,11.48,0.11,n/a,n/a,"For metrics, refresh"
best host for business email,best host for business email​,n/a,n/a,0,20,,n/a,n/a,n/a,8.28,0.27,n/a,n/a,"For metrics, refresh"
best host for discord bot,best host for discord bot​,n/a,n/a,0,20,,n/a,n/a,n/a,0.00,0.21,n/a,n/a,"For metrics, refresh"
best host for fivem,best host for fivem​,n/a,n/a,0,20,,n/a,n/a,n/a,0.91,0.86,n/a,n/a,"For metrics, refresh"
best host for fivem server,best host for fivem server​,n/a,n/a,0,20,,n/a,n/a,n/a,2.26,0.71,n/a,n/a,"For metrics, refresh"
best host for modded minecraft,best host for modded minecraft​,n/a,n/a,0,20,,n/a,n/a,n/a,2.67,0.31,n/a,n/a,"For metrics, refresh"
best host for moodle,best host for moodle​,n/a,n/a,0,20,,n/a,n/a,n/a,5.94,0.16,n/a,n/a,"For metrics, refresh"
best host for owncloud,best host for owncloud​,n/a,n/a,0,20,,n/a,n/a,n/a,0.00,0.33,n/a,n/a,"For metrics, refresh"
best host for palworld,best host for palworld​,n/a,n/a,0,20,,n/a,n/a,n/a,0.00,0.74,n/a,n/a,"For metrics, refresh"
best host for palworld server,best host for palworld server​,n/a,n/a,0,20,,n/a,n/a,n/a,0.00,1.00,n/a,n/a,"For metrics, refresh"
best host for react app,best host for react app​,n/a,n/a,0,20,,n/a,n/a,n/a,0.00,0.64,n/a,n/a,"For metrics, refresh"
best host for rust server,best host for rust server​,n/a,n/a,0,20,,n/a,n/a,n/a,0.00,0.93,n/a,n/a,"For metrics, refresh"
best host for small business,best host for small business​,n/a,n/a,0,20,,n/a,n/a,n/a,12.25,0.35,n/a,n/a,"For metrics, refresh"
best host for valheim,best host for valheim​,n/a,n/a,0,20,,n/a,n/a,n/a,0.00,1.00,n/a,n/a,"For metrics, refresh"
best host for valheim server,best host for valheim server​,n/a,n/a,0,20,,n/a,n/a,n/a,0.00,1.00,n/a,n/a,"For metrics, refresh"
best host for venom,best host for venom​,n/a,n/a,0,20,,n/a,n/a,n/a,0.00,0.33,n/a,n/a,"For metrics, refresh"
best host for wordpress blog,best host for wordpress blog​,n/a,n/a,0,20,,n/a,n/a,n/a,12.77,0.13,n/a,n/a,"For metrics, refresh"
best host for wordpress site,best host for wordpress site​,n/a,n/a,0,20,,n/a,n/a,n/a,25.91,0.31,n/a,n/a,"For metrics, refresh"
best host for wordpress website,best host for wordpress website​,n/a,n/a,0,20,,n/a,n/a,n/a,25.91,0.31,n/a,n/a,"For metrics, refresh"
best host only mods for lethal company,best host only mods for lethal company​,n/a,n/a,0,20,,n/a,n/a,n/a,0.00,0.33,n/a,n/a,"For metrics, refresh"
best host os for docker,best host os for docker​,n/a,n/a,0,20,,n/a,n/a,n/a,0.00,0.01,n/a,n/a,"For metrics, refresh"
best host os for kubernetes,best host os for kubernetes​,n/a,n/a,0,20,,n/a,n/a,n/a,0.00,0.14,n/a,n/a,"For metrics, refresh"
best host os for kvm,best host os for kvm​,n/a,n/a,0,20,,n/a,n/a,n/a,0.00,0.33,n/a,n/a,"For metrics, refresh"
best host os for virtual machines,best host os for virtual machines​,n/a,n/a,0,20,,n/a,n/a,n/a,0.00,0.33,n/a,n/a,"For metrics, refresh"
best host os for virtualbox,best host os for virtualbox​,n/a,n/a,0,20,,n/a,n/a,n/a,0.00,0.33,n/a,n/a,"For metrics, refresh"
best host os for virtualization,best host os for virtualization​,n/a,n/a,0,20,,n/a,n/a,n/a,0.00,0.57,n/a,n/a,"For metrics, refresh"
best host plant for sandalwood,best host plant for sandalwood​,n/a,n/a,0,20,,n/a,n/a,n/a,0.00,0.00,n/a,n/a,"For metrics, refresh"
best host plants for butterflies,best host plants for butterflies​,n/a,n/a,0,20,,n/a,n/a,n/a,0.27,0.73,n/a,n/a,"For metrics, refresh"
best host provider for wordpress,best host provider for wordpress​,n/a,n/a,0,20,,n/a,n/a,n/a,0.00,0.33,n/a,n/a,"For metrics, refresh"
best host server for website,best host server for website​,n/a,n/a,0,20,,n/a,n/a,n/a,0.00,0.00,n/a,n/a,"For metrics, refresh"
best host travel agency for beginners 2023,best host travel agency for beginners 2023​,n/a,n/a,0,20,,n/a,n/a,n/a,0.00,0.00,n/a,n/a,"For metrics, refresh"
best host travel agency for beginners 2024 usa,best host travel agency for beginners 2024 usa​,n/a,n/a,0,20,,n/a,n/a,n/a,1.82,0.00,n/a,n/a,"For metrics, refresh"
best host travel agency for beginners 2025 usa,best host travel agency for beginners 2025 usa​,n/a,n/a,0,20,,n/a,n/a,n/a,2.56,0.66,n/a,n/a,"For metrics, refresh"
best host travel agency for beginners 2026,best host travel agency for beginners 2026​,n/a,n/a,0,20,,n/a,n/a,n/a,3.02,0.65,n/a,n/a,"For metrics, refresh"
best hosta for full sun,best hosta for full sun​,n/a,n/a,0,20,,n/a,n/a,n/a,0.32,1.00,n/a,n/a,"For metrics, refresh"
best hosta for part sun,best hosta for part sun​,n/a,n/a,0,20,,n/a,n/a,n/a,0.00,1.00,n/a,n/a,"For metrics, refresh"
best hosta for shade,best hosta for shade​,n/a,n/a,0,20,,n/a,n/a,n/a,0.15,1.00,n/a,n/a,"For metrics, refresh"
best hosta for sun,best hosta for sun​,n/a,n/a,0,20,,n/a,n/a,n/a,0.29,1.00,n/a,n/a,"For metrics, refresh"
best hosta plants for shade,best hosta plants for shade​,n/a,n/a,0,20,,n/a,n/a,n/a,0.00,0.00,n/a,n/a,"For metrics, refresh"
best hostas for afternoon sun,best hostas for afternoon sun​,n/a,n/a,0,20,,n/a,n/a,n/a,0.00,1.00,n/a,n/a,"For metrics, refresh"
best hostas for borders,best hostas for borders​,n/a,n/a,0,20,,n/a,n/a,n/a,0.00,0.00,n/a,n/a,"For metrics, refresh"
best hostas for containers,best hostas for containers​,n/a,n/a,0,20,,n/a,n/a,n/a,0.00,0.67,n/a,n/a,"For metrics, refresh"
best hostas for deep shade,best hostas for deep shade​,n/a,n/a,0,20,,n/a,n/a,n/a,0.00,1.00,n/a,n/a,"For metrics, refresh"
best hostas for dry shade,best hostas for dry shade​,n/a,n/a,0,20,,n/a,n/a,n/a,0.00,1.00,n/a,n/a,"For metrics, refresh"
best hostas for eating,best hostas for eating​,n/a,n/a,0,20,,n/a,n/a,n/a,0.00,0.00,n/a,n/a,"For metrics, refresh"
best hostas for minnesota,best hostas for minnesota​,n/a,n/a,0,20,,n/a,n/a,n/a,0.00,0.00,n/a,n/a,"For metrics, refresh"
best hostas for morning sun,best hostas for morning sun​,n/a,n/a,0,20,,n/a,n/a,n/a,0.00,0.00,n/a,n/a,"For metrics, refresh"
best hostas for north texas,best hostas for north texas​,n/a,n/a,0,20,,n/a,n/a,n/a,0.00,0.77,n/a,n/a,"For metrics, refresh"
best hostas for pots,best hostas for pots​,n/a,n/a,0,20,,n/a,n/a,n/a,0.00,1.00,n/a,n/a,"For metrics, refresh"
best hostas for sunny areas,best hostas for sunny areas​,n/a,n/a,0,20,,n/a,n/a,n/a,0.00,0.75,n/a,n/a,"For metrics, refresh"
best hostas for texas,best hostas for texas​,n/a,n/a,0,20,,n/a,n/a,n/a,0.00,1.00,n/a,n/a,"For metrics, refresh"
best hostas for the sun,best hostas for the sun​,n/a,n/a,0,20,,n/a,n/a,n/a,0.00,1.00,n/a,n/a,"For metrics, refresh"
best hostas for under trees,best hostas for under trees​,n/a,n/a,0,20,,n/a,n/a,n/a,0.00,0.00,n/a,n/a,"For metrics, refresh"
best hostas for zone 5,best hostas for zone 5​,n/a,n/a,0,20,,n/a,n/a,n/a,0.00,0.00,n/a,n/a,"For metrics, refresh"
best hostas for zone 9,best hostas for zone 9​,n/a,n/a,0,20,,n/a,n/a,n/a,0.00,0.00,n/a,n/a,"For metrics, refresh"
best hosted buyer programs for small outdoor retailers 2025,best hosted buyer programs for small outdoor retailers 2025​,n/a,n/a,0,20,,n/a,n/a,n/a,0.00,0.00,n/a,n/a,"For metrics, refresh"
best hosted pbx solutions for telecom alternative carriers in australia,best hosted pbx solutions for telecom alternative carriers in australia​,n/a,n/a,0,20,,n/a,n/a,n/a,0.00,0.00,n/a,n/a,"For metrics, refresh"
best hosting companies for developers,best hosting companies for developers​,n/a,n/a,0,20,,n/a,n/a,n/a,9.82,0.02,n/a,n/a,"For metrics, refresh"
best hosting companies for ecommerce,best hosting companies for ecommerce​,n/a,n/a,0,20,,n/a,n/a,n/a,9.55,0.08,n/a,n/a,"For metrics, refresh"
best hosting for,best hosting for​,n/a,n/a,0,20,,n/a,n/a,n/a,0.00,0.86,n/a,n/a,"For metrics, refresh"
best hosting for adult sites,best hosting for adult sites​,n/a,n/a,0,20,,n/a,n/a,n/a,0.00,0.08,n/a,n/a,"For metrics, refresh"
best hosting for affiliate marketing,best hosting for affiliate marketing​,n/a,n/a,0,20,,n/a,n/a,n/a,0.00,0.02,n/a,n/a,"For metrics, refresh"
best hosting for android app,best hosting for android app​,n/a,n/a,0,20,,n/a,n/a,n/a,0.00,0.00,n/a,n/a,"For metrics, refresh"
best hosting for angular app,best hosting for angular app​,n/a,n/a,0,20,,n/a,n/a,n/a,0.00,0.57,n/a,n/a,"For metrics, refresh"
best hosting for apps,best hosting for apps​,n/a,n/a,0,20,,n/a,n/a,n/a,6.02,0.55,n/a,n/a,"For metrics, refresh"
best hosting for blog website,best hosting for blog website​,n/a,n/a,0,20,,n/a,n/a,n/a,0.00,0.99,n/a,n/a,"For metrics, refresh"
best hosting for bootstrap,best hosting for bootstrap​,n/a,n/a,0,20,,n/a,n/a,n/a,0.00,0.00,n/a,n/a,"For metrics, refresh"
best hosting for business,best hosting for business​,n/a,n/a,0,20,,n/a,n/a,n/a,0.00,0.00,n/a,n/a,"For metrics, refresh"
best hosting for cakephp,best hosting for cakephp​,n/a,n/a,0,20,,n/a,n/a,n/a,0.00,0.33,n/a,n/a,"For metrics, refresh"
best hosting for china,best hosting for china​,n/a,n/a,0,20,,n/a,n/a,n/a,0.00,0.00,n/a,n/a,"For metrics, refresh"
best hosting for cms,best hosting for cms​,n/a,n/a,0,20,,n/a,n/a,n/a,0.00,0.33,n/a,n/a,"For metrics, refresh"
best hosting for codeigniter,best hosting for codeigniter​,n/a,n/a,0,20,,n/a,n/a,n/a,0.00,0.33,n/a,n/a,"For metrics, refresh"
best hosting for core web vitals seo,best hosting for core web vitals seo​,n/a,n/a,0,20,,n/a,n/a,n/a,0.00,0.00,n/a,n/a,"For metrics, refresh"
best hosting for designers,best hosting for designers​,n/a,n/a,0,20,,n/a,n/a,n/a,0.00,0.33,n/a,n/a,"For metrics, refresh"
best hosting for developers with cli tools 2026,best hosting for developers with cli tools 2026​,n/a,n/a,0,20,,n/a,n/a,n/a,0.00,0.00,n/a,n/a,"For metrics, refresh"
best hosting for directus with auto-scaling storage,best hosting for directus with auto-scaling storage​,n/a,n/a,0,20,,n/a,n/a,n/a,0.00,0.00,n/a,n/a,"For metrics, refresh"
best hosting for discord bot,best hosting for discord bot​,n/a,n/a,0,20,,n/a,n/a,n/a,0.00,0.00,n/a,n/a,"For metrics, refresh"
best hosting for divi theme,best hosting for divi theme​,n/a,n/a,0,20,,n/a,n/a,n/a,0.00,1.00,n/a,n/a,"For metrics, refresh"
best hosting for dnn,best hosting for dnn​,n/a,n/a,0,20,,n/a,n/a,n/a,0.00,0.33,n/a,n/a,"For metrics, refresh"
best hosting for dropshipping,best hosting for dropshipping​,n/a,n/a,0,20,,n/a,n/a,n/a,0.00,0.25,n/a,n/a,"For metrics, refresh"
best hosting for drupal 7,best hosting for drupal 7​,n/a,n/a,0,20,,n/a,n/a,n/a,0.00,0.33,n/a,n/a,"For metrics, refresh"
best hosting for ecommerce website india,best hosting for ecommerce website india​,n/a,n/a,0,20,,n/a,n/a,n/a,0.00,0.33,n/a,n/a,"For metrics, refresh"
best hosting for ecommerce websites,best hosting for ecommerce websites​,n/a,n/a,0,20,,n/a,n/a,n/a,11.68,0.25,n/a,n/a,"For metrics, refresh"
best hosting for ecommerce wordpress website,best hosting for ecommerce wordpress website​,n/a,n/a,0,20,,n/a,n/a,n/a,0.00,0.00,n/a,n/a,"For metrics, refresh"
best hosting for elementor,best hosting for elementor​,n/a,n/a,0,20,,n/a,n/a,n/a,9.13,0.86,n/a,n/a,"For metrics, refresh"
best hosting for email marketing,best hosting for email marketing​,n/a,n/a,0,20,,n/a,n/a,n/a,0.00,0.33,n/a,n/a,"For metrics, refresh"
best hosting for enterprise applications,best hosting for enterprise applications​,n/a,n/a,0,20,,n/a,n/a,n/a,0.00,0.00,n/a,n/a,"For metrics, refresh"
best hosting for fivem,best hosting for fivem​,n/a,n/a,0,20,,n/a,n/a,n/a,2.71,0.68,n/a,n/a,"For metrics, refresh"
best hosting for flask app,best hosting for flask app​,n/a,n/a,0,20,,n/a,n/a,n/a,0.00,0.00,n/a,n/a,"For metrics, refresh"
best hosting for forums,best hosting for forums​,n/a,n/a,0,20,,n/a,n/a,n/a,0.00,0.33,n/a,n/a,"For metrics, refresh"
best hosting for free,best hosting for free​,n/a,n/a,0,20,,n/a,n/a,n/a,0.00,0.03,n/a,n/a,"For metrics, refresh"
best hosting for freelance web designers,best hosting for freelance web designers​,n/a,n/a,0,20,,n/a,n/a,n/a,0.00,0.00,n/a,n/a,"For metrics, refresh"
best hosting for ghost blog,best hosting for ghost blog​,n/a,n/a,0,20,,n/a,n/a,n/a,0.00,0.00,n/a,n/a,"For metrics, refresh"
best hosting for headless cms with aws lambda functions,best hosting for headless cms with aws lambda functions​,n/a,n/a,0,20,,n/a,n/a,n/a,0.00,0.00,n/a,n/a,"For metrics, refresh"
best hosting for high traffic,best hosting for high traffic​,n/a,n/a,0,20,,n/a,n/a,n/a,9.61,0.30,n/a,n/a,"For metrics, refresh"
best hosting for high traffic sites,best hosting for high traffic sites​,n/a,n/a,0,20,,n/a,n/a,n/a,0.00,0.86,n/a,n/a,"For metrics, refresh"
best hosting for high traffic website,best hosting for high traffic website​,n/a,n/a,0,20,,n/a,n/a,n/a,0.00,1.00,n/a,n/a,"For metrics, refresh"
best hosting for internet radio,best hosting for internet radio​,n/a,n/a,0,20,,n/a,n/a,n/a,0.00,0.33,n/a,n/a,"For metrics, refresh"
best hosting for jomsocial,best hosting for jomsocial​,n/a,n/a,0,20,,n/a,n/a,n/a,0.00,0.00,n/a,n/a,"For metrics, refresh"
best hosting for joomla sites,best hosting for joomla sites​,n/a,n/a,0,20,,n/a,n/a,n/a,0.00,0.90,n/a,n/a,"For metrics, refresh"
best hosting for landing page,best hosting for landing page​,n/a,n/a,0,20,,n/a,n/a,n/a,12.23,0.86,n/a,n/a,"For metrics, refresh"
best hosting for landing pages,best hosting for landing pages​,n/a,n/a,0,20,,n/a,n/a,n/a,6.40,0.54,n/a,n/a,"For metrics, refresh"
best hosting for laravel 5,best hosting for laravel 5​,n/a,n/a,0,20,,n/a,n/a,n/a,0.00,0.33,n/a,n/a,"For metrics, refresh"
best hosting for laravel project,best hosting for laravel project​,n/a,n/a,0,20,,n/a,n/a,n/a,0.00,0.90,n/a,n/a,"For metrics, refresh"
best hosting for large websites,best hosting for large websites​,n/a,n/a,0,20,,n/a,n/a,n/a,0.00,0.57,n/a,n/a,"For metrics, refresh"
best hosting for learndash,best hosting for learndash​,n/a,n/a,0,20,,n/a,n/a,n/a,0.00,0.93,n/a,n/a,"For metrics, refresh"
best hosting for mautic,best hosting for mautic​,n/a,n/a,0,20,,n/a,n/a,n/a,0.00,0.00,n/a,n/a,"For metrics, refresh"
best hosting for mern stack,best hosting for mern stack​,n/a,n/a,0,20,,n/a,n/a,n/a,0.00,0.00,n/a,n/a,"For metrics, refresh"
best hosting for mobile apps,best hosting for mobile apps​,n/a,n/a,0,20,,n/a,n/a,n/a,10.87,0.61,n/a,n/a,"For metrics, refresh"
best hosting for modded minecraft,best hosting for modded minecraft​,n/a,n/a,0,20,,n/a,n/a,n/a,2.69,0.99,n/a,n/a,"For metrics, refresh"
best hosting for moodle,best hosting for moodle​,n/a,n/a,0,20,,n/a,n/a,n/a,5.94,0.16,n/a,n/a,"For metrics, refresh"
best hosting for multiple wordpress sites,best hosting for multiple wordpress sites​,n/a,n/a,0,20,,n/a,n/a,n/a,22.51,0.14,n/a,n/a,"For metrics, refresh"
best hosting for musicians,best hosting for musicians​,n/a,n/a,0,20,,n/a,n/a,n/a,7.05,0.77,n/a,n/a,"For metrics, refresh"
best hosting for n8n,best hosting for n8n​,n/a,n/a,0,20,,n/a,n/a,n/a,8.58,0.69,n/a,n/a,"For metrics, refresh"
best hosting for news website,best hosting for news website​,n/a,n/a,0,20,,n/a,n/a,n/a,0.00,0.33,n/a,n/a,"For metrics, refresh"
best hosting for next js,best hosting for next js​,n/a,n/a,0,20,,n/a,n/a,n/a,5.59,0.71,n/a,n/a,"For metrics, refresh"
best hosting for nextcloud,best hosting for nextcloud​,n/a,n/a,0,20,,n/a,n/a,n/a,0.00,0.29,n/a,n/a,"For metrics, refresh"
best hosting for nextjs,best hosting for nextjs​,n/a,n/a,0,20,,n/a,n/a,n/a,0.00,0.57,n/a,n/a,"For metrics, refresh"
best hosting for odoo,best hosting for odoo​,n/a,n/a,0,20,,n/a,n/a,n/a,0.00,0.14,n/a,n/a,"For metrics, refresh"
best hosting for openerp,best hosting for openerp​,n/a,n/a,0,20,,n/a,n/a,n/a,0.00,0.00,n/a,n/a,"For metrics, refresh"
best hosting for osclass,best hosting for osclass​,n/a,n/a,0,20,,n/a,n/a,n/a,0.00,0.33,n/a,n/a,"For metrics, refresh"
best hosting for oxwall,best hosting for oxwall​,n/a,n/a,0,20,,n/a,n/a,n/a,0.00,0.33,n/a,n/a,"For metrics, refresh"
best hosting for palworld,best hosting for palworld​,n/a,n/a,0,20,,n/a,n/a,n/a,0.00,0.46,n/a,n/a,"For metrics, refresh"
best hosting for personal website reddit,best hosting for personal website reddit​,n/a,n/a,0,20,,n/a,n/a,n/a,0.00,0.33,n/a,n/a,"For metrics, refresh"
best hosting for photography website,best hosting for photography website​,n/a,n/a,0,20,,n/a,n/a,n/a,7.80,0.25,n/a,n/a,"For metrics, refresh"
best hosting for php mysql,best hosting for php mysql​,n/a,n/a,0,20,,n/a,n/a,n/a,11.70,0.29,n/a,n/a,"For metrics, refresh"
best hosting for php website,best hosting for php website​,n/a,n/a,0,20,,n/a,n/a,n/a,0.00,1.00,n/a,n/a,"For metrics, refresh"
best hosting for podcasts,best hosting for podcasts​,n/a,n/a,0,20,,n/a,n/a,n/a,4.64,0.22,n/a,n/a,"For metrics, refresh"
best hosting for portfolio site,best hosting for portfolio site​,n/a,n/a,0,20,,n/a,n/a,n/a,11.29,0.95,n/a,n/a,"For metrics, refresh"
best hosting for portfolio website,best hosting for portfolio website​,n/a,n/a,0,20,,n/a,n/a,n/a,6.51,0.35,n/a,n/a,"For metrics, refresh"
best hosting for python flask,best hosting for python flask​,n/a,n/a,0,20,,n/a,n/a,n/a,0.00,0.00,n/a,n/a,"For metrics, refresh"
best hosting for rapidweaver,best hosting for rapidweaver​,n/a,n/a,0,20,,n/a,n/a,n/a,0.00,0.12,n/a,n/a,"For metrics, refresh"
best hosting for react app,best hosting for react app​,n/a,n/a,0,20,,n/a,n/a,n/a,4.81,0.57,n/a,n/a,"For metrics, refresh"
best hosting for react website,best hosting for react website​,n/a,n/a,0,20,,n/a,n/a,n/a,4.93,1.00,n/a,n/a,"For metrics, refresh"
best hosting for seo performance 2025,best hosting for seo performance 2025​,n/a,n/a,0,20,,n/a,n/a,n/a,0.00,0.00,n/a,n/a,"For metrics, refresh"
best hosting for shopify,best hosting for shopify​,n/a,n/a,0,20,,n/a,n/a,n/a,0.00,0.12,n/a,n/a,"For metrics, refresh"
best hosting for shopping cart,best hosting for shopping cart​,n/a,n/a,0,20,,n/a,n/a,n/a,0.00,1.00,n/a,n/a,"For metrics, refresh"
best hosting for small website,best hosting for small website​,n/a,n/a,0,20,,n/a,n/a,n/a,11.30,0.32,n/a,n/a,"For metrics, refresh"
best hosting for squarespace,best hosting for squarespace​,n/a,n/a,0,20,,n/a,n/a,n/a,0.00,0.33,n/a,n/a,"For metrics, refresh"
best hosting for startup,best hosting for startup​,n/a,n/a,0,20,,n/a,n/a,n/a,8.68,0.22,n/a,n/a,"For metrics, refresh"
best hosting for streaming video,best hosting for streaming video​,n/a,n/a,0,20,,n/a,n/a,n/a,0.00,0.86,n/a,n/a,"For metrics, refresh"
best hosting for tomcat,best hosting for tomcat​,n/a,n/a,0,20,,n/a,n/a,n/a,0.00,0.33,n/a,n/a,"For metrics, refresh"
best hosting for traffic spikes,best hosting for traffic spikes​,n/a,n/a,0,20,,n/a,n/a,n/a,0.00,0.00,n/a,n/a,"For metrics, refresh"
best hosting for travel blog,best hosting for travel blog​,n/a,n/a,0,20,,n/a,n/a,n/a,0.00,0.33,n/a,n/a,"For metrics, refresh"
best hosting for umbraco,best hosting for umbraco​,n/a,n/a,0,20,,n/a,n/a,n/a,0.00,0.33,n/a,n/a,"For metrics, refresh"
best hosting for web application,best hosting for web application​,n/a,n/a,0,20,,n/a,n/a,n/a,11.54,0.41,n/a,n/a,"For metrics, refresh"
best hosting for web apps,best hosting for web apps​,n/a,n/a,0,20,,n/a,n/a,n/a,0.00,0.71,n/a,n/a,"For metrics, refresh"
best hosting for web components global edge caching,best hosting for web components global edge caching​,n/a,n/a,0,20,,n/a,n/a,n/a,0.00,0.00,n/a,n/a,"For metrics, refresh"
best hosting for web designers,best hosting for web designers​,n/a,n/a,0,20,,n/a,n/a,n/a,0.00,0.00,n/a,n/a,"For metrics, refresh"
best hosting for web designers catswhocode,best hosting for web designers catswhocode​,n/a,n/a,0,20,,n/a,n/a,n/a,0.00,0.33,n/a,n/a,"For metrics, refresh"
best hosting for webflow,best hosting for webflow​,n/a,n/a,0,20,,n/a,n/a,n/a,0.00,0.00,n/a,n/a,"For metrics, refresh"
best hosting for websites catswhocode,best hosting for websites catswhocode​,n/a,n/a,0,20,,n/a,n/a,n/a,0.00,0.33,n/a,n/a,"For metrics, refresh"
best hosting for wix,best hosting for wix​,n/a,n/a,0,20,,n/a,n/a,n/a,0.00,0.00,n/a,n/a,"For metrics, refresh"
best hosting for woocommerce reddit,best hosting for woocommerce reddit​,n/a,n/a,0,20,,n/a,n/a,n/a,0.00,0.66,n/a,n/a,"For metrics, refresh"
best hosting for wordpress 2020,best hosting for wordpress 2020​,n/a,n/a,0,20,,n/a,n/a,n/a,0.00,0.33,n/a,n/a,"For metrics, refresh"
best hosting for wordpress 2022,best hosting for wordpress 2022​,n/a,n/a,0,20,,n/a,n/a,n/a,0.00,0.00,n/a,n/a,"For metrics, refresh"
best hosting for wordpress conversion,best hosting for wordpress conversion​,n/a,n/a,0,20,,n/a,n/a,n/a,0.00,0.33,n/a,n/a,"For metrics, refresh"
best hosting for wordpress ecommerce sites,best hosting for wordpress ecommerce sites​,n/a,n/a,0,20,,n/a,n/a,n/a,0.00,0.00,n/a,n/a,"For metrics, refresh"
best hosting for wordpress in europe,best hosting for wordpress in europe​,n/a,n/a,0,20,,n/a,n/a,n/a,0.00,0.33,n/a,n/a,"For metrics, refresh"
best hosting for wordpress multisite,best hosting for wordpress multisite​,n/a,n/a,0,20,,n/a,n/a,n/a,48.09,0.08,n/a,n/a,"For metrics, refresh"
best hosting for wordpress themes,best hosting for wordpress themes​,n/a,n/a,0,20,,n/a,n/a,n/a,0.00,0.00,n/a,n/a,"For metrics, refresh"
best hosting for wordpress uk,best hosting for wordpress uk​,n/a,n/a,0,20,,n/a,n/a,n/a,0.00,0.02,n/a,n/a,"For metrics, refresh"
best hosting for wordpress.org,best hosting for wordpress.org​,n/a,n/a,0,20,,n/a,n/a,n/a,32.46,0.27,n/a,n/a,"For metrics, refresh"
best hosting for your website,best hosting for your website​,n/a,n/a,0,20,,n/a,n/a,n/a,0.00,0.33,n/a,n/a,"For metrics, refresh"
best hosting in india for wordpress,best hosting in india for wordpress​,n/a,n/a,0,20,,n/a,n/a,n/a,0.00,0.00,n/a,n/a,"For metrics, refresh"
best hosting options for wordpress,best hosting options for wordpress​,n/a,n/a,0,20,,n/a,n/a,n/a,72.33,0.25,n/a,n/a,"For metrics, refresh"
best hosting plan for website,best hosting plan for website​,n/a,n/a,0,20,,n/a,n/a,n/a,0.00,0.82,n/a,n/a,"For metrics, refresh"
best hosting plans for small business,best hosting plans for small business​,n/a,n/a,0,20,,n/a,n/a,n/a,0.00,0.00,n/a,n/a,"For metrics, refresh"
best hosting platform for ecommerce,best hosting platform for ecommerce​,n/a,n/a,0,20,,n/a,n/a,n/a,0.00,0.00,n/a,n/a,"For metrics, refresh"
best hosting platform for podcast,best hosting platform for podcast​,n/a,n/a,0,20,,n/a,n/a,n/a,13.90,0.40,n/a,n/a,"For metrics, refresh"
best hosting platforms for uptime,best hosting platforms for uptime​,n/a,n/a,0,20,,n/a,n/a,n/a,0.00,0.00,n/a,n/a,"For metrics, refresh"
best hosting platforms for websites,best hosting platforms for websites​,n/a,n/a,0,20,,n/a,n/a,n/a,17.30,0.55,n/a,n/a,"For metrics, refresh"
best hosting provider for small business,best hosting provider for small business​,n/a,n/a,0,20,,n/a,n/a,n/a,0.00,0.43,n/a,n/a,"For metrics, refresh"
best hosting provider for website,best hosting provider for website​,n/a,n/a,0,20,,n/a,n/a,n/a,0.00,0.86,n/a,n/a,"For metrics, refresh"
best hosting provider for wordpress in india,best hosting provider for wordpress in india​,n/a,n/a,0,20,,n/a,n/a,n/a,0.00,0.33,n/a,n/a,"For metrics, refresh"
best hosting providers for wordpress,best hosting providers for wordpress​,n/a,n/a,0,20,,n/a,n/a,n/a,41.96,0.42,n/a,n/a,"For metrics, refresh"
best hosting service for minecraft server,best hosting service for minecraft server​,n/a,n/a,0,20,,n/a,n/a,n/a,2.58,0.78,n/a,n/a,"For metrics, refresh"
best hosting service for modded minecraft,best hosting service for modded minecraft​,n/a,n/a,0,20,,n/a,n/a,n/a,3.02,0.59,n/a,n/a,"For metrics, refresh"
best hosting service for palworld,best hosting service for palworld​,n/a,n/a,0,20,,n/a,n/a,n/a,0.00,0.60,n/a,n/a,"For metrics, refresh"
best hosting service for react app,best hosting service for react app​,n/a,n/a,0,20,,n/a,n/a,n/a,0.00,0.00,n/a,n/a,"For metrics, refresh"
best hosting service for wordpress 2017,best hosting service for wordpress 2017​,n/a,n/a,0,20,,n/a,n/a,n/a,0.00,0.00,n/a,n/a,"For metrics, refresh"
best hosting services for law firm websites,best hosting services for law firm websites​,n/a,n/a,0,20,,n/a,n/a,n/a,0.00,0.00,n/a,n/a,"For metrics, refresh"
best hosting services for websites,best hosting services for websites​,n/a,n/a,0,20,,n/a,n/a,n/a,11.61,0.82,n/a,n/a,"For metrics, refresh"
best hosting site for palworld,best hosting site for palworld​,n/a,n/a,0,20,,n/a,n/a,n/a,0.00,1.00,n/a,n/a,"For metrics, refresh"
best hosting site for podcast,best hosting site for podcast​,n/a,n/a,0,20,,n/a,n/a,n/a,12.72,0.52,n/a,n/a,"For metrics, refresh"
best hosting sites for podcasts,best hosting sites for podcasts​,n/a,n/a,0,20,,n/a,n/a,n/a,6.83,0.93,n/a,n/a,"For metrics, refresh"
best hosting sites for web developers,best hosting sites for web developers​,n/a,n/a,0,20,,n/a,n/a,n/a,0.00,0.86,n/a,n/a,"For metrics, refresh"
best hosting sites for wordpress 2015,best hosting sites for wordpress 2015​,n/a,n/a,0,20,,n/a,n/a,n/a,0.00,0.00,n/a,n/a,"For metrics, refresh"
best hosting sites for wordpress 2016,best hosting sites for wordpress 2016​,n/a,n/a,0,20,,n/a,n/a,n/a,0.00,0.00,n/a,n/a,"For metrics, refresh"
best hosting sites for wordpress 2017,best hosting sites for wordpress 2017​,n/a,n/a,0,20,,n/a,n/a,n/a,0.00,0.00,n/a,n/a,"For metrics, refresh"
best hosting sites for wordpress reddit,best hosting sites for wordpress reddit​,n/a,n/a,0,20,,n/a,n/a,n/a,7.68,0.63,n/a,n/a,"For metrics, refresh"
best hosting solution for wordpress,best hosting solution for wordpress​,n/a,n/a,0,20,,n/a,n/a,n/a,12.69,0.00,n/a,n/a,"For metrics, refresh"
best hosting websites for small business,best hosting websites for small business​,n/a,n/a,0,20,,n/a,n/a,n/a,12.25,0.35,n/a,n/a,"For metrics, refresh"
best hosts for wordpress sites,best hosts for wordpress sites​,n/a,n/a,0,20,,n/a,n/a,n/a,25.91,0.31,n/a,n/a,"For metrics, refresh"
best image host for reddit,best image host for reddit​,n/a,n/a,0,20,,n/a,n/a,n/a,0.00,0.06,n/a,n/a,"For metrics, refresh"
best image hosting for ebay,best image hosting for ebay​,n/a,n/a,0,20,,n/a,n/a,n/a,0.00,0.21,n/a,n/a,"For metrics, refresh"
best image hosting for forums,best image hosting for forums​,n/a,n/a,0,20,,n/a,n/a,n/a,0.00,0.33,n/a,n/a,"For metrics, refresh"
best image hosting for reddit,best image hosting for reddit​,n/a,n/a,0,20,,n/a,n/a,n/a,0.00,0.06,n/a,n/a,"For metrics, refresh"
best image hosting site for forums,best image hosting site for forums​,n/a,n/a,0,20,,n/a,n/a,n/a,0.00,0.33,n/a,n/a,"For metrics, refresh"
best image hosting site for photographers,best image hosting site for photographers​,n/a,n/a,0,20,,n/a,n/a,n/a,4.77,0.93,n/a,n/a,"For metrics, refresh"
best image hosting site for reddit,best image hosting site for reddit​,n/a,n/a,0,20,,n/a,n/a,n/a,0.00,0.33,n/a,n/a,"For metrics, refresh"
best insecticide for hostas,best insecticide for hostas​,n/a,n/a,0,20,,n/a,n/a,n/a,0.00,0.93,n/a,n/a,"For metrics, refresh"
best insurance for airbnb hosts reddit,best insurance for airbnb hosts reddit​,n/a,n/a,0,20,,n/a,n/a,n/a,0.00,0.86,n/a,n/a,"For metrics, refresh"
best insurance for turo hosts reddit,best insurance for turo hosts reddit​,n/a,n/a,0,20,,n/a,n/a,n/a,7.92,0.61,n/a,n/a,"For metrics, refresh"
best investor relations platform for hosting earnings calls,best investor relations platform for hosting earnings calls​,n/a,n/a,0,20,,n/a,n/a,n/a,0.00,0.00,n/a,n/a,"For metrics, refresh"
best investor relations platforms for hosting earnings calls 2025 2026,best investor relations platforms for hosting earnings calls 2025 2026​,n/a,n/a,0,20,,n/a,n/a,n/a,0.00,0.00,n/a,n/a,"For metrics, refresh"
best items for hosting,best items for hosting​,n/a,n/a,0,20,,n/a,n/a,n/a,0.00,0.93,n/a,n/a,"For metrics, refresh"
best landing page builders for hosting companies,best landing page builders for hosting companies​,n/a,n/a,0,20,,n/a,n/a,n/a,0.00,0.00,n/a,n/a,"For metrics, refresh"
best landing page builders for web hosting companies,best landing page builders for web hosting companies​,n/a,n/a,0,20,,n/a,n/a,n/a,0.00,0.00,n/a,n/a,"For metrics, refresh"
best laptop for hosting zoom meetings,best laptop for hosting zoom meetings​,n/a,n/a,0,20,,n/a,n/a,n/a,0.52,0.93,n/a,n/a,"For metrics, refresh"
best light for hostas,best light for hostas​,n/a,n/a,0,20,,n/a,n/a,n/a,0.00,0.00,n/a,n/a,"For metrics, refresh"
best linux distribution for web hosting,best linux distribution for web hosting​,n/a,n/a,0,20,,n/a,n/a,n/a,0.00,0.17,n/a,n/a,"For metrics, refresh"
best linux distro for docker host,best linux distro for docker host​,n/a,n/a,0,20,,n/a,n/a,n/a,0.00,0.33,n/a,n/a,"For metrics, refresh"
best linux distro for game server hosting,best linux distro for game server hosting​,n/a,n/a,0,20,,n/a,n/a,n/a,0.00,0.02,n/a,n/a,"For metrics, refresh"
best linux distro for hosting,best linux distro for hosting​,n/a,n/a,0,20,,n/a,n/a,n/a,0.00,0.33,n/a,n/a,"For metrics, refresh"
best linux distro for hosting virtual machines,best linux distro for hosting virtual machines​,n/a,n/a,0,20,,n/a,n/a,n/a,0.00,0.00,n/a,n/a,"For metrics, refresh"
best linux distro for kvm host,best linux distro for kvm host​,n/a,n/a,0,20,,n/a,n/a,n/a,0.00,0.05,n/a,n/a,"For metrics, refresh"
best linux distro for self hosting,best linux distro for self hosting​,n/a,n/a,0,20,,n/a,n/a,n/a,0.00,0.02,n/a,n/a,"For metrics, refresh"
best linux distro for virtual machine host,best linux distro for virtual machine host​,n/a,n/a,0,20,,n/a,n/a,n/a,0.00,0.33,n/a,n/a,"For metrics, refresh"
best linux distro for virtualbox host,best linux distro for virtualbox host​,n/a,n/a,0,20,,n/a,n/a,n/a,0.00,0.33,n/a,n/a,"For metrics, refresh"
best linux distro for virtualization host,best linux distro for virtualization host​,n/a,n/a,0,20,,n/a,n/a,n/a,0.00,0.00,n/a,n/a,"For metrics, refresh"
best linux distro for vm host,best linux distro for vm host​,n/a,n/a,0,20,,n/a,n/a,n/a,0.00,0.33,n/a,n/a,"For metrics, refresh"
best linux distro for web hosting,best linux distro for web hosting​,n/a,n/a,0,20,,n/a,n/a,n/a,0.00,0.01,n/a,n/a,"For metrics, refresh"
best linux for docker host,best linux for docker host​,n/a,n/a,0,20,,n/a,n/a,n/a,0.00,0.33,n/a,n/a,"For metrics, refresh"
best linux for server hosting,best linux for server hosting​,n/a,n/a,0,20,,n/a,n/a,n/a,7.61,0.12,n/a,n/a,"For metrics, refresh"
best linux for virtualbox host,best linux for virtualbox host​,n/a,n/a,0,20,,n/a,n/a,n/a,0.00,0.33,n/a,n/a,"For metrics, refresh"
best linux for web hosting,best linux for web hosting​,n/a,n/a,0,20,,n/a,n/a,n/a,11.43,0.05,n/a,n/a,"For metrics, refresh"
best linux host for docker,best linux host for docker​,n/a,n/a,0,20,,n/a,n/a,n/a,0.00,0.33,n/a,n/a,"For metrics, refresh"
best linux host for virtualbox,best linux host for virtualbox​,n/a,n/a,0,20,,n/a,n/a,n/a,0.00,0.33,n/a,n/a,"For metrics, refresh"
best linux os for docker host,best linux os for docker host​,n/a,n/a,0,20,,n/a,n/a,n/a,0.00,0.33,n/a,n/a,"For metrics, refresh"
best linux os for server hosting,best linux os for server hosting​,n/a,n/a,0,20,,n/a,n/a,n/a,7.61,0.12,n/a,n/a,"For metrics, refresh"
best linux server for web hosting,best linux server for web hosting​,n/a,n/a,0,20,,n/a,n/a,n/a,7.61,0.12,n/a,n/a,"For metrics, refresh"
best llm for self hosting,best llm for self hosting​,n/a,n/a,0,20,,n/a,n/a,n/a,0.00,0.33,n/a,n/a,"For metrics, refresh"
best lms hosting for online courses 2026,best lms hosting for online courses 2026​,n/a,n/a,0,20,,n/a,n/a,n/a,0.00,0.00,n/a,n/a,"For metrics, refresh"
best locally hosted llm for coding,best locally hosted llm for coding​,n/a,n/a,0,20,,n/a,n/a,n/a,5.99,0.37,n/a,n/a,"For metrics, refresh"
best location for hostas,best location for hostas​,n/a,n/a,0,20,,n/a,n/a,n/a,0.00,0.00,n/a,n/a,"For metrics, refresh"
best locks for airbnb hosts,best locks for airbnb hosts​,n/a,n/a,0,20,,n/a,n/a,n/a,2.55,1.00,n/a,n/a,"For metrics, refresh"
best male hosts for hotel bachelorette parties in las vegas,best male hosts for hotel bachelorette parties in las vegas​,n/a,n/a,0,20,,n/a,n/a,n/a,0.00,0.00,n/a,n/a,"For metrics, refresh"
best managed cloud hosting for high-traffic websites 2025 2026,best managed cloud hosting for high-traffic websites 2025 2026​,n/a,n/a,0,20,,n/a,n/a,n/a,0.00,0.00,n/a,n/a,"For metrics, refresh"
best managed cloud hosting for wordpress,best managed cloud hosting for wordpress​,n/a,n/a,0,20,,n/a,n/a,n/a,0.00,0.00,n/a,n/a,"For metrics, refresh"
best managed hosting package for high-traffic sites,best managed hosting package for high-traffic sites​,n/a,n/a,0,20,,n/a,n/a,n/a,0.00,0.00,n/a,n/a,"For metrics, refresh"
best managed wordpress hosting for agencies 2026,best managed wordpress hosting for agencies 2026​,n/a,n/a,0,20,,n/a,n/a,n/a,0.00,0.00,n/a,n/a,"For metrics, refresh"
best marketing tools for vacation rental hosts 2025 2026,best marketing tools for vacation rental hosts 2025 2026​,n/a,n/a,0,20,,n/a,n/a,n/a,0.00,0.00,n/a,n/a,"For metrics, refresh"
best mc server hosting for mods,best mc server hosting for mods​,n/a,n/a,0,20,,n/a,n/a,n/a,2.44,0.66,n/a,n/a,"For metrics, refresh"
best meals for hosting,best meals for hosting​,n/a,n/a,0,20,,n/a,n/a,n/a,0.11,0.16,n/a,n/a,"For metrics, refresh"
best meals for hosting dinner,best meals for hosting dinner​,n/a,n/a,0,20,,n/a,n/a,n/a,0.00,0.86,n/a,n/a,"For metrics, refresh"
best meals for hosting friends,best meals for hosting friends​,n/a,n/a,0,20,,n/a,n/a,n/a,0.32,0.20,n/a,n/a,"For metrics, refresh"
best minecraft hosting for modpacks,best minecraft hosting for modpacks​,n/a,n/a,0,20,,n/a,n/a,n/a,1.96,0.71,n/a,n/a,"For metrics, refresh"
best minecraft hosting for mods,best minecraft hosting for mods​,n/a,n/a,0,20,,n/a,n/a,n/a,2.88,0.99,n/a,n/a,"For metrics, refresh"
best minecraft server host for mods,best minecraft server host for mods​,n/a,n/a,0,20,,n/a,n/a,n/a,2.14,0.70,n/a,n/a,"For metrics, refresh"
best minecraft server hosting for custom modpacks,best minecraft server hosting for custom modpacks​,n/a,n/a,0,20,,n/a,n/a,n/a,2.85,0.66,n/a,n/a,"For metrics, refresh"
best minecraft server hosting for free,best minecraft server hosting for free​,n/a,n/a,0,20,,n/a,n/a,n/a,0.00,0.33,n/a,n/a,"For metrics, refresh"
best minecraft server hosting for friends,best minecraft server hosting for friends​,n/a,n/a,0,20,,n/a,n/a,n/a,1.91,0.54,n/a,n/a,"For metrics, refresh"
best minecraft server hosting for mods reddit,best minecraft server hosting for mods reddit​,n/a,n/a,0,20,,n/a,n/a,n/a,2.97,0.28,n/a,n/a,"For metrics, refresh"
best minecraft server hosting for small groups,best minecraft server hosting for small groups​,n/a,n/a,0,20,,n/a,n/a,n/a,1.16,0.66,n/a,n/a,"For metrics, refresh"
best minecraft server hosting for small servers,best minecraft server hosting for small servers​,n/a,n/a,0,20,,n/a,n/a,n/a,0.00,0.33,n/a,n/a,"For metrics, refresh"
best mini pc for server hosting,best mini pc for server hosting​,n/a,n/a,0,20,,n/a,n/a,n/a,0.95,0.89,n/a,n/a,"For metrics, refresh"
best mulch for hosta garden,best mulch for hosta garden​,n/a,n/a,0,20,,n/a,n/a,n/a,0.00,1.00,n/a,n/a,"For metrics, refresh"
best nas for hosting website,best nas for hosting website​,n/a,n/a,0,20,,n/a,n/a,n/a,0.00,0.67,n/a,n/a,"For metrics, refresh"
best nas for web hosting,best nas for web hosting​,n/a,n/a,0,20,,n/a,n/a,n/a,0.00,0.80,n/a,n/a,"For metrics, refresh"
best niches for new web hosting companies usa 2026,best niches for new web hosting companies usa 2026​,n/a,n/a,0,20,,n/a,n/a,n/a,0.00,0.00,n/a,n/a,"For metrics, refresh"
best options for vps hosting,best options for vps hosting​,n/a,n/a,0,20,,n/a,n/a,n/a,0.00,0.00,n/a,n/a,"For metrics, refresh"
best os for docker host,best os for docker host​,n/a,n/a,0,20,,n/a,n/a,n/a,0.00,0.02,n/a,n/a,"For metrics, refresh"
best os for hosting game servers,best os for hosting game servers​,n/a,n/a,0,20,,n/a,n/a,n/a,0.00,0.33,n/a,n/a,"For metrics, refresh"
best os for hosting minecraft server,best os for hosting minecraft server​,n/a,n/a,0,20,,n/a,n/a,n/a,0.00,0.02,n/a,n/a,"For metrics, refresh"
best os for minecraft server hosting,best os for minecraft server hosting​,n/a,n/a,0,20,,n/a,n/a,n/a,0.00,0.33,n/a,n/a,"For metrics, refresh"
best os for self hosting,best os for self hosting​,n/a,n/a,0,20,,n/a,n/a,n/a,0.00,0.01,n/a,n/a,"For metrics, refresh"
best os for server hosting,best os for server hosting​,n/a,n/a,0,20,,n/a,n/a,n/a,0.00,0.08,n/a,n/a,"For metrics, refresh"
best panel for shared hosting,best panel for shared hosting​,n/a,n/a,0,20,,n/a,n/a,n/a,0.00,0.00,n/a,n/a,"For metrics, refresh"
best patio setup ideas for hosting parties 2025 2026,best patio setup ideas for hosting parties 2025 2026​,n/a,n/a,0,20,,n/a,n/a,n/a,0.00,0.00,n/a,n/a,"For metrics, refresh"
best pesticide for hostas,best pesticide for hostas​,n/a,n/a,0,20,,n/a,n/a,n/a,0.00,1.00,n/a,n/a,"For metrics, refresh"
best ph for hostas,best ph for hostas​,n/a,n/a,0,20,,n/a,n/a,n/a,0.00,0.33,n/a,n/a,"For metrics, refresh"
best photo hosting for ebay,best photo hosting for ebay​,n/a,n/a,0,20,,n/a,n/a,n/a,0.00,0.21,n/a,n/a,"For metrics, refresh"