Select all keywords,Keyword,Intent,Relevance,Related %,Volume,Trend,Pot. Traffic,PKD %,KD %,CPC (USD),Com.,SERP Features,Results,Updated
best website builders for small business,best website builders for small business​,C,n/a,0,"14,800",,n/a,n/a,69,13.23,0.84,+3,144,3 weeks
best website builder for small business,best website builder for small business​,C,n/a,0,"5,400",,n/a,n/a,67,14.60,0.85,+2,136,4 weeks
website builder for small business,website builder for small business​,IC,n/a,0,"3,600",,n/a,n/a,48,13.51,0.44,+2,140,1 month
making a website for a small business,making a website for a small business​,IC,n/a,0,"2,900",,n/a,n/a,57,13.51,0.44,+4,180,3 weeks
website design for small business,website design for small business​,IC,n/a,0,"1,900",,n/a,n/a,57,13.33,0.25,+3,160,1 month
website designers for small business,website designers for small business​,C,n/a,0,"1,900",,n/a,n/a,40,18.62,0.51,,165,4 weeks
wix website builder for small business,wix website builder for small business​,IT,n/a,0,"1,900",,n/a,n/a,59,0.00,0.00,,10.2M,1 month
website builders for small business,website builders for small business​,C,n/a,0,"1,600",,n/a,n/a,46,13.51,0.44,,149,1 month
website developers for small business,website developers for small business​,C,n/a,0,"1,600",,n/a,n/a,54,13.33,0.25,,174,1 month
free website builder for small business,free website builder for small business​,C,n/a,0,"1,300",,n/a,n/a,74,10.05,0.84,,1.3B,1 month
average cost of website design for small business,average cost of website design for small business​,IC,n/a,0,"1,000",,n/a,n/a,31,5.02,0.59,,492M,1 month
best free website builder for small business,best free website builder for small business​,C,n/a,0,"1,000",,n/a,n/a,84,7.41,0.85,+3,296M,1 month
best website hosting for small business,best website hosting for small business​,C,n/a,0,"1,000",,n/a,n/a,80,14.41,0.83,+2,346M,1 month
website for small business,website for small business​,IC,n/a,0,"1,000",,n/a,n/a,66,10.01,0.58,,3.3B,1 month
best website design companies for small business,best website design companies for small business​,C,n/a,0,720,,n/a,n/a,31,16.63,0.23,+2,168,1 month
best website for small business,best website for small business​,C,n/a,0,720,,n/a,n/a,69,12.51,0.79,,1.5B,1 month
free website for small business,free website for small business​,IC,n/a,0,720,,n/a,n/a,76,8.37,0.88,+2,3.7B,1 month
free websites for small business,free websites for small business​,I,n/a,0,720,,n/a,n/a,72,8.37,0.88,,862M,1 month
seo for small business website,seo for small business website​,I,n/a,0,720,,n/a,n/a,53,0.00,0.02,,169M,1 month
website creator for small business,website creator for small business​,IC,n/a,0,720,,n/a,n/a,73,12.73,0.83,,562M,1 month
website for small businesses,website for small businesses​,IC,n/a,0,720,,n/a,n/a,59,10.01,0.58,,993M,1 month
website maker for small business,website maker for small business​,IC,n/a,0,720,,n/a,n/a,100,13.51,0.44,,704M,1 month
websites for small business,websites for small business​,C,n/a,0,720,,n/a,n/a,53,10.01,0.58,+2,983M,1 month
best website builders for small businesses,best website builders for small businesses​,C,n/a,0,590,,n/a,n/a,45,14.60,0.85,+2,1.2B,1 month
best website provider for small business,best website provider for small business​,C,n/a,0,590,,n/a,n/a,33,12.68,0.60,,159,1 month
create website for small business,create website for small business​,C,n/a,0,590,,n/a,n/a,76,12.73,0.83,,166,1 month
professional website design company for small businesses,professional website design company for small businesses​,n/a,n/a,0,590,,n/a,n/a,n/a,0.00,0.00,n/a,n/a,"For metrics, refresh"
website design companies for small businesses,website design companies for small businesses​,C,n/a,0,590,,n/a,n/a,30,17.30,0.14,,2.5B,1 month
website development cost for small business shops freelancer rates,website development cost for small business shops freelancer rates​,n/a,n/a,0,590,,n/a,n/a,n/a,0.00,0.00,n/a,n/a,"For metrics, refresh"
website hosting services for small business,website hosting services for small business​,C,n/a,0,590,,n/a,n/a,70,12.59,0.31,+2,447M,1 month
best host for small business website,best host for small business website​,C,n/a,0,480,,n/a,n/a,31,12.68,0.60,,127,1 month
best websites for small business,best websites for small business​,C,n/a,0,480,,n/a,n/a,44,12.51,0.79,+3,790M,1 month
easy website builder for small business,easy website builder for small business​,IC,n/a,0,480,,n/a,n/a,61,11.20,0.77,+3,840M,1 month
making websites for small businesses,making websites for small businesses​,I,n/a,0,480,,n/a,n/a,75,12.73,0.83,,973M,1 month
website hosting for small business,website hosting for small business​,C,n/a,0,480,,n/a,n/a,86,12.59,0.31,+2,424M,1 month
affordable website design for small businesses,affordable website design for small businesses​,C,n/a,0,390,,n/a,n/a,41,13.02,0.12,+2,368M,1 month
affordable websites for small business,affordable websites for small business​,IC,n/a,0,390,,n/a,n/a,33,11.46,0.67,,295M,1 month
affordable websites for small businesses,affordable websites for small businesses​,C,n/a,0,390,,n/a,n/a,37,11.46,0.67,,405M,1 month
best ecommerce website builder for small business,best ecommerce website builder for small business​,C,n/a,0,390,,n/a,n/a,57,10.15,0.51,,137M,1 month
cheap websites for small business,cheap websites for small business​,C,n/a,0,390,,n/a,n/a,42,11.46,0.67,+2,714M,1 month
inexpensive website design for small business,inexpensive website design for small business​,IC,n/a,0,390,,n/a,n/a,44,13.02,0.12,+2,452M,1 month
website building for small business,website building for small business​,C,n/a,0,390,,n/a,n/a,69,13.51,0.44,+3,161,4 weeks
website creation for small business,website creation for small business​,IC,n/a,0,390,,n/a,n/a,72,12.73,0.83,,661M,1 month
website design companies for small business,website design companies for small business​,C,n/a,0,390,,n/a,n/a,30,17.30,0.14,,169,1 month
website design for small businesses,website design for small businesses​,C,n/a,0,390,,n/a,n/a,41,13.33,0.25,,1.9B,1 month
website designer for small business,website designer for small business​,C,n/a,0,390,,n/a,n/a,63,18.62,0.51,,1.5B,1 month
website development for small business,website development for small business​,IC,n/a,0,390,,n/a,n/a,62,17.30,0.14,,2.8B,1 month
website packages for small business,website packages for small business​,C,n/a,0,390,,n/a,n/a,39,8.38,0.12,,2.2B,1 month
websites for small businesses,websites for small businesses​,C,n/a,0,390,,n/a,n/a,47,10.01,0.58,,892M,1 month
what is the best website builder for small business,what is the best website builder for small business​,C,n/a,0,390,,n/a,n/a,48,22.89,0.67,,135,1 month
best website host for small business,best website host for small business​,C,n/a,0,320,,n/a,n/a,84,12.68,0.60,+2,432M,1 month
build websites for small businesses,build websites for small businesses​,I,n/a,0,320,,n/a,n/a,78,13.51,0.44,+3,461M,1 month
easiest website builder for small business,easiest website builder for small business​,IC,n/a,0,320,,n/a,n/a,61,16.41,0.79,+2,229M,1 month
how to build a website for a small business,how to build a website for a small business​,I,n/a,0,320,,n/a,n/a,71,7.75,0.72,,1.1B,1 month
how to make a website for a small business,how to make a website for a small business​,I,n/a,0,320,,n/a,n/a,87,7.75,0.72,+2,1.4B,1 month
how to make a website for small business,how to make a website for small business​,I,n/a,0,320,,n/a,n/a,74,7.75,0.72,+3,2.7B,1 month
inexpensive websites for small businesses,inexpensive websites for small businesses​,IC,n/a,0,320,,n/a,n/a,32,11.46,0.67,+2,66.5M,1 month
website design company for small business,website design company for small business​,C,n/a,0,320,,n/a,n/a,31,17.30,0.14,,1.1B,1 month
website design services for small business,website design services for small business​,C,n/a,0,320,,n/a,n/a,28,12.96,0.16,,168,1 month
website designers for small businesses,website designers for small businesses​,C,n/a,0,320,,n/a,n/a,25,18.62,0.51,+2,1.4B,1 month
website development for small businesses,website development for small businesses​,IC,n/a,0,320,,n/a,n/a,49,17.30,0.14,,1.4B,1 month
website management for small business,website management for small business​,IC,n/a,0,320,,n/a,n/a,14,11.85,0.27,,1.3B,1 month
best website builder for small businesses,best website builder for small businesses​,C,n/a,0,260,,n/a,n/a,64,14.60,0.85,+3,137,4 weeks
best website designers for small business,best website designers for small business​,C,n/a,0,260,,n/a,n/a,22,14.14,0.71,+2,156,1 month
best website hosting for small businesses 2026,best website hosting for small businesses 2026​,n/a,n/a,0,260,,n/a,n/a,n/a,0.00,0.00,n/a,n/a,"For metrics, refresh"
best website platform for small business,best website platform for small business​,C,n/a,0,260,,n/a,n/a,46,16.56,0.78,+2,1B,1 month
creating website for small business,creating website for small business​,IC,n/a,0,260,,n/a,n/a,75,12.73,0.83,+2,162,1 month
top website builders for small business,top website builders for small business​,IC,n/a,0,260,,n/a,n/a,47,14.60,0.85,+2,157M,1 month
website design for a small business,website design for a small business​,I,n/a,0,260,,n/a,n/a,51,13.33,0.25,,168,1 month
website designs for small business,website designs for small business​,C,n/a,0,260,,n/a,n/a,28,13.33,0.25,+2,226M,1 month
website services for small businesses,website services for small businesses​,C,n/a,0,260,,n/a,n/a,57,10.85,0.29,,2.4B,1 month
affordable website design for small business,affordable website design for small business​,IC,n/a,0,210,,n/a,n/a,23,13.02,0.12,,10.2M,1 month
best hosting for small business website,best hosting for small business website​,C,n/a,0,210,,n/a,n/a,65,12.68,0.60,,372M,1 month
best website builder for small business free,best website builder for small business free​,C,n/a,0,210,,n/a,n/a,75,7.41,0.85,,1.4B,1 month
best website creator for small business,best website creator for small business​,C,n/a,0,210,,n/a,n/a,59,17.15,0.85,+2,154,1 month
best website design for small business,best website design for small business​,C,n/a,0,210,,n/a,n/a,50,13.13,0.65,+2,1.2B,1 month
best websites builder for small business,best websites builder for small business​,C,n/a,0,210,,n/a,n/a,53,14.60,0.85,+4,202M,1 month
developing websites for small businesses,developing websites for small businesses​,IC,n/a,0,210,,n/a,n/a,67,16.55,0.09,,1.7B,1 month
fiverr services for local small business website marketing under $500,fiverr services for local small business website marketing under $500​,I,n/a,0,210,,n/a,n/a,32,0.00,0.00,,156,1 month
free website maker for small business,free website maker for small business​,I,n/a,0,210,,n/a,n/a,100,10.05,0.84,+3,545M,1 month
full service website design and management for small business,full service website design and management for small business​,I,n/a,0,210,,n/a,n/a,30,11.85,0.27,,647M,1 month
full service website design and management for small businesses,full service website design and management for small businesses​,I,n/a,0,210,,n/a,n/a,17,11.85,0.27,,188,1 month
how to build website for small business,how to build website for small business​,I,n/a,0,210,,n/a,n/a,77,7.75,0.72,+3,1.2B,1 month
website builders for small businesses,website builders for small businesses​,C,n/a,0,210,,n/a,n/a,67,13.51,0.44,+3,168M,1 month
website designers for small business near me,website designers for small business near me​,T,n/a,0,210,,n/a,n/a,26,18.08,0.71,,2.1B,1 month
website maintenance for small business,website maintenance for small business​,I,n/a,0,210,,n/a,n/a,11,0.00,0.05,,610M,1 month
affordable website for small business,affordable website for small business​,IC,n/a,0,170,,n/a,n/a,43,11.46,0.67,,570M,1 month
best website builder for a small business,best website builder for a small business​,C,n/a,0,170,,n/a,n/a,65,14.60,0.85,+2,320M,1 month
cheapest website hosting for small business,cheapest website hosting for small business​,C,n/a,0,170,,n/a,n/a,67,10.67,0.78,+2,109M,1 month
free shipping label websites for small business,free shipping label websites for small business​,I,n/a,0,170,,n/a,n/a,16,0.00,0.00,+2,174,4 weeks
make a website for small business,make a website for small business​,C,n/a,0,170,,n/a,n/a,73,12.73,0.83,,2.8B,1 month
seo for small business websites,seo for small business websites​,I,n/a,0,170,,n/a,n/a,37,0.00,0.02,,184M,1 month
small business for sale websites,small business for sale websites​,T,n/a,0,170,,n/a,n/a,56,0.64,0.51,,149,1 month
virtual hr services for small businesses official website,virtual hr services for small businesses official website​,n/a,n/a,0,170,,n/a,n/a,n/a,0.00,0.00,n/a,n/a,"For metrics, refresh"
website costs for small business,website costs for small business​,IC,n/a,0,170,,n/a,n/a,18,4.89,0.58,,918M,1 month
website design for small business near me,website design for small business near me​,T,n/a,0,170,,n/a,n/a,12,0.00,0.07,,1.5B,1 month
website design tips for small business,website design tips for small business​,I,n/a,0,170,,n/a,n/a,45,3.83,0.34,+2,467M,1 month
website management services for small businesses,website management services for small businesses​,I,n/a,0,170,,n/a,n/a,25,11.85,0.27,,2.1B,1 month
best free website for small business,best free website for small business​,C,n/a,0,140,,n/a,n/a,87,7.42,0.87,+3,2.2B,1 month
best website developers for small business,best website developers for small business​,C,n/a,0,140,,n/a,n/a,43,13.13,0.65,,167,1 month
best website for small businesses,best website for small businesses​,C,n/a,0,140,,n/a,n/a,47,12.51,0.79,+2,144,1 month
best website hosting services for small business,best website hosting services for small business​,C,n/a,0,140,,n/a,n/a,69,12.68,0.60,+3,806M,1 month
booking websites for small business,booking websites for small business​,I,n/a,0,140,,n/a,n/a,84,16.29,0.73,,248M,1 month
cheap website design for small business,cheap website design for small business​,IC,n/a,0,140,,n/a,n/a,37,16.78,0.23,,1.7B,1 month
cheapest website builder for small business,cheapest website builder for small business​,C,n/a,0,140,,n/a,n/a,46,11.26,0.77,,476M,1 month
free website creator for small business,free website creator for small business​,IC,n/a,0,140,,n/a,n/a,100,10.05,0.84,,139,1 month
how much does a website cost for a small business,how much does a website cost for a small business​,I,n/a,0,140,,n/a,n/a,28,4.63,0.45,,1.6B,1 month
how to start a website for a small business,how to start a website for a small business​,I,n/a,0,140,,n/a,n/a,59,8.32,0.74,+3,2.8B,1 month
oregon website designers for small business,oregon website designers for small business​,n/a,n/a,0,140,,n/a,n/a,n/a,0.00,0.00,n/a,n/a,"For metrics, refresh"
professional website management for small business,professional website management for small business​,I,n/a,0,140,,n/a,n/a,8,0.00,0.00,,1.7B,1 month
website cost for small business,website cost for small business​,I,n/a,0,140,,n/a,n/a,11,4.89,0.58,,1.4B,1 month
website design and hosting for small business,website design and hosting for small business​,IC,n/a,0,140,,n/a,n/a,66,16.07,0.53,,172,1 month
website management services for small business,website management services for small business​,I,n/a,0,140,,n/a,n/a,22,11.85,0.27,,1.4B,1 month
benefits of a website for small business,benefits of a website for small business​,I,n/a,0,110,,n/a,n/a,44,6.80,0.20,,1.3B,1 month
benefits of having a website for small business,benefits of having a website for small business​,I,n/a,0,110,,n/a,n/a,31,0.00,0.19,,151,1 month
best platform for small business website,best platform for small business website​,C,n/a,0,110,,n/a,n/a,57,16.56,0.78,,154,1 month
best website builder and hosting for small business,best website builder and hosting for small business​,C,n/a,0,110,,n/a,n/a,45,349.11,0.55,+3,355M,1 month
best website hosts for small business,best website hosts for small business​,C,n/a,0,110,,n/a,n/a,41,12.68,0.60,+2,126,1 month
building a website for small business,building a website for small business​,IC,n/a,0,110,,n/a,n/a,73,13.51,0.44,+3,1.3B,1 month
building website for small business,building website for small business​,IC,n/a,0,110,,n/a,n/a,73,13.51,0.44,,2.2B,1 month
cheapest website for small business,cheapest website for small business​,IC,n/a,0,110,,n/a,n/a,42,11.46,0.67,+2,962M,1 month
companies that build websites for small businesses,companies that build websites for small businesses​,C,n/a,0,110,,n/a,n/a,71,27.67,0.86,+2,550M,1 month
cost of creating a website for a small business,cost of creating a website for a small business​,IC,n/a,0,110,,n/a,n/a,42,4.00,0.46,,1.4B,1 month
create website for small business for free,create website for small business for free​,IC,n/a,0,110,,n/a,n/a,100,10.05,0.84,,1.5B,1 month
custom websites for small businesses,custom websites for small businesses​,IC,n/a,0,110,,n/a,n/a,59,12.09,0.58,+2,414M,1 month
free website hosting for small business,free website hosting for small business​,IC,n/a,0,110,,n/a,n/a,71,7.15,0.65,,143,1 month
full service website design for small businesses,full service website design for small businesses​,I,n/a,0,110,,n/a,n/a,34,0.00,0.33,+4,582M,1 month
how to design a website for a small business,how to design a website for a small business​,I,n/a,0,110,,n/a,n/a,61,7.75,0.72,,1.5B,1 month
how to make a website for my small business,how to make a website for my small business​,I,n/a,0,110,,n/a,n/a,56,12.50,0.58,+3,3.5B,1 month
make a website for a small business,make a website for a small business​,n/a,n/a,0,110,,n/a,n/a,n/a,15.31,0.23,n/a,n/a,"For metrics, refresh"
seo tips for small business websites,seo tips for small business websites​,I,n/a,0,110,,n/a,n/a,32,0.00,0.33,,186M,1 month
the best website builder for small business,the best website builder for small business​,C,n/a,0,110,,n/a,n/a,50,13.34,0.71,+2,331M,1 month
top website builder for small business,top website builder for small business​,IC,n/a,0,110,,n/a,n/a,39,14.60,0.85,,143,1 month
website design and management for small business,website design and management for small business​,IC,n/a,0,110,,n/a,n/a,33,14.99,0.21,,838M,1 month
website design and management for small businesses,website design and management for small businesses​,C,n/a,0,110,,n/a,n/a,45,0.00,0.00,,853M,1 month
website host for small business,website host for small business​,C,n/a,0,110,,n/a,n/a,75,12.59,0.31,,540M,1 month
website platforms for small business,website platforms for small business​,IC,n/a,0,110,,n/a,n/a,68,19.39,0.85,,174,4 weeks
websites for small business owners,websites for small business owners​,C,n/a,0,110,,n/a,n/a,43,11.73,0.93,,255M,1 month
why is a website important for small business,why is a website important for small business​,I,n/a,0,110,,n/a,n/a,34,0.00,0.29,,1.6B,1 month
10 benefits of a website for small business,10 benefits of a website for small business​,I,n/a,0,90,,n/a,n/a,13,0.00,0.43,,162,1 month
benefits of website for small business,benefits of website for small business​,I,n/a,0,90,,n/a,n/a,49,6.80,0.20,,1.2B,1 month
best cms for small business website,best cms for small business website​,C,n/a,0,90,,n/a,n/a,10,0.00,0.71,,181M,1 month
best ecommerce website for small business,best ecommerce website for small business​,C,n/a,0,90,,n/a,n/a,28,11.41,0.40,,212M,1 month
best free website builders for small business 2026,best free website builders for small business 2026​,n/a,n/a,0,90,,n/a,n/a,n/a,0.00,0.00,n/a,n/a,"For metrics, refresh"
best hosting website for small business,best hosting website for small business​,C,n/a,0,90,,n/a,n/a,69,12.68,0.60,+3,322M,1 month
best website builder for small business uk,best website builder for small business uk​,C,n/a,0,90,,n/a,n/a,26,0.00,0.00,+3,141,1 month
best website designer for small business,best website designer for small business​,C,n/a,0,90,,n/a,n/a,72,17.58,0.91,,564M,1 month
best website designs for small business,best website designs for small business​,C,n/a,0,90,,n/a,n/a,22,13.13,0.65,,184,1 month
best website hosts for small businesses,best website hosts for small businesses​,C,n/a,0,90,,n/a,n/a,65,12.68,0.60,,142,1 month
best website maker for small business,best website maker for small business​,C,n/a,0,90,,n/a,n/a,47,14.60,0.87,,157,1 month
best website platforms for small business,best website platforms for small business​,C,n/a,0,90,,n/a,n/a,46,16.56,0.78,+2,166,1 month
best websites for small businesses,best websites for small businesses​,C,n/a,0,90,,n/a,n/a,39,12.51,0.79,+2,861M,1 month
build website for small business,build website for small business​,IC,n/a,0,90,,n/a,n/a,74,13.51,0.44,+2,1.4B,1 month
building websites for small businesses,building websites for small businesses​,I,n/a,0,90,,n/a,n/a,24,13.51,0.44,,859M,1 month
cost of a website for a small business,cost of a website for a small business​,I,n/a,0,90,,n/a,n/a,17,4.89,0.58,,1.7B,1 month
create free website for small business,create free website for small business​,I,n/a,0,90,,n/a,n/a,100,10.05,0.84,,2B,1 month
creating a website for a small business,creating a website for a small business​,I,n/a,0,90,,n/a,n/a,80,12.73,0.83,,2.1B,1 month
creating a website for small business,creating a website for small business​,IC,n/a,0,90,,n/a,n/a,100,12.73,0.83,+2,2B,1 month
how do i build a website for my small business,how do i build a website for my small business​,I,n/a,0,90,,n/a,n/a,70,12.50,0.58,,1.7B,1 month
how do i create a website for my small business,how do i create a website for my small business​,I,n/a,0,90,,n/a,n/a,75,12.50,0.58,+2,2.4B,1 month
how to build a website for my small business,how to build a website for my small business​,I,n/a,0,90,,n/a,n/a,59,12.50,0.58,+2,1.5B,1 month
how to create a small business website for free,how to create a small business website for free​,I,n/a,0,90,,n/a,n/a,100,6.66,0.66,+2,2B,1 month
how to create website for small business,how to create website for small business​,I,n/a,0,90,,n/a,n/a,76,7.75,0.72,+2,1.6B,1 month
how to make a free website for a small business,how to make a free website for a small business​,I,n/a,0,90,,n/a,n/a,72,6.66,0.66,,3B,1 month
setting up a website for small business,setting up a website for small business​,I,n/a,0,90,,n/a,n/a,50,10.46,0.85,,1.7B,1 month
small business website design for lawn care tradesman entrepreneurs,small business website design for lawn care tradesman entrepreneurs​,n/a,n/a,0,90,,n/a,n/a,n/a,0.00,0.00,n/a,n/a,"For metrics, refresh"
website builder for small businesses,website builder for small businesses​,C,n/a,0,90,,n/a,n/a,45,13.51,0.44,+3,341M,1 month
website builder free for small business,website builder free for small business​,C,n/a,0,90,,n/a,n/a,100,10.04,0.86,+2,1.8B,1 month
website design services for small businesses,website design services for small businesses​,C,n/a,0,90,,n/a,n/a,28,12.96,0.16,+2,1.8B,1 month
website for a small business,website for a small business​,C,n/a,0,90,,n/a,n/a,45,10.01,0.58,+3,2.8B,1 month
website for small business free,website for small business free​,IC,n/a,0,90,,n/a,n/a,78,6.81,0.74,+3,164,1 month
website hosts for small businesses,website hosts for small businesses​,C,n/a,0,90,,n/a,n/a,59,12.59,0.31,+2,155,3 weeks
website marketing for small business,website marketing for small business​,I,n/a,0,90,,n/a,n/a,43,0.00,0.03,,157,1 month
websites for small business free,websites for small business free​,IC,n/a,0,90,,n/a,n/a,100,6.81,0.74,,1B,1 month
why website is important for small business,why website is important for small business​,I,n/a,0,90,,n/a,n/a,22,0.00,0.29,,1.3B,1 month
ada website compliance for small business,ada website compliance for small business​,I,n/a,0,70,,n/a,n/a,27,6.19,0.66,,156,1 month
ai website management for small business,ai website management for small business​,n/a,n/a,0,70,,n/a,n/a,n/a,0.00,0.00,n/a,n/a,"For metrics, refresh"
average cost of website design for small business uk,average cost of website design for small business uk​,IC,n/a,0,70,,n/a,n/a,13,0.00,0.33,,159,1 month
best free website builders for small business,best free website builders for small business​,C,n/a,0,70,,n/a,n/a,100,5.95,0.96,+2,137M,1 month
best way to create a website for small business,best way to create a website for small business​,C,n/a,0,70,,n/a,n/a,72,17.82,0.85,+3,1.6B,1 month
best way to create website for small business,best way to create website for small business​,C,n/a,0,70,,n/a,n/a,65,17.82,0.85,+2,1.6B,1 month
best way to make a website for a small business,best way to make a website for a small business​,C,n/a,0,70,,n/a,n/a,65,17.82,0.85,,135,1 month
best website builder for small business ecommerce,best website builder for small business ecommerce​,C,n/a,0,70,,n/a,n/a,51,22.44,0.89,+2,186M,1 month
best website building for small business,best website building for small business​,C,n/a,0,70,,n/a,n/a,54,14.60,0.85,,805M,1 month
best website design and hosting for small business,best website design and hosting for small business​,C,n/a,0,70,,n/a,n/a,61,17.78,0.59,+2,173,1 month
best website design tips for small businesses,best website design tips for small businesses​,C,n/a,0,70,,n/a,n/a,21,13.13,0.65,,1.5B,1 month
cheap website builder for small business,cheap website builder for small business​,C,n/a,0,70,,n/a,n/a,48,11.26,0.77,+2,1.3B,1 month
cheap website for small business,cheap website for small business​,C,n/a,0,70,,n/a,n/a,42,11.46,0.67,,3.2B,1 month
cost of professional website builders for small businesses 2025,cost of professional website builders for small businesses 2025​,I,n/a,0,70,,n/a,n/a,3,0.00,0.00,,578M,1 month
cost to create a website for a small business,cost to create a website for a small business​,IC,n/a,0,70,,n/a,n/a,40,4.00,0.46,,158,1 month
create a website for small business,create a website for small business​,I,n/a,0,70,,n/a,n/a,68,12.73,0.83,+2,1.9B,1 month
create website free for small business,create website free for small business​,n/a,n/a,0,70,,n/a,n/a,n/a,11.64,0.46,n/a,n/a,"For metrics, refresh"
creating a free website for a small business,creating a free website for a small business​,n/a,n/a,0,70,,n/a,n/a,n/a,11.64,0.46,n/a,n/a,"For metrics, refresh"
creating websites for small businesses,creating websites for small businesses​,IC,n/a,0,70,,n/a,n/a,59,12.73,0.83,+2,825M,1 month
free website audit for small businesses vancouver,free website audit for small businesses vancouver​,n/a,n/a,0,70,,n/a,n/a,n/a,0.00,0.00,n/a,n/a,"For metrics, refresh"
free website builders for small businesses,free website builders for small businesses​,n/a,n/a,0,70,,n/a,n/a,n/a,8.00,0.32,n/a,n/a,"For metrics, refresh"
free website domain for small business,free website domain for small business​,C,n/a,0,70,,n/a,n/a,72,9.50,0.89,,378M,1 month
full service website design for small business,full service website design for small business​,IC,n/a,0,70,,n/a,n/a,7,0.00,0.33,,976M,1 month
how do i make a website for my small business,how do i make a website for my small business​,I,n/a,0,70,,n/a,n/a,73,12.50,0.58,+3,3.3B,1 month
how much does it cost for a small business website,how much does it cost for a small business website​,I,n/a,0,70,,n/a,n/a,22,4.63,0.45,+2,2.9B,1 month
how to build a website for small business,how to build a website for small business​,I,n/a,0,70,,n/a,n/a,73,7.75,0.72,+2,1.2B,1 month
how to create a website for a small business,how to create a website for a small business​,I,n/a,0,70,,n/a,n/a,72,8.32,0.74,+3,2B,1 month
how to set up a website for a small business,how to set up a website for a small business​,I,n/a,0,70,,n/a,n/a,63,9.92,0.91,+3,3.4B,1 month
i need a website for my small business,i need a website for my small business​,IC,n/a,0,70,,n/a,n/a,69,21.06,0.90,+2,4.4B,1 month
importance of a website for small business,importance of a website for small business​,I,n/a,0,70,,n/a,n/a,41,0.00,0.08,,1.4B,1 month
shipping websites for small businesses,shipping websites for small businesses​,I,n/a,0,70,,n/a,n/a,75,6.98,0.90,+2,286M,1 month
strategies for small business website design and user experience,strategies for small business website design and user experience​,I,n/a,0,70,,n/a,n/a,9,0.00,0.33,,532M,1 month
website and content writing for small business,website and content writing for small business​,I,n/a,0,70,,n/a,n/a,7,0.00,0.00,,893M,1 month
website builder for small business free,website builder for small business free​,IC,n/a,0,70,,n/a,n/a,74,7.37,0.73,,1.1B,1 month
website design and management services for small business,website design and management services for small business​,C,n/a,0,70,,n/a,n/a,24,0.00,0.00,,956M,1 month
website designer for small businesses,website designer for small businesses​,C,n/a,0,70,,n/a,n/a,50,18.62,0.51,+2,1.7B,1 month
website developer for small business,website developer for small business​,C,n/a,0,70,,n/a,n/a,49,16.77,0.46,+2,179,1 month
website examples for small business,website examples for small business​,IC,n/a,0,70,,n/a,n/a,21,3.29,0.69,,665M,1 month
website for small business owners,website for small business owners​,IC,n/a,0,70,,n/a,n/a,38,11.73,0.93,,119,1 month
website hosting for small businesses,website hosting for small businesses​,C,n/a,0,70,,n/a,n/a,81,12.59,0.31,,366M,1 month
website maintenance for small businesses,website maintenance for small businesses​,I,n/a,0,70,,n/a,n/a,0,0.00,0.05,+2,1.2B,1 month
website+management+for+small+business,website+management+for+small+business​,n/a,n/a,0,70,,n/a,n/a,n/a,13.38,0.05,n/a,n/a,"For metrics, refresh"
which website builder is best for small business,which website builder is best for small business​,C,n/a,0,70,,n/a,n/a,46,9.34,0.58,+2,323M,1 month
advantages of a website for small businesses,advantages of a website for small businesses​,I,n/a,0,50,,n/a,n/a,42,6.80,0.20,,330M,1 month
average cost of website for small business 2026,average cost of website for small business 2026​,n/a,n/a,0,50,,n/a,n/a,n/a,0.00,0.00,n/a,n/a,"For metrics, refresh"
benefits of having a website for your small business,benefits of having a website for your small business​,I,n/a,0,50,,n/a,n/a,47,0.00,0.00,+2,2.2B,1 month
best diy website builder for small business,best diy website builder for small business​,C,n/a,0,50,,n/a,n/a,57,9.02,0.61,+2,158,1 month
best ecommerce websites for small business,best ecommerce websites for small business​,C,n/a,0,50,,n/a,n/a,44,11.41,0.40,,145M,1 month
best free ecommerce website builder for small business,best free ecommerce website builder for small business​,C,n/a,0,50,,n/a,n/a,49,3.46,0.91,+3,108M,1 month
best free website builder for small business uk,best free website builder for small business uk​,C,n/a,0,50,,n/a,n/a,44,0.00,0.00,,147,1 month
best free websites for small business,best free websites for small business​,C,n/a,0,50,,n/a,n/a,67,7.42,0.87,+2,151,1 month
best legal template websites for small business owners,best legal template websites for small business owners​,C,n/a,0,50,,n/a,n/a,15,0.00,0.00,,151,1 month
best place to build a website for small business,best place to build a website for small business​,C,n/a,0,50,,n/a,n/a,58,15.34,0.94,+2,1.3B,1 month
best way to build website for small business,best way to build website for small business​,IC,n/a,0,50,,n/a,n/a,55,14.33,0.92,+2,1.5B,1 month
best web developers holland mi for small business website,best web developers holland mi for small business website​,n/a,n/a,0,50,,n/a,n/a,n/a,0.00,0.00,n/a,n/a,"For metrics, refresh"
best website builder for small business 2025,best website builder for small business 2025​,C,n/a,0,50,,n/a,n/a,60,19.25,0.68,+2,947M,1 month
best website builder for small business reviews,best website builder for small business reviews​,C,n/a,0,50,,n/a,n/a,61,0.00,0.33,+2,650M,1 month
best website company for small business,best website company for small business​,C,n/a,0,50,,n/a,n/a,42,27.20,0.74,,2.2B,1 month
best website design company for small business,best website design company for small business​,C,n/a,0,50,,n/a,n/a,40,16.63,0.23,,941M,1 month
best website developer for small business,best website developer for small business​,C,n/a,0,50,,n/a,n/a,60,17.26,0.90,+2,497M,1 month
best website domain host for small business,best website domain host for small business​,C,n/a,0,50,,n/a,n/a,27,12.68,0.60,,98,1 month
build a website for small business,build a website for small business​,IC,n/a,0,50,,n/a,n/a,71,13.51,0.44,+2,2B,1 month
build your own website for small business,build your own website for small business​,C,n/a,0,50,,n/a,n/a,73,8.96,0.78,,2B,1 month
conversion optimization for small business website,conversion optimization for small business website​,I,n/a,0,50,,n/a,n/a,16,0.00,0.00,,149,4 weeks
cost of building a website for a small business,cost of building a website for a small business​,I,n/a,0,50,,n/a,n/a,41,6.29,0.90,+2,170,1 month
cost of website for small business,cost of website for small business​,I,n/a,0,50,,n/a,n/a,39,4.89,0.58,+3,1.5B,1 month
custom website design for small businesses,custom website design for small businesses​,C,n/a,0,50,,n/a,n/a,73,13.13,0.65,+2,691M,1 month
free booking websites for small business,free booking websites for small business​,I,n/a,0,50,,n/a,n/a,87,10.85,0.82,,256M,1 month
free website builders for small business,free website builders for small business​,C,n/a,0,50,,n/a,n/a,63,8.99,0.88,,150M,1 month
free websites for small businesses,free websites for small businesses​,IC,n/a,0,50,,n/a,n/a,67,8.37,0.88,,825M,1 month
full+service+website+design+and+management+for+small+business,full+service+website+design+and+management+for+small+business​,n/a,n/a,0,50,,n/a,n/a,n/a,13.38,0.05,n/a,n/a,"For metrics, refresh"
google website builder for small business,google website builder for small business​,I,n/a,0,50,,n/a,n/a,65,9.32,0.71,,1.3B,1 month
how much should a website cost for a small business,how much should a website cost for a small business​,I,n/a,0,50,,n/a,n/a,42,4.63,0.45,,1.5B,1 month
how to create a website for small business,how to create a website for small business​,IC,n/a,0,50,,n/a,n/a,72,7.75,0.72,+2,2.1B,1 month
how to make a website for a small business free,how to make a website for a small business free​,I,n/a,0,50,,n/a,n/a,100,6.66,0.66,+3,6M,1 month
make website for small business,make website for small business​,IC,n/a,0,50,,n/a,n/a,72,12.73,0.83,,2.7B,1 month
make your own website for small business,make your own website for small business​,I,n/a,0,50,,n/a,n/a,73,8.96,0.78,,2.4B,1 month
making website for small business,making website for small business​,IC,n/a,0,50,,n/a,n/a,100,12.73,0.83,+3,1.4B,1 month
moz for small business websites,moz for small business websites​,IN,n/a,0,50,,n/a,n/a,54,0.00,0.00,,144,4 weeks
seo checklist for local small business websites,seo checklist for local small business websites​,I,n/a,0,50,,n/a,n/a,6,0.00,0.33,,161,1 month
top website hosting for small business,top website hosting for small business​,C,n/a,0,50,,n/a,n/a,75,12.68,0.60,+2,260M,1 month
website design agency for small business,website design agency for small business​,C,n/a,0,50,,n/a,n/a,18,4.98,0.16,,746M,1 month
website design for small business charleston sc,website design for small business charleston sc​,C,n/a,0,50,,n/a,n/a,14,0.00,0.00,,159,4 weeks
website design pricing packages for small businesses,website design pricing packages for small businesses​,C,n/a,0,50,,n/a,n/a,20,0.00,0.00,,1.8B,1 month
website development for small businesses powell,website development for small businesses powell​,I,n/a,0,50,,n/a,n/a,0,0.00,0.00,,88M,4 weeks
website management for small businesses,website management for small businesses​,C,n/a,0,50,,n/a,n/a,14,11.85,0.27,,1.7B,1 month
website platforms for small businesses,website platforms for small businesses​,C,n/a,0,50,,n/a,n/a,53,19.39,0.85,,1.7B,1 month
website statistics for small businesses,website statistics for small businesses​,I,n/a,0,50,,n/a,n/a,50,0.00,0.33,,1.9B,1 month
website template for small business,website template for small business​,I,n/a,0,50,,n/a,n/a,18,5.76,0.57,,443M,1 month
website templates for small business,website templates for small business​,C,n/a,0,50,,n/a,n/a,25,5.76,0.57,,147,1 month
website tips for small business,website tips for small business​,I,n/a,0,50,,n/a,n/a,32,0.00,0.13,+2,1.1B,1 month
website+design+and+management+for+small+business,website+design+and+management+for+small+business​,n/a,n/a,0,50,,n/a,n/a,n/a,13.38,0.05,n/a,n/a,"For metrics, refresh"
website+management+services+for+small+businesses,website+management+services+for+small+businesses​,n/a,n/a,0,50,,n/a,n/a,n/a,13.38,0.05,n/a,n/a,"For metrics, refresh"
what's the best website builder for small business pricing,what's the best website builder for small business pricing​,C,n/a,0,50,,n/a,n/a,45,0.00,0.00,+2,133,1 month
wix website for small business,wix website for small business​,I,n/a,0,50,,n/a,n/a,37,0.00,0.02,,17.2M,1 month
accounting websites for small businesses,accounting websites for small businesses​,IC,n/a,0,40,,n/a,n/a,76,18.00,0.80,,241M,1 month
affordable small business website design services for contractors,affordable small business website design services for contractors​,n/a,n/a,0,40,,n/a,n/a,n/a,0.00,0.00,n/a,n/a,"For metrics, refresh"
affordable website packages for small businesses,affordable website packages for small businesses​,C,n/a,0,40,,n/a,n/a,25,0.00,0.33,,164,4 weeks
ai for small business websites,ai for small business websites​,IC,n/a,0,40,,n/a,n/a,59,0.00,0.00,,1.5B,1 month
average cost of website for small business,average cost of website for small business​,I,n/a,0,40,,n/a,n/a,22,4.33,0.52,+2,630M,1 month
average website cost for small business,average website cost for small business​,I,n/a,0,40,,n/a,n/a,31,4.33,0.52,,588M,1 month
best free website builders for small businesses 2026,best free website builders for small businesses 2026​,n/a,n/a,0,40,,n/a,n/a,n/a,0.00,0.00,n/a,n/a,"For metrics, refresh"
best free website creator for small business,best free website creator for small business​,C,n/a,0,40,,n/a,n/a,70,7.41,0.85,+2,1.6B,1 month
best online website builder for small business,best online website builder for small business​,C,n/a,0,40,,n/a,n/a,77,25.51,0.94,+2,1.4B,1 month
best website builder for small business 2021,best website builder for small business 2021​,C,n/a,0,40,,n/a,n/a,34,0.00,0.00,+2,561M,1 month
best website builders for small business 2021,best website builders for small business 2021​,C,n/a,0,40,,n/a,n/a,43,0.00,0.00,+2,406M,1 month
best website builders for small businesses 2025,best website builders for small businesses 2025​,n/a,n/a,0,40,,n/a,n/a,n/a,0.00,0.00,n/a,n/a,"For metrics, refresh"
best website building platform for small business,best website building platform for small business​,C,n/a,0,40,,n/a,n/a,39,26.43,0.70,,744M,1 month
best website creators for small business,best website creators for small business​,C,n/a,0,40,,n/a,n/a,43,17.15,0.85,+3,268M,1 month
best website design agencies for small businesses,best website design agencies for small businesses​,n/a,n/a,0,40,,n/a,n/a,n/a,0.00,0.00,n/a,n/a,"For metrics, refresh"
best website design software for small business,best website design software for small business​,C,n/a,0,40,,n/a,n/a,73,7.53,0.90,+2,746M,1 month
best website for ecommerce small business,best website for ecommerce small business​,C,n/a,0,40,,n/a,n/a,46,8.73,0.60,+2,183M,1 month
best website maintenance for small business 2025,best website maintenance for small business 2025​,C,n/a,0,40,,n/a,n/a,0,0.00,0.00,,534M,1 month
best website software for small business,best website software for small business​,C,n/a,0,40,,n/a,n/a,100,5.29,0.79,,987M,1 month
best websites for small business owners,best websites for small business owners​,C,n/a,0,40,,n/a,n/a,40,12.99,0.90,+2,244M,1 month
cost of website design for small business,cost of website design for small business​,IC,n/a,0,40,,n/a,n/a,37,5.30,0.68,,1.1B,1 month
cost of website design for small business in florida,cost of website design for small business in florida​,I,n/a,0,40,,n/a,n/a,5,0.00,0.00,,109M,1 month
create website with web tools for small business india 2026,create website with web tools for small business india 2026​,n/a,n/a,0,40,,n/a,n/a,n/a,0.00,0.00,n/a,n/a,"For metrics, refresh"
create your own website for small business,create your own website for small business​,I,n/a,0,40,,n/a,n/a,72,8.96,0.78,,1.2B,1 month
design websites for small business,design websites for small business​,C,n/a,0,40,,n/a,n/a,66,13.33,0.25,,1.4B,1 month
designing a website for a small business,designing a website for a small business​,I,n/a,0,40,,n/a,n/a,46,13.33,0.25,,179,1 month
ecommerce website builder for small business,ecommerce website builder for small business​,C,n/a,0,40,,n/a,n/a,74,14.05,0.95,,143M,1 month
ecommerce website for small business,ecommerce website for small business​,C,n/a,0,40,,n/a,n/a,50,6.19,0.71,,216M,1 month
fiverr services for local small business marketing website under $500,fiverr services for local small business marketing website under $500​,C,n/a,0,40,,n/a,n/a,19,0.00,0.00,,327K,1 month
free website builders for small business 2026,free website builders for small business 2026​,n/a,n/a,0,40,,n/a,n/a,n/a,0.00,0.00,n/a,n/a,"For metrics, refresh"
how to make a website for free for small business,how to make a website for free for small business​,I,n/a,0,40,,n/a,n/a,96,8.81,0.77,+2,3.1B,1 month
how to make a website for small business free,how to make a website for small business free​,n/a,n/a,0,40,,n/a,n/a,n/a,8.65,0.07,n/a,n/a,"For metrics, refresh"
importance of website for small business,importance of website for small business​,I,n/a,0,40,,n/a,n/a,n/a,0.00,0.08,+2,1.2B,1 month
in-depth web hosting reviews for small business websites catswhocode,in-depth web hosting reviews for small business websites catswhocode​,n/a,n/a,0,40,,n/a,n/a,n/a,0.00,0.01,n/a,n/a,"For metrics, refresh"
is wordpress good for small business website,is wordpress good for small business website​,n/a,n/a,0,40,,n/a,n/a,n/a,0.00,0.33,n/a,n/a,"For metrics, refresh"
legal considerations for offering website services to small businesses,legal considerations for offering website services to small businesses​,I,n/a,0,40,,n/a,n/a,1,0.00,0.00,,919M,1 month
local seo for small business websites,local seo for small business websites​,I,n/a,0,40,,n/a,n/a,32,13.47,0.03,,200,1 month
one time pricing for a small business website,one time pricing for a small business website​,n/a,n/a,0,40,,n/a,n/a,n/a,0.00,0.00,n/a,n/a,"For metrics, refresh"
professional websites for small businesses,professional websites for small businesses​,C,n/a,0,40,,n/a,n/a,59,0.00,0.00,+3,820M,1 month
web hosting for small business website,web hosting for small business website​,C,n/a,0,40,,n/a,n/a,68,0.00,0.00,+2,342M,1 month
website and email hosting for small business,website and email hosting for small business​,C,n/a,0,40,,n/a,n/a,61,9.91,0.47,+4,138,1 month
website and seo tools for small business,website and seo tools for small business​,n/a,n/a,0,40,,n/a,n/a,n/a,0.00,0.00,n/a,n/a,"For metrics, refresh"
website builder for small business tampa,website builder for small business tampa​,C,n/a,0,40,,n/a,n/a,5,0.00,0.00,,130M,1 month
website builders for small businesses in tampa fl,website builders for small businesses in tampa fl​,I,n/a,0,40,,n/a,n/a,11,0.00,0.00,,238M,1 month
website design agency for small businesses,website design agency for small businesses​,n/a,n/a,0,40,,n/a,n/a,n/a,0.00,0.00,n/a,n/a,"For metrics, refresh"
website design for small business owners,website design for small business owners​,I,n/a,0,40,,n/a,n/a,53,0.00,0.33,+2,1.4B,1 month
website design for small business waco,website design for small business waco​,C,n/a,0,40,,n/a,n/a,2,0.00,0.00,,4.7M,1 month
website design software for small business,website design software for small business​,C,n/a,0,40,,n/a,n/a,65,0.00,0.71,,160,1 month
website design tips for small businesses,website design tips for small businesses​,I,n/a,0,40,,n/a,n/a,44,3.83,0.34,,1.6B,1 month
website for small business uk,website for small business uk​,I,n/a,0,40,,n/a,n/a,55,0.00,0.33,,159,1 month
website maintenance plan checklist for small business 2025 or 2026,website maintenance plan checklist for small business 2025 or 2026​,n/a,n/a,0,40,,n/a,n/a,n/a,0.00,0.00,n/a,n/a,"For metrics, refresh"
website package for small business,website package for small business​,IC,n/a,0,40,,n/a,n/a,42,8.38,0.12,,4B,1 month
website solutions for small businesses,website solutions for small businesses​,C,n/a,0,40,,n/a,n/a,30,0.00,0.00,,178,1 month
website templates for small businesses,website templates for small businesses​,C,n/a,0,40,,n/a,n/a,16,5.76,0.57,,254M,4 weeks
website+management+services+for+small+business,website+management+services+for+small+business​,n/a,n/a,0,40,,n/a,n/a,n/a,13.38,0.05,n/a,n/a,"For metrics, refresh"
website-packages-for-small-business,website-packages-for-small-business​,I,n/a,0,40,,n/a,n/a,22,8.38,0.12,,445M,1 month
what is the best website maintenance for small business,what is the best website maintenance for small business​,C,n/a,0,40,,n/a,n/a,4,0.00,0.00,,583M,1 month
wholesale websites for small business,wholesale websites for small business​,IC,n/a,0,40,,n/a,n/a,32,3.91,0.73,,151M,1 month
why websites are important for small business,why websites are important for small business​,I,n/a,0,40,,n/a,n/a,25,0.00,0.29,,839M,1 month
wordpress website maintenance service for small business,wordpress website maintenance service for small business​,n/a,n/a,0,40,,n/a,n/a,n/a,0.00,0.00,n/a,n/a,"For metrics, refresh"
affordable custom website design for small businesses,affordable custom website design for small businesses​,n/a,n/a,0,30,,n/a,n/a,n/a,0.00,0.00,n/a,n/a,"For metrics, refresh"
affordable website for your small business sarasota fl,affordable website for your small business sarasota fl​,n/a,n/a,0,30,,n/a,n/a,n/a,0.00,0.00,n/a,n/a,"For metrics, refresh"
ai website builder for small business,ai website builder for small business​,n/a,n/a,0,30,,n/a,n/a,n/a,13.68,0.41,n/a,n/a,"For metrics, refresh"
average cost of website design for small business per month,average cost of website design for small business per month​,I,n/a,0,30,,n/a,n/a,31,7.10,0.54,,480M,1 month
best affordable website builder for small business,best affordable website builder for small business​,C,n/a,0,30,,n/a,n/a,49,13.16,0.93,+3,139,1 month
best ai website builder for small business,best ai website builder for small business​,C,n/a,0,30,,n/a,n/a,59,13.10,0.84,+3,646M,1 month
best seo packages for houston small business websites,best seo packages for houston small business websites​,n/a,n/a,0,30,,n/a,n/a,n/a,0.00,0.00,n/a,n/a,"For metrics, refresh"
best website and marketing service bundles for michigan small businesses,best website and marketing service bundles for michigan small businesses​,n/a,n/a,0,30,,n/a,n/a,n/a,0.00,0.00,n/a,n/a,"For metrics, refresh"
best website builder and host for small business,best website builder and host for small business​,C,n/a,0,30,,n/a,n/a,53,17.00,0.55,+2,282M,1 month
best website builder for small business reddit,best website builder for small business reddit​,NC,n/a,0,30,,n/a,n/a,25,19.56,0.48,,334M,1 month
best website builder for small service business,best website builder for small service business​,C,n/a,0,30,,n/a,n/a,53,22.51,0.87,,1.1B,1 month
best website companies for small business,best website companies for small business​,n/a,n/a,0,30,,n/a,n/a,n/a,17.81,0.36,n/a,n/a,"For metrics, refresh"
best website design companies for small business near me,best website design companies for small business near me​,n/a,n/a,0,30,,n/a,n/a,n/a,0.00,0.33,n/a,n/a,"For metrics, refresh"
best website design companies for small businesses,best website design companies for small businesses​,C,n/a,0,30,,n/a,n/a,30,16.63,0.23,,1.3B,1 month
best website designers for small businesses,best website designers for small businesses​,C,n/a,0,30,,n/a,n/a,18,14.14,0.71,+2,1.2B,1 month
best website for small business free,best website for small business free​,C,n/a,0,30,,n/a,n/a,38,7.42,0.87,+2,149,1 month
best website for small business to sell,best website for small business to sell​,C,n/a,0,30,,n/a,n/a,75,10.56,0.55,+3,1.3B,1 month
best website hosting for small businesses,best website hosting for small businesses​,C,n/a,0,30,,n/a,n/a,75,14.41,0.83,+2,351M,1 month
best website makers for small businesses,best website makers for small businesses​,C,n/a,0,30,,n/a,n/a,44,14.60,0.87,+2,145,4 weeks
best website service for small business,best website service for small business​,C,n/a,0,30,,n/a,n/a,42,11.13,0.37,+2,150,4 weeks
best website templates for small business,best website templates for small business​,C,n/a,0,30,,n/a,n/a,36,5.53,0.90,,160,4 weeks
booking website for small business,booking website for small business​,n/a,n/a,0,30,,n/a,n/a,n/a,19.11,0.51,n/a,n/a,"For metrics, refresh"
build a free website for small business,build a free website for small business​,IC,n/a,0,30,,n/a,n/a,100,10.05,0.84,+2,157,1 month
build a website for my small business,build a website for my small business​,n/a,n/a,0,30,,n/a,n/a,n/a,15.84,0.07,n/a,n/a,"For metrics, refresh"
building a website for a small business,building a website for a small business​,I,n/a,0,30,,n/a,n/a,75,12.12,0.63,,1.3B,1 month
cheap website design for small business associate,cheap website design for small business associate​,n/a,n/a,0,30,,n/a,n/a,n/a,0.00,0.00,n/a,n/a,"For metrics, refresh"
cheap websites for small businesses,cheap websites for small businesses​,C,n/a,0,30,,n/a,n/a,50,11.46,0.67,,4.2B,1 month
cost to build a website for a small business,cost to build a website for a small business​,I,n/a,0,30,,n/a,n/a,15,4.81,0.82,,795M,1 month
create a free website for small business,create a free website for small business​,n/a,n/a,0,30,,n/a,n/a,n/a,11.64,0.46,n/a,n/a,"For metrics, refresh"
create a small business website for free,create a small business website for free​,I,n/a,0,30,,n/a,n/a,100,15.19,0.81,,1.3B,1 month
custom website for small business,custom website for small business​,n/a,n/a,0,30,,n/a,n/a,n/a,0.00,0.33,n/a,n/a,"For metrics, refresh"
dallas website design for small businesses,dallas website design for small businesses​,n/a,n/a,0,30,,n/a,n/a,n/a,0.00,0.00,n/a,n/a,"For metrics, refresh"
designing a website for small business,designing a website for small business​,IC,n/a,0,30,,n/a,n/a,57,13.33,0.25,+2,1.5B,1 month
e-commerce website design for small businesses,e-commerce website design for small businesses​,n/a,n/a,0,30,,n/a,n/a,n/a,0.00,0.00,n/a,n/a,"For metrics, refresh"
easy website builder for small business free,easy website builder for small business free​,I,n/a,0,30,,n/a,n/a,88,9.26,0.96,,145,1 month
easy website builder free for small business,easy website builder free for small business​,n/a,n/a,0,30,,n/a,n/a,n/a,15.93,0.23,n/a,n/a,"For metrics, refresh"
ecommerce website development for small businesses,ecommerce website development for small businesses​,n/a,n/a,0,30,,n/a,n/a,n/a,0.00,0.00,n/a,n/a,"For metrics, refresh"
email and website hosting for small business,email and website hosting for small business​,n/a,n/a,0,30,,n/a,n/a,n/a,10.81,0.83,n/a,n/a,"For metrics, refresh"
external website security for small business,external website security for small business​,n/a,n/a,0,30,,n/a,n/a,n/a,0.00,0.33,n/a,n/a,"For metrics, refresh"
free online website builder for small business,free online website builder for small business​,n/a,n/a,0,30,,n/a,n/a,n/a,0.00,0.02,n/a,n/a,"For metrics, refresh"
free online website for small business,free online website for small business​,IC,n/a,0,30,,n/a,n/a,78,6.69,0.90,,155,1 month
free website builder and domain for small business,free website builder and domain for small business​,C,n/a,0,30,,n/a,n/a,100,10.12,0.49,,135,1 month
free website builder and hosting for small business,free website builder and hosting for small business​,C,n/a,0,30,,n/a,n/a,100,9.00,0.85,+2,179M,1 month
free website design for small business,free website design for small business​,n/a,n/a,0,30,,n/a,n/a,n/a,11.81,0.28,n/a,n/a,"For metrics, refresh"
free website for my small business,free website for my small business​,n/a,n/a,0,30,,n/a,n/a,n/a,15.55,0.15,n/a,n/a,"For metrics, refresh"
free website for small businesses,free website for small businesses​,I,n/a,0,30,,n/a,n/a,100,8.37,0.88,,2.3B,1 month
funding for small business websites,funding for small business websites​,n/a,n/a,0,30,,n/a,n/a,n/a,0.00,0.20,n/a,n/a,"For metrics, refresh"
funding websites for small business,funding websites for small business​,n/a,n/a,0,30,,n/a,n/a,n/a,0.00,0.20,n/a,n/a,"For metrics, refresh"
google website hosting for small business,google website hosting for small business​,TN,n/a,0,30,,n/a,n/a,n/a,16.67,0.08,,351M,1 month
how can i make a website for my small business,how can i make a website for my small business​,I,n/a,0,30,,n/a,n/a,86,12.50,0.58,+2,4.2B,1 month
how much to create a website for small business,how much to create a website for small business​,I,n/a,0,30,,n/a,n/a,38,4.90,0.76,+2,1.2B,1 month
how much to make a website for small business,how much to make a website for small business​,n/a,n/a,0,30,,n/a,n/a,n/a,3.46,0.58,n/a,n/a,"For metrics, refresh"
how to build a website for your small business,how to build a website for your small business​,I,n/a,0,30,,n/a,n/a,71,11.75,0.78,+3,2.9B,1 month
how to create a website for a small business free,how to create a website for a small business free​,n/a,n/a,0,30,,n/a,n/a,n/a,5.95,0.12,n/a,n/a,"For metrics, refresh"
how to create free website for small business,how to create free website for small business​,n/a,n/a,0,30,,n/a,n/a,n/a,11.33,0.46,n/a,n/a,"For metrics, refresh"
how to make a free website for small business,how to make a free website for small business​,I,n/a,0,30,,n/a,n/a,96,6.66,0.66,+2,1.9B,1 month
how to make a small business website for free,how to make a small business website for free​,n/a,n/a,0,30,,n/a,n/a,n/a,7.21,0.11,n/a,n/a,"For metrics, refresh"
how to make a website for your small business,how to make a website for your small business​,I,n/a,0,30,,n/a,n/a,69,8.08,0.79,,5.7B,1 month
how to set up a small business website for free,how to set up a small business website for free​,n/a,n/a,0,30,,n/a,n/a,n/a,7.68,0.11,n/a,n/a,"For metrics, refresh"
how to start a small business website for free,how to start a small business website for free​,n/a,n/a,0,30,,n/a,n/a,n/a,12.91,0.16,n/a,n/a,"For metrics, refresh"
i need a website for my small business free,i need a website for my small business free​,n/a,n/a,0,30,,n/a,n/a,n/a,0.00,0.33,n/a,n/a,"For metrics, refresh"
importance of having a website for small business,importance of having a website for small business​,n/a,n/a,0,30,,n/a,n/a,n/a,0.00,0.33,n/a,n/a,"For metrics, refresh"
lead generation websites for small business,lead generation websites for small business​,n/a,n/a,0,30,,n/a,n/a,n/a,0.00,0.00,n/a,n/a,"For metrics, refresh"
logo and website design for small business,logo and website design for small business​,n/a,n/a,0,30,,n/a,n/a,n/a,0.00,0.33,n/a,n/a,"For metrics, refresh"
make a small business website for free,make a small business website for free​,I,n/a,0,30,,n/a,n/a,100,15.19,0.81,,2.2B,1 month
make free website for small business,make free website for small business​,n/a,n/a,0,30,,n/a,n/a,n/a,15.96,0.03,n/a,n/a,"For metrics, refresh"
making websites for small businesses side hustle,making websites for small businesses side hustle​,n/a,n/a,0,30,,n/a,n/a,n/a,5.89,0.31,n/a,n/a,"For metrics, refresh"
need website for my small business,need website for my small business​,IC,n/a,0,30,,n/a,n/a,65,16.35,0.94,+2,164,1 month
no upfront cost website design for my small business,no upfront cost website design for my small business​,n/a,n/a,0,30,,n/a,n/a,n/a,0.00,0.00,n/a,n/a,"For metrics, refresh"
no upfront cost website design for small business,no upfront cost website design for small business​,n/a,n/a,0,30,,n/a,n/a,n/a,0.00,0.00,n/a,n/a,"For metrics, refresh"
no upfront cost website design for small businesses,no upfront cost website design for small businesses​,n/a,n/a,0,30,,n/a,n/a,n/a,0.00,0.00,n/a,n/a,"For metrics, refresh"
one page website for small business,one page website for small business​,IC,n/a,0,30,,n/a,n/a,36,20.71,0.55,+3,2.8B,1 month
professional website design for small businesses,professional website design for small businesses​,n/a,n/a,0,30,,n/a,n/a,n/a,0.00,0.33,n/a,n/a,"For metrics, refresh"
responsive websites for small businesses,responsive websites for small businesses​,n/a,n/a,0,30,,n/a,n/a,n/a,0.00,0.33,n/a,n/a,"For metrics, refresh"
seo audit checklist for small business website,seo audit checklist for small business website​,n/a,n/a,0,30,,n/a,n/a,n/a,0.00,0.00,n/a,n/a,"For metrics, refresh"
seo audit service for small business website,seo audit service for small business website​,n/a,n/a,0,30,,n/a,n/a,n/a,0.00,0.00,n/a,n/a,"For metrics, refresh"
setting up a website for a small business,setting up a website for a small business​,I,n/a,0,30,,n/a,n/a,44,10.46,0.85,+2,165,1 month
start website for small business,start website for small business​,IC,n/a,0,30,,n/a,n/a,53,233.13,0.90,,141,1 month
statistics for benefits of website for small business,statistics for benefits of website for small business​,n/a,n/a,0,30,,n/a,n/a,n/a,0.00,0.00,n/a,n/a,"For metrics, refresh"
turnkey websites for small business owners,turnkey websites for small business owners​,n/a,n/a,0,30,,n/a,n/a,n/a,0.00,0.00,n/a,n/a,"For metrics, refresh"
website audit for small business,website audit for small business​,n/a,n/a,0,30,,n/a,n/a,n/a,0.00,0.33,n/a,n/a,"For metrics, refresh"
website builder for small business cost,website builder for small business cost​,n/a,n/a,0,30,,n/a,n/a,n/a,12.02,0.38,n/a,n/a,"For metrics, refresh"
website builder for small business near me,website builder for small business near me​,T,n/a,0,30,,n/a,n/a,70,13.10,0.63,,210,1 month
website builder for small businesses reviews,website builder for small businesses reviews​,C,n/a,0,30,,n/a,n/a,54,7.57,0.06,+2,2.2B,1 month
website design agencies for small businesses,website design agencies for small businesses​,n/a,n/a,0,30,,n/a,n/a,n/a,0.00,0.00,n/a,n/a,"For metrics, refresh"
website design company for small businesses,website design company for small businesses​,n/a,n/a,0,30,,n/a,n/a,n/a,16.00,0.03,n/a,n/a,"For metrics, refresh"
website design cost for small business,website design cost for small business​,n/a,n/a,0,30,,n/a,n/a,n/a,6.22,0.32,n/a,n/a,"For metrics, refresh"
website design costs for small business,website design costs for small business​,I,n/a,0,30,,n/a,n/a,32,5.30,0.68,,145,1 month
website design for small business with money back guarantee,website design for small business with money back guarantee​,n/a,n/a,0,30,,n/a,n/a,n/a,0.00,0.00,n/a,n/a,"For metrics, refresh"
website design for small businesses griffin ga,website design for small businesses griffin ga​,n/a,n/a,0,30,,n/a,n/a,n/a,0.00,0.00,n/a,n/a,"For metrics, refresh"
website design ideas for small business,website design ideas for small business​,I,n/a,0,30,,n/a,n/a,26,3.15,0.42,,484M,1 month
website design with no upfront cost for small business,website design with no upfront cost for small business​,n/a,n/a,0,30,,n/a,n/a,n/a,0.00,0.00,n/a,n/a,"For metrics, refresh"
website design with no upfront cost for small businesses,website design with no upfront cost for small businesses​,n/a,n/a,0,30,,n/a,n/a,n/a,0.00,0.00,n/a,n/a,"For metrics, refresh"
website development company for small business,website development company for small business​,n/a,n/a,0,30,,n/a,n/a,n/a,16.00,0.03,n/a,n/a,"For metrics, refresh"
website maintenance cost for small business,website maintenance cost for small business​,I,n/a,0,30,,n/a,n/a,40,5.36,0.57,+2,140,1 month
website maintenance service for small business,website maintenance service for small business​,n/a,n/a,0,30,,n/a,n/a,n/a,0.00,0.03,n/a,n/a,"For metrics, refresh"
website maker for small business free,website maker for small business free​,n/a,n/a,0,30,,n/a,n/a,n/a,0.00,0.02,n/a,n/a,"For metrics, refresh"
website manager for small business,website manager for small business​,I,n/a,0,30,,n/a,n/a,2,11.85,0.27,,153,4 weeks
website optimization services for small business,website optimization services for small business​,n/a,n/a,0,30,,n/a,n/a,n/a,53.83,0.01,n/a,n/a,"For metrics, refresh"
website redesign cost for small business,website redesign cost for small business​,n/a,n/a,0,30,,n/a,n/a,n/a,0.00,0.00,n/a,n/a,"For metrics, refresh"
website redesign for small business,website redesign for small business​,n/a,n/a,0,30,,n/a,n/a,n/a,0.00,0.00,n/a,n/a,"For metrics, refresh"
website services for small business,website services for small business​,C,n/a,0,30,,n/a,n/a,44,10.85,0.29,,2.3B,1 month
website speed for small business,website speed for small business​,n/a,n/a,0,30,,n/a,n/a,n/a,0.00,0.00,n/a,n/a,"For metrics, refresh"
websites design tips for small businesses,websites design tips for small businesses​,n/a,n/a,0,30,,n/a,n/a,n/a,0.00,0.00,n/a,n/a,"For metrics, refresh"
what is the best free website builder for small business,what is the best free website builder for small business​,C,n/a,0,30,,n/a,n/a,70,12.16,0.28,+3,321M,1 month
what is the best website hosting for small business,what is the best website hosting for small business​,C,n/a,0,30,,n/a,n/a,57,14.11,0.24,+2,131,4 weeks
what makes a good website for a small business,what makes a good website for a small business​,n/a,n/a,0,30,,n/a,n/a,n/a,0.00,0.17,n/a,n/a,"For metrics, refresh"
what's the best website builder for small business,what's the best website builder for small business​,n/a,n/a,0,30,,n/a,n/a,n/a,20.88,0.76,n/a,n/a,"For metrics, refresh"
why a website is important for small business,why a website is important for small business​,n/a,n/a,0,30,,n/a,n/a,n/a,0.00,0.03,n/a,n/a,"For metrics, refresh"
why do i need a website for my small business,why do i need a website for my small business​,n/a,n/a,0,30,,n/a,n/a,n/a,0.00,0.33,n/a,n/a,"For metrics, refresh"
why have a website for small business,why have a website for small business​,n/a,n/a,0,30,,n/a,n/a,n/a,0.00,0.33,n/a,n/a,"For metrics, refresh"
wordpress website for small business,wordpress website for small business​,n/a,n/a,0,30,,n/a,n/a,n/a,0.00,0.33,n/a,n/a,"For metrics, refresh"
advanced seo techniques for small business websites,advanced seo techniques for small business websites​,n/a,n/a,0,20,,n/a,n/a,n/a,0.00,0.00,n/a,n/a,"For metrics, refresh"
advantages of having a website for small business,advantages of having a website for small business​,n/a,n/a,0,20,,n/a,n/a,n/a,0.00,0.00,n/a,n/a,"For metrics, refresh"
affordable business website design platforms for small companies,affordable business website design platforms for small companies​,n/a,n/a,0,20,,n/a,n/a,n/a,0.00,0.00,n/a,n/a,"For metrics, refresh"
affordable website builder for small business,affordable website builder for small business​,n/a,n/a,0,20,,n/a,n/a,n/a,15.32,0.90,n/a,n/a,"For metrics, refresh"
affordable website design for small businesses in des moines,affordable website design for small businesses in des moines​,n/a,n/a,0,20,,n/a,n/a,n/a,0.00,0.00,n/a,n/a,"For metrics, refresh"
affordable website for small business in florida,affordable website for small business in florida​,n/a,n/a,0,20,,n/a,n/a,n/a,0.00,0.00,n/a,n/a,"For metrics, refresh"
are there any free websites for small businesses,are there any free websites for small businesses​,n/a,n/a,0,20,,n/a,n/a,n/a,3.34,0.80,n/a,n/a,"For metrics, refresh"
automation for small business websites nyc,automation for small business websites nyc​,n/a,n/a,0,20,,n/a,n/a,n/a,0.00,0.00,n/a,n/a,"For metrics, refresh"
average cost of custom website for small business,average cost of custom website for small business​,n/a,n/a,0,20,,n/a,n/a,n/a,0.00,0.00,n/a,n/a,"For metrics, refresh"
average cost of website design for small business in india,average cost of website design for small business in india​,n/a,n/a,0,20,,n/a,n/a,n/a,0.00,0.07,n/a,n/a,"For metrics, refresh"
average cost of website design for small business reddit,average cost of website design for small business reddit​,n/a,n/a,0,20,,n/a,n/a,n/a,0.00,0.05,n/a,n/a,"For metrics, refresh"
average cost of website for small business 2024,average cost of website for small business 2024​,n/a,n/a,0,20,,n/a,n/a,n/a,0.00,0.00,n/a,n/a,"For metrics, refresh"
basic website for small business,basic website for small business​,n/a,n/a,0,20,,n/a,n/a,n/a,9.99,0.80,n/a,n/a,"For metrics, refresh"
benefits of a website for a small business,benefits of a website for a small business​,n/a,n/a,0,20,,n/a,n/a,n/a,5.61,0.08,n/a,n/a,"For metrics, refresh"
benefits of having a website for a small business,benefits of having a website for a small business​,n/a,n/a,0,20,,n/a,n/a,n/a,3.19,0.19,n/a,n/a,"For metrics, refresh"
benefits of having a website for small business 2026,benefits of having a website for small business 2026​,n/a,n/a,0,20,,n/a,n/a,n/a,0.00,0.00,n/a,n/a,"For metrics, refresh"
best ai website builder for small businesses,best ai website builder for small businesses​,n/a,n/a,0,20,,n/a,n/a,n/a,0.00,0.00,n/a,n/a,"For metrics, refresh"
best booking website for small business,best booking website for small business​,n/a,n/a,0,20,,n/a,n/a,n/a,24.09,0.69,n/a,n/a,"For metrics, refresh"
best build your own website for small business,best build your own website for small business​,n/a,n/a,0,20,,n/a,n/a,n/a,9.88,0.43,n/a,n/a,"For metrics, refresh"
best cheap website builder for small business,best cheap website builder for small business​,n/a,n/a,0,20,,n/a,n/a,n/a,16.35,0.99,n/a,n/a,"For metrics, refresh"
best cheap website for small business,best cheap website for small business​,n/a,n/a,0,20,,n/a,n/a,n/a,13.34,0.86,n/a,n/a,"For metrics, refresh"
best diy website for small business,best diy website for small business​,n/a,n/a,0,20,,n/a,n/a,n/a,0.00,0.33,n/a,n/a,"For metrics, refresh"
best diy websites for small business,best diy websites for small business​,n/a,n/a,0,20,,n/a,n/a,n/a,9.20,1.00,n/a,n/a,"For metrics, refresh"
best domain and website builder for small business,best domain and website builder for small business​,n/a,n/a,0,20,,n/a,n/a,n/a,19.29,0.70,n/a,n/a,"For metrics, refresh"
best e-commerce website builder for small business,best e-commerce website builder for small business​,n/a,n/a,0,20,,n/a,n/a,n/a,11.11,0.38,n/a,n/a,"For metrics, refresh"
best email and website hosting for small business,best email and website hosting for small business​,n/a,n/a,0,20,,n/a,n/a,n/a,17.22,0.67,n/a,n/a,"For metrics, refresh"
best free diy website builder for small business,best free diy website builder for small business​,n/a,n/a,0,20,,n/a,n/a,n/a,8.28,0.65,n/a,n/a,"For metrics, refresh"
best free or cheap website builders for small business 2026,best free or cheap website builders for small business 2026​,n/a,n/a,0,20,,n/a,n/a,n/a,0.00,0.00,n/a,n/a,"For metrics, refresh"
best free or inexpensive website builders for small business 2026,best free or inexpensive website builders for small business 2026​,n/a,n/a,0,20,,n/a,n/a,n/a,0.00,0.00,n/a,n/a,"For metrics, refresh"
best free website builder and hosting for small business,best free website builder and hosting for small business​,n/a,n/a,0,20,,n/a,n/a,n/a,8.04,0.97,n/a,n/a,"For metrics, refresh"
best free website builder for small business reddit,best free website builder for small business reddit​,n/a,n/a,0,20,,n/a,n/a,n/a,8.63,0.48,n/a,n/a,"For metrics, refresh"
best free website builders for small business 2025 2026,best free website builders for small business 2025 2026​,n/a,n/a,0,20,,n/a,n/a,n/a,0.00,0.00,n/a,n/a,"For metrics, refresh"
best free website hosting for small business,best free website hosting for small business​,n/a,n/a,0,20,,n/a,n/a,n/a,6.19,0.25,n/a,n/a,"For metrics, refresh"
best free website templates for small business,best free website templates for small business​,n/a,n/a,0,20,,n/a,n/a,n/a,0.00,0.00,n/a,n/a,"For metrics, refresh"
best hiring websites for small business,best hiring websites for small business​,n/a,n/a,0,20,,n/a,n/a,n/a,31.68,0.95,n/a,n/a,"For metrics, refresh"
best hosting websites for small business,best hosting websites for small business​,n/a,n/a,0,20,,n/a,n/a,n/a,12.25,0.35,n/a,n/a,"For metrics, refresh"
best lightweight web framework for small business website 2025 2026,best lightweight web framework for small business website 2025 2026​,n/a,n/a,0,20,,n/a,n/a,n/a,0.00,0.00,n/a,n/a,"For metrics, refresh"
best online websites for small business,best online websites for small business​,n/a,n/a,0,20,,n/a,n/a,n/a,0.00,0.95,n/a,n/a,"For metrics, refresh"
best place to make a website for small business,best place to make a website for small business​,n/a,n/a,0,20,,n/a,n/a,n/a,13.41,0.93,n/a,n/a,"For metrics, refresh"
best place to make website for small business,best place to make website for small business​,n/a,n/a,0,20,,n/a,n/a,n/a,14.31,0.95,n/a,n/a,"For metrics, refresh"
best selling websites for small business,best selling websites for small business​,n/a,n/a,0,20,,n/a,n/a,n/a,7.35,0.33,n/a,n/a,"For metrics, refresh"
best seo services for small business websites,best seo services for small business websites​,n/a,n/a,0,20,,n/a,n/a,n/a,0.00,0.00,n/a,n/a,"For metrics, refresh"
best way to create a website for a small business,best way to create a website for a small business​,n/a,n/a,0,20,,n/a,n/a,n/a,16.35,0.54,n/a,n/a,"For metrics, refresh"
best way to make a website for small business,best way to make a website for small business​,n/a,n/a,0,20,,n/a,n/a,n/a,15.42,0.33,n/a,n/a,"For metrics, refresh"
best way to make website for small business,best way to make website for small business​,n/a,n/a,0,20,,n/a,n/a,n/a,12.33,0.99,n/a,n/a,"For metrics, refresh"
best way to start a website for a small business,best way to start a website for a small business​,n/a,n/a,0,20,,n/a,n/a,n/a,12.42,0.52,n/a,n/a,"For metrics, refresh"
best website and email hosting for small business,best website and email hosting for small business​,n/a,n/a,0,20,,n/a,n/a,n/a,14.42,0.66,n/a,n/a,"For metrics, refresh"
best website builder for ecommerce small business,best website builder for ecommerce small business​,n/a,n/a,0,20,,n/a,n/a,n/a,15.21,0.80,n/a,n/a,"For metrics, refresh"
best website builder for new small business,best website builder for new small business​,n/a,n/a,0,20,,n/a,n/a,n/a,11.26,0.97,n/a,n/a,"For metrics, refresh"
best website builder for small business 2020,best website builder for small business 2020​,n/a,n/a,0,20,,n/a,n/a,n/a,0.00,0.33,n/a,n/a,"For metrics, refresh"
best website builder for small business 2026,best website builder for small business 2026​,n/a,n/a,0,20,,n/a,n/a,n/a,0.00,0.00,n/a,n/a,"For metrics, refresh"
best website builder for small business australia,best website builder for small business australia​,n/a,n/a,0,20,,n/a,n/a,n/a,0.00,0.07,n/a,n/a,"For metrics, refresh"
best website builder for small business canada,best website builder for small business canada​,n/a,n/a,0,20,,n/a,n/a,n/a,0.00,0.00,n/a,n/a,"For metrics, refresh"
best website builder for small business hosting,best website builder for small business hosting​,n/a,n/a,0,20,,n/a,n/a,n/a,0.00,0.00,n/a,n/a,"For metrics, refresh"
best website builder for small business online store,best website builder for small business online store​,n/a,n/a,0,20,,n/a,n/a,n/a,15.40,0.06,n/a,n/a,"For metrics, refresh"
best website builder for small business selling products,best website builder for small business selling products​,n/a,n/a,0,20,,n/a,n/a,n/a,13.19,0.70,n/a,n/a,"For metrics, refresh"
best website builder for small business seo,best website builder for small business seo​,n/a,n/a,0,20,,n/a,n/a,n/a,7.91,1.00,n/a,n/a,"For metrics, refresh"
best website builder for small ecommerce business,best website builder for small ecommerce business​,n/a,n/a,0,20,,n/a,n/a,n/a,8.28,0.93,n/a,n/a,"For metrics, refresh"
best website builder for small online business,best website builder for small online business​,n/a,n/a,0,20,,n/a,n/a,n/a,9.75,0.79,n/a,n/a,"For metrics, refresh"
best website builder templates for small businesses 2025,best website builder templates for small businesses 2025​,n/a,n/a,0,20,,n/a,n/a,n/a,0.00,0.00,n/a,n/a,"For metrics, refresh"
best website builders for small business in india 2026,best website builders for small business in india 2026​,n/a,n/a,0,20,,n/a,n/a,n/a,0.00,0.00,n/a,n/a,"For metrics, refresh"
best website builders for small businesses no coding 2025,best website builders for small businesses no coding 2025​,n/a,n/a,0,20,,n/a,n/a,n/a,0.00,0.00,n/a,n/a,"For metrics, refresh"
best website design agencies for small businesses sarasota,best website design agencies for small businesses sarasota​,n/a,n/a,0,20,,n/a,n/a,n/a,0.00,0.00,n/a,n/a,"For metrics, refresh"
best website design practices for small businesses 2025 2026,best website design practices for small businesses 2025 2026​,n/a,n/a,0,20,,n/a,n/a,n/a,0.00,0.00,n/a,n/a,"For metrics, refresh"
best website domain for small business,best website domain for small business​,n/a,n/a,0,20,,n/a,n/a,n/a,17.16,0.79,n/a,n/a,"For metrics, refresh"
best website examples for small business,best website examples for small business​,n/a,n/a,0,20,,n/a,n/a,n/a,3.42,0.37,n/a,n/a,"For metrics, refresh"
best website for a small business,best website for a small business​,n/a,n/a,0,20,,n/a,n/a,n/a,20.38,0.55,n/a,n/a,"For metrics, refresh"
best website for small business ecommerce,best website for small business ecommerce​,n/a,n/a,0,20,,n/a,n/a,n/a,16.55,0.53,n/a,n/a,"For metrics, refresh"
best website for small business owners,best website for small business owners​,n/a,n/a,0,20,,n/a,n/a,n/a,16.11,0.34,n/a,n/a,"For metrics, refresh"
best website for small business reddit,best website for small business reddit​,n/a,n/a,0,20,,n/a,n/a,n/a,13.09,0.61,n/a,n/a,"For metrics, refresh"
best website for small business sales,best website for small business sales​,n/a,n/a,0,20,,n/a,n/a,n/a,21.18,0.50,n/a,n/a,"For metrics, refresh"
best website for small business shop,best website for small business shop​,n/a,n/a,0,20,,n/a,n/a,n/a,0.00,0.00,n/a,n/a,"For metrics, refresh"
best website for small craft business,best website for small craft business​,n/a,n/a,0,20,,n/a,n/a,n/a,4.13,0.25,n/a,n/a,"For metrics, refresh"
best website for small online business,best website for small online business​,n/a,n/a,0,20,,n/a,n/a,n/a,9.26,0.95,n/a,n/a,"For metrics, refresh"
best website for starting a small business,best website for starting a small business​,n/a,n/a,0,20,,n/a,n/a,n/a,18.44,0.13,n/a,n/a,"For metrics, refresh"
best website hosting and builder for small business,best website hosting and builder for small business​,n/a,n/a,0,20,,n/a,n/a,n/a,19.16,0.91,n/a,n/a,"For metrics, refresh"
best website hosting company for small business,best website hosting company for small business​,n/a,n/a,0,20,,n/a,n/a,n/a,15.59,0.10,n/a,n/a,"For metrics, refresh"
best website hosting for small business canada,best website hosting for small business canada​,n/a,n/a,0,20,,n/a,n/a,n/a,0.00,0.86,n/a,n/a,"For metrics, refresh"
best website hosting for small business reddit,best website hosting for small business reddit​,n/a,n/a,0,20,,n/a,n/a,n/a,13.37,0.60,n/a,n/a,"For metrics, refresh"
best website hosting for small business uk,best website hosting for small business uk​,n/a,n/a,0,20,,n/a,n/a,n/a,0.00,0.00,n/a,n/a,"For metrics, refresh"
best website hosting platforms for small business,best website hosting platforms for small business​,n/a,n/a,0,20,,n/a,n/a,n/a,15.51,0.86,n/a,n/a,"For metrics, refresh"
best website hosting providers for small businesses,best website hosting providers for small businesses​,n/a,n/a,0,20,,n/a,n/a,n/a,0.00,0.00,n/a,n/a,"For metrics, refresh"
best website optimization services for small businesses,best website optimization services for small businesses​,n/a,n/a,0,20,,n/a,n/a,n/a,0.00,0.00,n/a,n/a,"For metrics, refresh"
best website options for small business,best website options for small business​,n/a,n/a,0,20,,n/a,n/a,n/a,14.59,0.99,n/a,n/a,"For metrics, refresh"
best website providers for small business,best website providers for small business​,n/a,n/a,0,20,,n/a,n/a,n/a,10.83,0.53,n/a,n/a,"For metrics, refresh"
best website security for small business,best website security for small business​,n/a,n/a,0,20,,n/a,n/a,n/a,0.00,0.33,n/a,n/a,"For metrics, refresh"
best website to use for small business,best website to use for small business​,n/a,n/a,0,20,,n/a,n/a,n/a,11.94,0.86,n/a,n/a,"For metrics, refresh"
best website tools for small business,best website tools for small business​,n/a,n/a,0,20,,n/a,n/a,n/a,7.68,0.00,n/a,n/a,"For metrics, refresh"
best websites for small retail business,best websites for small retail business​,n/a,n/a,0,20,,n/a,n/a,n/a,0.00,0.00,n/a,n/a,"For metrics, refresh"
best websites to sell stuff for small business,best websites to sell stuff for small business​,n/a,n/a,0,20,,n/a,n/a,n/a,6.03,1.00,n/a,n/a,"For metrics, refresh"
best websites to use for small business,best websites to use for small business​,n/a,n/a,0,20,,n/a,n/a,n/a,16.02,0.99,n/a,n/a,"For metrics, refresh"
best wholesale websites for small business,best wholesale websites for small business​,n/a,n/a,0,20,,n/a,n/a,n/a,3.83,0.70,n/a,n/a,"For metrics, refresh"
best wordpress theme for small business website,best wordpress theme for small business website​,n/a,n/a,0,20,,n/a,n/a,n/a,0.00,0.62,n/a,n/a,"For metrics, refresh"
best wordpress website design agencies vancouver for small businesses smbs,best wordpress website design agencies vancouver for small businesses smbs​,n/a,n/a,0,20,,n/a,n/a,n/a,0.00,0.00,n/a,n/a,"For metrics, refresh"
blog vs website for small business,blog vs website for small business​,n/a,n/a,0,20,,n/a,n/a,n/a,0.00,0.00,n/a,n/a,"For metrics, refresh"
bookkeeping websites for small business,bookkeeping websites for small business​,n/a,n/a,0,20,,n/a,n/a,n/a,11.76,0.83,n/a,n/a,"For metrics, refresh"
brochure wordpress websites for small businesses,brochure wordpress websites for small businesses​,n/a,n/a,0,20,,n/a,n/a,n/a,0.00,0.00,n/a,n/a,"For metrics, refresh"
building websites for small business owners,building websites for small business owners​,n/a,n/a,0,20,,n/a,n/a,n/a,11.87,0.71,n/a,n/a,"For metrics, refresh"
business website templates for small businesses,business website templates for small businesses​,n/a,n/a,0,20,,n/a,n/a,n/a,0.00,0.00,n/a,n/a,"For metrics, refresh"
cheapest ip intel provider for small business website security,cheapest ip intel provider for small business website security​,n/a,n/a,0,20,,n/a,n/a,n/a,0.00,0.00,n/a,n/a,"For metrics, refresh"
cms for small business website,cms for small business website​,n/a,n/a,0,20,,n/a,n/a,n/a,0.00,0.03,n/a,n/a,"For metrics, refresh"
common website creation challenges for small businesses,common website creation challenges for small businesses​,n/a,n/a,0,20,,n/a,n/a,n/a,0.00,0.00,n/a,n/a,"For metrics, refresh"
common website development challenges for small businesses,common website development challenges for small businesses​,n/a,n/a,0,20,,n/a,n/a,n/a,0.00,0.00,n/a,n/a,"For metrics, refresh"
compelling website content for small businesses,compelling website content for small businesses​,n/a,n/a,0,20,,n/a,n/a,n/a,0.00,0.00,n/a,n/a,"For metrics, refresh"
conversion rate optimization cro tips for small business websites,conversion rate optimization cro tips for small business websites​,n/a,n/a,0,20,,n/a,n/a,n/a,0.00,0.00,n/a,n/a,"For metrics, refresh"
cost to build website for small business 2026,cost to build website for small business 2026​,n/a,n/a,0,20,,n/a,n/a,n/a,0.00,0.00,n/a,n/a,"For metrics, refresh"
create a website for a small business,create a website for a small business​,n/a,n/a,0,20,,n/a,n/a,n/a,15.12,0.36,n/a,n/a,"For metrics, refresh"
create a website for your small business,create a website for your small business​,n/a,n/a,0,20,,n/a,n/a,n/a,0.00,0.10,n/a,n/a,"For metrics, refresh"
create small business website for free,create small business website for free​,n/a,n/a,0,20,,n/a,n/a,n/a,15.96,0.03,n/a,n/a,"For metrics, refresh"
creating a website for a small business free,creating a website for a small business free​,n/a,n/a,0,20,,n/a,n/a,n/a,15.96,0.03,n/a,n/a,"For metrics, refresh"
creating a website for my small business,creating a website for my small business​,n/a,n/a,0,20,,n/a,n/a,n/a,18.14,0.99,n/a,n/a,"For metrics, refresh"
creating a website for your small business,creating a website for your small business​,n/a,n/a,0,20,,n/a,n/a,n/a,0.00,0.97,n/a,n/a,"For metrics, refresh"
creating websites for small businesses reddit,creating websites for small businesses reddit​,n/a,n/a,0,20,,n/a,n/a,n/a,7.91,0.22,n/a,n/a,"For metrics, refresh"
crowdfunding websites for small business,crowdfunding websites for small business​,n/a,n/a,0,20,,n/a,n/a,n/a,3.94,0.77,n/a,n/a,"For metrics, refresh"
custom website development for small business,custom website development for small business​,n/a,n/a,0,20,,n/a,n/a,n/a,0.00,0.00,n/a,n/a,"For metrics, refresh"
custom website optimization for small business,custom website optimization for small business​,n/a,n/a,0,20,,n/a,n/a,n/a,0.00,0.00,n/a,n/a,"For metrics, refresh"
denver website design for small business,denver website design for small business​,n/a,n/a,0,20,,n/a,n/a,n/a,0.00,0.00,n/a,n/a,"For metrics, refresh"
design a website for a small business,design a website for a small business​,n/a,n/a,0,20,,n/a,n/a,n/a,12.95,0.11,n/a,n/a,"For metrics, refresh"
design a website for small business elk grove ca,design a website for small business elk grove ca​,n/a,n/a,0,20,,n/a,n/a,n/a,0.00,0.00,n/a,n/a,"For metrics, refresh"
design website for small business,design website for small business​,n/a,n/a,0,20,,n/a,n/a,n/a,12.95,0.11,n/a,n/a,"For metrics, refresh"
design-first website package for small businesses,design-first website package for small businesses​,n/a,n/a,0,20,,n/a,n/a,n/a,0.00,0.00,n/a,n/a,"For metrics, refresh"
do i need a website for my small business,do i need a website for my small business​,n/a,n/a,0,20,,n/a,n/a,n/a,8.38,0.24,n/a,n/a,"For metrics, refresh"
e commerce websites for small businesses,e commerce websites for small businesses​,n/a,n/a,0,20,,n/a,n/a,n/a,0.00,0.03,n/a,n/a,"For metrics, refresh"
easy website for small business,easy website for small business​,n/a,n/a,0,20,,n/a,n/a,n/a,21.38,0.33,n/a,n/a,"For metrics, refresh"
eco-friendly website development services for small businesses,eco-friendly website development services for small businesses​,n/a,n/a,0,20,,n/a,n/a,n/a,0.00,0.00,n/a,n/a,"For metrics, refresh"
ecommerce website design for small business,ecommerce website design for small business​,n/a,n/a,0,20,,n/a,n/a,n/a,0.00,0.33,n/a,n/a,"For metrics, refresh"
ecommerce websites for small business,ecommerce websites for small business​,n/a,n/a,0,20,,n/a,n/a,n/a,7.40,0.46,n/a,n/a,"For metrics, refresh"
email and website for small business,email and website for small business​,n/a,n/a,0,20,,n/a,n/a,n/a,12.07,0.86,n/a,n/a,"For metrics, refresh"
facebook vs website for small business,facebook vs website for small business​,n/a,n/a,0,20,,n/a,n/a,n/a,0.00,0.43,n/a,n/a,"For metrics, refresh"
free business website and email for small business,free business website and email for small business​,n/a,n/a,0,20,,n/a,n/a,n/a,8.55,0.00,n/a,n/a,"For metrics, refresh"
free ecommerce website for small business,free ecommerce website for small business​,n/a,n/a,0,20,,n/a,n/a,n/a,7.79,0.74,n/a,n/a,"For metrics, refresh"
free website builders for small businesses 2026,free website builders for small businesses 2026​,n/a,n/a,0,20,,n/a,n/a,n/a,0.00,0.00,n/a,n/a,"For metrics, refresh"
free website for small business owners,free website for small business owners​,n/a,n/a,0,20,,n/a,n/a,n/a,11.60,0.32,n/a,n/a,"For metrics, refresh"
free website hosting and domain for small business,free website hosting and domain for small business​,n/a,n/a,0,20,,n/a,n/a,n/a,11.06,0.78,n/a,n/a,"For metrics, refresh"
free website platforms for small business,free website platforms for small business​,n/a,n/a,0,20,,n/a,n/a,n/a,8.24,0.99,n/a,n/a,"For metrics, refresh"
free website seo audit for small business,free website seo audit for small business​,n/a,n/a,0,20,,n/a,n/a,n/a,0.00,0.00,n/a,n/a,"For metrics, refresh"
free websites for small business owners,free websites for small business owners​,n/a,n/a,0,20,,n/a,n/a,n/a,11.60,0.32,n/a,n/a,"For metrics, refresh"
freelance website designers for small business,freelance website designers for small business​,n/a,n/a,0,20,,n/a,n/a,n/a,0.00,0.00,n/a,n/a,"For metrics, refresh"
full-service wordpress maintenance and management for small business websites,full-service wordpress maintenance and management for small business websites​,n/a,n/a,0,20,,n/a,n/a,n/a,0.00,0.00,n/a,n/a,"For metrics, refresh"
fundraising websites for small businesses,fundraising websites for small businesses​,n/a,n/a,0,20,,n/a,n/a,n/a,0.00,0.00,n/a,n/a,"For metrics, refresh"
good website builder for small business,good website builder for small business​,n/a,n/a,0,20,,n/a,n/a,n/a,14.25,0.51,n/a,n/a,"For metrics, refresh"
good websites for small business,good websites for small business​,n/a,n/a,0,20,,n/a,n/a,n/a,13.14,0.86,n/a,n/a,"For metrics, refresh"
good websites for small businesses,good websites for small businesses​,n/a,n/a,0,20,,n/a,n/a,n/a,10.22,0.86,n/a,n/a,"For metrics, refresh"
google free website for small business,google free website for small business​,n/a,n/a,0,20,,n/a,n/a,n/a,12.17,0.40,n/a,n/a,"For metrics, refresh"
google website for small business,google website for small business​,n/a,n/a,0,20,,n/a,n/a,n/a,8.11,0.58,n/a,n/a,"For metrics, refresh"
google websites for small business,google websites for small business​,n/a,n/a,0,20,,n/a,n/a,n/a,8.11,0.55,n/a,n/a,"For metrics, refresh"
grants for websites for small business,grants for websites for small business​,n/a,n/a,0,20,,n/a,n/a,n/a,4.97,0.54,n/a,n/a,"For metrics, refresh"
how can i build a website for my small business,how can i build a website for my small business​,n/a,n/a,0,20,,n/a,n/a,n/a,11.47,1.00,n/a,n/a,"For metrics, refresh"
how do you make a website for a small business,how do you make a website for a small business​,n/a,n/a,0,20,,n/a,n/a,n/a,9.15,0.86,n/a,n/a,"For metrics, refresh"
how important is a website for a small business,how important is a website for a small business​,n/a,n/a,0,20,,n/a,n/a,n/a,4.44,0.24,n/a,n/a,"For metrics, refresh"
how much for a small business website,how much for a small business website​,n/a,n/a,0,20,,n/a,n/a,n/a,1.43,0.63,n/a,n/a,"For metrics, refresh"
how much is a website for a small business,how much is a website for a small business​,n/a,n/a,0,20,,n/a,n/a,n/a,4.84,0.71,n/a,n/a,"For metrics, refresh"
how to build free website for small business,how to build free website for small business​,n/a,n/a,0,20,,n/a,n/a,n/a,9.10,0.38,n/a,n/a,"For metrics, refresh"
how to create a free website for a small business,how to create a free website for a small business​,n/a,n/a,0,20,,n/a,n/a,n/a,8.65,0.07,n/a,n/a,"For metrics, refresh"
how to create a website for my small business,how to create a website for my small business​,n/a,n/a,0,20,,n/a,n/a,n/a,11.31,0.53,n/a,n/a,"For metrics, refresh"
how to create a website for your small business,how to create a website for your small business​,n/a,n/a,0,20,,n/a,n/a,n/a,17.35,0.66,n/a,n/a,"For metrics, refresh"
how to create your own website for small business,how to create your own website for small business​,n/a,n/a,0,20,,n/a,n/a,n/a,0.00,0.14,n/a,n/a,"For metrics, refresh"
how to make your own small business website for free,how to make your own small business website for free​,n/a,n/a,0,20,,n/a,n/a,n/a,0.00,0.33,n/a,n/a,"For metrics, refresh"
how to make your own website for a small business,how to make your own website for a small business​,n/a,n/a,0,20,,n/a,n/a,n/a,9.27,0.76,n/a,n/a,"For metrics, refresh"
how to make your own website for small business,how to make your own website for small business​,n/a,n/a,0,20,,n/a,n/a,n/a,0.00,0.57,n/a,n/a,"For metrics, refresh"
how to set up a website for my small business,how to set up a website for my small business​,n/a,n/a,0,20,,n/a,n/a,n/a,8.73,0.30,n/a,n/a,"For metrics, refresh"
how to set up a website for small business,how to set up a website for small business​,n/a,n/a,0,20,,n/a,n/a,n/a,11.00,0.83,n/a,n/a,"For metrics, refresh"
how to start a website for my small business,how to start a website for my small business​,n/a,n/a,0,20,,n/a,n/a,n/a,10.76,0.95,n/a,n/a,"For metrics, refresh"
i want to build a website for my small business,i want to build a website for my small business​,n/a,n/a,0,20,,n/a,n/a,n/a,21.05,0.64,n/a,n/a,"For metrics, refresh"
internal website security for small business,internal website security for small business​,n/a,n/a,0,20,,n/a,n/a,n/a,0.00,0.43,n/a,n/a,"For metrics, refresh"
is it worth having a website for a small business,is it worth having a website for a small business​,n/a,n/a,0,20,,n/a,n/a,n/a,0.00,0.57,n/a,n/a,"For metrics, refresh"
is wix a good website builder for small business,is wix a good website builder for small business​,n/a,n/a,0,20,,n/a,n/a,n/a,3.62,0.38,n/a,n/a,"For metrics, refresh"
low cost websites for small business,low cost websites for small business​,n/a,n/a,0,20,,n/a,n/a,n/a,12.98,0.86,n/a,n/a,"For metrics, refresh"
make a website for my small business,make a website for my small business​,n/a,n/a,0,20,,n/a,n/a,n/a,14.77,0.95,n/a,n/a,"For metrics, refresh"
make your own website for small business free,make your own website for small business free​,n/a,n/a,0,20,,n/a,n/a,n/a,13.39,0.08,n/a,n/a,"For metrics, refresh"
making websites for small businesses reddit,making websites for small businesses reddit​,n/a,n/a,0,20,,n/a,n/a,n/a,0.00,0.08,n/a,n/a,"For metrics, refresh"
managed website for small businesses,managed website for small businesses​,n/a,n/a,0,20,,n/a,n/a,n/a,0.00,0.00,n/a,n/a,"For metrics, refresh"
mobile website for small business,mobile website for small business​,n/a,n/a,0,20,,n/a,n/a,n/a,0.00,0.00,n/a,n/a,"For metrics, refresh"
mobile websites for small business,mobile websites for small business​,n/a,n/a,0,20,,n/a,n/a,n/a,0.00,0.00,n/a,n/a,"For metrics, refresh"
mobile-friendly website design best practices for small businesses,mobile-friendly website design best practices for small businesses​,n/a,n/a,0,20,,n/a,n/a,n/a,0.00,0.00,n/a,n/a,"For metrics, refresh"
mobile-friendly websites for my small business,mobile-friendly websites for my small business​,n/a,n/a,0,20,,n/a,n/a,n/a,0.00,0.00,n/a,n/a,"For metrics, refresh"
most affordable website builder for small business,most affordable website builder for small business​,n/a,n/a,0,20,,n/a,n/a,n/a,14.91,0.50,n/a,n/a,"For metrics, refresh"
need a website for my small business,need a website for my small business​,n/a,n/a,0,20,,n/a,n/a,n/a,23.03,0.36,n/a,n/a,"For metrics, refresh"
nh website for small business,nh website for small business​,n/a,n/a,0,20,,n/a,n/a,n/a,0.00,0.00,n/a,n/a,"For metrics, refresh"
online store website for small business,online store website for small business​,n/a,n/a,0,20,,n/a,n/a,n/a,8.36,0.95,n/a,n/a,"For metrics, refresh"
payroll websites for small business,payroll websites for small business​,n/a,n/a,0,20,,n/a,n/a,n/a,66.34,0.83,n/a,n/a,"For metrics, refresh"
pricing models for freelance website design services for small businesses,pricing models for freelance website design services for small businesses​,n/a,n/a,0,20,,n/a,n/a,n/a,0.00,0.00,n/a,n/a,"For metrics, refresh"
pricing models for freelance website design services small businesses,pricing models for freelance website design services small businesses​,n/a,n/a,0,20,,n/a,n/a,n/a,0.00,0.00,n/a,n/a,"For metrics, refresh"
privacy policy for small business website,privacy policy for small business website​,n/a,n/a,0,20,,n/a,n/a,n/a,0.00,0.77,n/a,n/a,"For metrics, refresh"
professional website builder for small business,professional website builder for small business​,n/a,n/a,0,20,,n/a,n/a,n/a,32.72,0.14,n/a,n/a,"For metrics, refresh"
professional website copywriter for small businesses,professional website copywriter for small businesses​,n/a,n/a,0,20,,n/a,n/a,n/a,0.00,0.00,n/a,n/a,"For metrics, refresh"
professional website for small business,professional website for small business​,n/a,n/a,0,20,,n/a,n/a,n/a,0.00,0.04,n/a,n/a,"For metrics, refresh"
reddit best website builder for small business,reddit best website builder for small business​,n/a,n/a,0,20,,n/a,n/a,n/a,26.76,0.37,n/a,n/a,"For metrics, refresh"
roi-focused website design for michigan small businesses,roi-focused website design for michigan small businesses​,n/a,n/a,0,20,,n/a,n/a,n/a,0.00,0.00,n/a,n/a,"For metrics, refresh"
scheduling website for small business,scheduling website for small business​,n/a,n/a,0,20,,n/a,n/a,n/a,16.86,1.00,n/a,n/a,"For metrics, refresh"
search engine optimized websites for small business,search engine optimized websites for small business​,n/a,n/a,0,20,,n/a,n/a,n/a,0.00,0.00,n/a,n/a,"For metrics, refresh"
seo for small business website miami,seo for small business website miami​,n/a,n/a,0,20,,n/a,n/a,n/a,0.00,0.00,n/a,n/a,"For metrics, refresh"
simple website design for small business,simple website design for small business​,n/a,n/a,0,20,,n/a,n/a,n/a,0.00,0.00,n/a,n/a,"For metrics, refresh"
simple website for small business,simple website for small business​,n/a,n/a,0,20,,n/a,n/a,n/a,15.12,0.31,n/a,n/a,"For metrics, refresh"
small business grants for website development,small business grants for website development​,n/a,n/a,0,20,,n/a,n/a,n/a,0.00,0.57,n/a,n/a,"For metrics, refresh"
starting a website for a small business,starting a website for a small business​,n/a,n/a,0,20,,n/a,n/a,n/a,11.23,0.41,n/a,n/a,"For metrics, refresh"
starting a website for small business,starting a website for small business​,n/a,n/a,0,20,,n/a,n/a,n/a,10.94,0.80,n/a,n/a,"For metrics, refresh"
steps to creating a website for a small business,steps to creating a website for a small business​,n/a,n/a,0,20,,n/a,n/a,n/a,8.48,0.31,n/a,n/a,"For metrics, refresh"
the best website hosting for small business,the best website hosting for small business​,n/a,n/a,0,20,,n/a,n/a,n/a,17.48,0.75,n/a,n/a,"For metrics, refresh"
the importance of a website for small business,the importance of a website for small business​,n/a,n/a,0,20,,n/a,n/a,n/a,0.00,0.00,n/a,n/a,"For metrics, refresh"
top 10 website builders for small business,top 10 website builders for small business​,n/a,n/a,0,20,,n/a,n/a,n/a,23.07,0.86,n/a,n/a,"For metrics, refresh"
top front end development agencies for ecommerce websites small business,top front end development agencies for ecommerce websites small business​,n/a,n/a,0,20,,n/a,n/a,n/a,0.00,0.00,n/a,n/a,"For metrics, refresh"
top website builders for small businesses,top website builders for small businesses​,n/a,n/a,0,20,,n/a,n/a,n/a,0.00,1.00,n/a,n/a,"For metrics, refresh"
top websites for small business,top websites for small business​,n/a,n/a,0,20,,n/a,n/a,n/a,0.00,1.00,n/a,n/a,"For metrics, refresh"
top websites for small business owners,top websites for small business owners​,n/a,n/a,0,20,,n/a,n/a,n/a,11.41,0.93,n/a,n/a,"For metrics, refresh"
vermont website for small business,vermont website for small business​,n/a,n/a,0,20,,n/a,n/a,n/a,0.00,0.33,n/a,n/a,"For metrics, refresh"
we build websites for small businesses,we build websites for small businesses​,n/a,n/a,0,20,,n/a,n/a,n/a,0.00,0.50,n/a,n/a,"For metrics, refresh"
website advice for small business,website advice for small business​,n/a,n/a,0,20,,n/a,n/a,n/a,4.86,0.13,n/a,n/a,"For metrics, refresh"
website and digital marketing for small business,website and digital marketing for small business​,n/a,n/a,0,20,,n/a,n/a,n/a,0.00,0.00,n/a,n/a,"For metrics, refresh"
website and email for small business,website and email for small business​,n/a,n/a,0,20,,n/a,n/a,n/a,19.58,0.41,n/a,n/a,"For metrics, refresh"
website benefits for small businesses,website benefits for small businesses​,n/a,n/a,0,20,,n/a,n/a,n/a,5.61,0.08,n/a,n/a,"For metrics, refresh"
website builders for small business michigan,website builders for small business michigan​,n/a,n/a,0,20,,n/a,n/a,n/a,0.00,0.00,n/a,n/a,"For metrics, refresh"
website care plans for small businesses,website care plans for small businesses​,n/a,n/a,0,20,,n/a,n/a,n/a,0.00,0.00,n/a,n/a,"For metrics, refresh"
website cost calculator for small businesses,website cost calculator for small businesses​,n/a,n/a,0,20,,n/a,n/a,n/a,0.00,0.00,n/a,n/a,"For metrics, refresh"
website creator for small business free,website creator for small business free​,n/a,n/a,0,20,,n/a,n/a,n/a,13.23,0.79,n/a,n/a,"For metrics, refresh"
website design and online marketing for small business,website design and online marketing for small business​,n/a,n/a,0,20,,n/a,n/a,n/a,0.00,0.00,n/a,n/a,"For metrics, refresh"
website design for small business greenville,website design for small business greenville​,n/a,n/a,0,20,,n/a,n/a,n/a,0.00,0.00,n/a,n/a,"For metrics, refresh"
website design for small business st. louis,website design for small business st. louis​,n/a,n/a,0,20,,n/a,n/a,n/a,0.00,0.00,n/a,n/a,"For metrics, refresh"
website design for small business uk,website design for small business uk​,n/a,n/a,0,20,,n/a,n/a,n/a,0.00,0.33,n/a,n/a,"For metrics, refresh"
website design for small businesses alpharetta,website design for small businesses alpharetta​,n/a,n/a,0,20,,n/a,n/a,n/a,0.00,0.00,n/a,n/a,"For metrics, refresh"
website design for small businesses atlanta,website design for small businesses atlanta​,n/a,n/a,0,20,,n/a,n/a,n/a,0.00,0.00,n/a,n/a,"For metrics, refresh"
website design for small businesses in vermont,website design for small businesses in vermont​,n/a,n/a,0,20,,n/a,n/a,n/a,0.00,0.00,n/a,n/a,"For metrics, refresh"
website design for small businesses morehead city nc,website design for small businesses morehead city nc​,n/a,n/a,0,20,,n/a,n/a,n/a,0.00,0.00,n/a,n/a,"For metrics, refresh"
website design for small businesses roswell,website design for small businesses roswell​,n/a,n/a,0,20,,n/a,n/a,n/a,0.00,0.00,n/a,n/a,"For metrics, refresh"
website design for small businesses sandy springs,website design for small businesses sandy springs​,n/a,n/a,0,20,,n/a,n/a,n/a,0.00,0.00,n/a,n/a,"For metrics, refresh"
website design for small businesses sarasota,website design for small businesses sarasota​,n/a,n/a,0,20,,n/a,n/a,n/a,0.00,0.00,n/a,n/a,"For metrics, refresh"
website design for small online businesses,website design for small online businesses​,n/a,n/a,0,20,,n/a,n/a,n/a,0.00,0.00,n/a,n/a,"For metrics, refresh"
website designer for small businesses castle rock,website designer for small businesses castle rock​,n/a,n/a,0,20,,n/a,n/a,n/a,0.00,0.00,n/a,n/a,"For metrics, refresh"
website designer for small businesses in bucks county,website designer for small businesses in bucks county​,n/a,n/a,0,20,,n/a,n/a,n/a,0.00,0.00,n/a,n/a,"For metrics, refresh"
website designing for small business,website designing for small business​,n/a,n/a,0,20,,n/a,n/a,n/a,12.95,0.11,n/a,n/a,"For metrics, refresh"
website developers for small businesses,website developers for small businesses​,n/a,n/a,0,20,,n/a,n/a,n/a,12.95,0.11,n/a,n/a,"For metrics, refresh"
website for my small business,website for my small business​,n/a,n/a,0,20,,n/a,n/a,n/a,19.96,0.63,n/a,n/a,"For metrics, refresh"
website for small business alpharetta,website for small business alpharetta​,n/a,n/a,0,20,,n/a,n/a,n/a,0.00,0.00,n/a,n/a,"For metrics, refresh"
website for small business atlanta,website for small business atlanta​,n/a,n/a,0,20,,n/a,n/a,n/a,0.00,0.00,n/a,n/a,"For metrics, refresh"
website for small business baton rouge,website for small business baton rouge​,n/a,n/a,0,20,,n/a,n/a,n/a,0.00,0.33,n/a,n/a,"For metrics, refresh"
website for small business cost,website for small business cost​,n/a,n/a,0,20,,n/a,n/a,n/a,0.00,0.86,n/a,n/a,"For metrics, refresh"
website for small business grants,website for small business grants​,n/a,n/a,0,20,,n/a,n/a,n/a,0.00,0.50,n/a,n/a,"For metrics, refresh"
website for small business griffin ga,website for small business griffin ga​,n/a,n/a,0,20,,n/a,n/a,n/a,0.00,0.00,n/a,n/a,"For metrics, refresh"
website for small business india,website for small business india​,n/a,n/a,0,20,,n/a,n/a,n/a,0.00,0.33,n/a,n/a,"For metrics, refresh"
website for small business loans,website for small business loans​,n/a,n/a,0,20,,n/a,n/a,n/a,0.00,0.86,n/a,n/a,"For metrics, refresh"
website for small business roswell,website for small business roswell​,n/a,n/a,0,20,,n/a,n/a,n/a,0.00,0.00,n/a,n/a,"For metrics, refresh"
website for small business sandy springs,website for small business sandy springs​,n/a,n/a,0,20,,n/a,n/a,n/a,0.00,0.00,n/a,n/a,"For metrics, refresh"
website for small business vermont,website for small business vermont​,n/a,n/a,0,20,,n/a,n/a,n/a,0.00,0.33,n/a,n/a,"For metrics, refresh"
website for your small business,website for your small business​,n/a,n/a,0,20,,n/a,n/a,n/a,0.00,0.33,n/a,n/a,"For metrics, refresh"
website funding for small businesses,website funding for small businesses​,n/a,n/a,0,20,,n/a,n/a,n/a,0.00,0.29,n/a,n/a,"For metrics, refresh"
website grant for small business,website grant for small business​,n/a,n/a,0,20,,n/a,n/a,n/a,3.61,0.95,n/a,n/a,"For metrics, refresh"
website grants for small businesses,website grants for small businesses​,n/a,n/a,0,20,,n/a,n/a,n/a,4.97,0.54,n/a,n/a,"For metrics, refresh"
website legal requirements for small businesses,website legal requirements for small businesses​,n/a,n/a,0,20,,n/a,n/a,n/a,0.00,0.00,n/a,n/a,"For metrics, refresh"
website maintenance plan for small business,website maintenance plan for small business​,n/a,n/a,0,20,,n/a,n/a,n/a,0.00,0.33,n/a,n/a,"For metrics, refresh"
website maintenance plan for small business checklist 2025 or 2026,website maintenance plan for small business checklist 2025 or 2026​,n/a,n/a,0,20,,n/a,n/a,n/a,0.00,0.00,n/a,n/a,"For metrics, refresh"
website maintenance services for small business,website maintenance services for small business​,n/a,n/a,0,20,,n/a,n/a,n/a,0.00,0.03,n/a,n/a,"For metrics, refresh"
website management services for small business sports,website management services for small business sports​,n/a,n/a,0,20,,n/a,n/a,n/a,0.00,0.00,n/a,n/a,"For metrics, refresh"
website optimization for small and medium businesses,website optimization for small and medium businesses​,n/a,n/a,0,20,,n/a,n/a,n/a,0.00,0.00,n/a,n/a,"For metrics, refresh"
website optimization for small businesses,website optimization for small businesses​,n/a,n/a,0,20,,n/a,n/a,n/a,5.09,0.04,n/a,n/a,"For metrics, refresh"
website options for small business,website options for small business​,n/a,n/a,0,20,,n/a,n/a,n/a,13.86,0.35,n/a,n/a,"For metrics, refresh"
website platform for small business,website platform for small business​,n/a,n/a,0,20,,n/a,n/a,n/a,12.05,0.49,n/a,n/a,"For metrics, refresh"
website redesign for small businesses,website redesign for small businesses​,n/a,n/a,0,20,,n/a,n/a,n/a,0.00,0.00,n/a,n/a,"For metrics, refresh"
website security for small business,website security for small business​,n/a,n/a,0,20,,n/a,n/a,n/a,0.00,0.13,n/a,n/a,"For metrics, refresh"
website software for small business,website software for small business​,n/a,n/a,0,20,,n/a,n/a,n/a,0.00,0.33,n/a,n/a,"For metrics, refresh"
website vs blog for small business,website vs blog for small business​,n/a,n/a,0,20,,n/a,n/a,n/a,0.00,0.33,n/a,n/a,"For metrics, refresh"
websites for small business vermont,websites for small business vermont​,n/a,n/a,0,20,,n/a,n/a,n/a,0.00,0.33,n/a,n/a,"For metrics, refresh"
websites for small businesses edmonton,websites for small businesses edmonton​,n/a,n/a,0,20,,n/a,n/a,n/a,0.00,0.00,n/a,n/a,"For metrics, refresh"
websites to sell stuff for small business,websites to sell stuff for small business​,n/a,n/a,0,20,,n/a,n/a,n/a,8.69,0.72,n/a,n/a,"For metrics, refresh"
websites to use for small business,websites to use for small business​,n/a,n/a,0,20,,n/a,n/a,n/a,11.27,0.93,n/a,n/a,"For metrics, refresh"
what is an easy website builder for a small business,what is an easy website builder for a small business​,n/a,n/a,0,20,,n/a,n/a,n/a,0.00,0.33,n/a,n/a,"For metrics, refresh"
what is the best website builder for a small business,what is the best website builder for a small business​,n/a,n/a,0,20,,n/a,n/a,n/a,18.84,0.48,n/a,n/a,"For metrics, refresh"
what is the best website for a small business,what is the best website for a small business​,n/a,n/a,0,20,,n/a,n/a,n/a,11.47,0.88,n/a,n/a,"For metrics, refresh"
what is the best website for small business,what is the best website for small business​,n/a,n/a,0,20,,n/a,n/a,n/a,11.85,0.55,n/a,n/a,"For metrics, refresh"
what is the best website hosting platform for small business,what is the best website hosting platform for small business​,n/a,n/a,0,20,,n/a,n/a,n/a,14.23,0.90,n/a,n/a,"For metrics, refresh"
what is the best website to use for small business,what is the best website to use for small business​,n/a,n/a,0,20,,n/a,n/a,n/a,12.99,0.91,n/a,n/a,"For metrics, refresh"
what should i consider about ecommerce website for small business,what should i consider about ecommerce website for small business​,n/a,n/a,0,20,,n/a,n/a,n/a,0.00,0.00,n/a,n/a,"For metrics, refresh"
what website should i use for my small business,what website should i use for my small business​,n/a,n/a,0,20,,n/a,n/a,n/a,23.30,0.41,n/a,n/a,"For metrics, refresh"
what website to use for small business,what website to use for small business​,n/a,n/a,0,20,,n/a,n/a,n/a,22.78,0.24,n/a,n/a,"For metrics, refresh"
whats the best website builder for small business,whats the best website builder for small business​,n/a,n/a,0,20,,n/a,n/a,n/a,16.45,0.99,n/a,n/a,"For metrics, refresh"
which website is best for small business,which website is best for small business​,n/a,n/a,0,20,,n/a,n/a,n/a,0.00,0.33,n/a,n/a,"For metrics, refresh"
which website platform is best for small business,which website platform is best for small business​,n/a,n/a,0,20,,n/a,n/a,n/a,14.43,0.76,n/a,n/a,"For metrics, refresh"
who makes websites for small business,who makes websites for small business​,n/a,n/a,0,20,,n/a,n/a,n/a,11.44,0.82,n/a,n/a,"For metrics, refresh"
why are websites important for small business,why are websites important for small business​,n/a,n/a,0,20,,n/a,n/a,n/a,0.00,0.64,n/a,n/a,"For metrics, refresh"
wordpress theme for small business website,wordpress theme for small business website​,n/a,n/a,0,20,,n/a,n/a,n/a,0.00,0.33,n/a,n/a,"For metrics, refresh"
wordpress websites for small businesses,wordpress websites for small businesses​,n/a,n/a,0,20,,n/a,n/a,n/a,0.00,0.33,n/a,n/a,"For metrics, refresh"
xcelerate website design for small business,xcelerate website design for small business​,n/a,n/a,0,20,,n/a,n/a,n/a,0.00,0.33,n/a,n/a,"For metrics, refresh"
york-based website design for small businesses,york-based website design for small businesses​,n/a,n/a,0,20,,n/a,n/a,n/a,0.00,0.00,n/a,n/a,"For metrics, refresh"
+website +design +for +small +businesses,+website +design +for +small +businesses​,n/a,n/a,0,10,,n/a,n/a,n/a,0.00,0.00,n/a,n/a,"For metrics, refresh"
/search best legal template websites for small business owners,/search best legal template websites for small business owners​,n/a,n/a,0,10,,n/a,n/a,n/a,0.00,0.00,n/a,n/a,"For metrics, refresh"
3d web designer for small business website,3d web designer for small business website​,n/a,n/a,0,10,,n/a,n/a,n/a,0.00,0.00,n/a,n/a,"For metrics, refresh"
advantage of website for small business,advantage of website for small business​,n/a,n/a,0,10,,n/a,n/a,n/a,0.00,0.33,n/a,n/a,"For metrics, refresh"
advantages of having a website for a small business,advantages of having a website for a small business​,n/a,n/a,0,10,,n/a,n/a,n/a,0.00,0.33,n/a,n/a,"For metrics, refresh"
affordable branding and website refresh for local small business 2026,affordable branding and website refresh for local small business 2026​,n/a,n/a,0,10,,n/a,n/a,n/a,0.00,0.00,n/a,n/a,"For metrics, refresh"
affordable pay monthly websites for small businesses,affordable pay monthly websites for small businesses​,n/a,n/a,0,10,,n/a,n/a,n/a,0.00,0.00,n/a,n/a,"For metrics, refresh"
affordable popup builder for small business websites,affordable popup builder for small business websites​,n/a,n/a,0,10,,n/a,n/a,n/a,0.00,0.00,n/a,n/a,"For metrics, refresh"
affordable seo tool for small business websites,affordable seo tool for small business websites​,n/a,n/a,0,10,,n/a,n/a,n/a,0.00,0.00,n/a,n/a,"For metrics, refresh"
affordable vermont website design services for small businesses,affordable vermont website design services for small businesses​,n/a,n/a,0,10,,n/a,n/a,n/a,0.00,0.00,n/a,n/a,"For metrics, refresh"
affordable video optimisation tools for small business websites,affordable video optimisation tools for small business websites​,n/a,n/a,0,10,,n/a,n/a,n/a,0.00,0.00,n/a,n/a,"For metrics, refresh"
affordable website analysis subscriptions for small businesses,affordable website analysis subscriptions for small businesses​,n/a,n/a,0,10,,n/a,n/a,n/a,0.00,0.00,n/a,n/a,"For metrics, refresh"
affordable website and digital marketing packages for small businesses,affordable website and digital marketing packages for small businesses​,n/a,n/a,0,10,,n/a,n/a,n/a,0.00,0.00,n/a,n/a,"For metrics, refresh"
affordable website design packages for small businesses,affordable website design packages for small businesses​,n/a,n/a,0,10,,n/a,n/a,n/a,0.00,0.00,n/a,n/a,"For metrics, refresh"
affordable website design services for small business,affordable website design services for small business​,n/a,n/a,0,10,,n/a,n/a,n/a,0.00,0.00,n/a,n/a,"For metrics, refresh"
affordable website design services for small businesses,affordable website design services for small businesses​,n/a,n/a,0,10,,n/a,n/a,n/a,0.00,0.00,n/a,n/a,"For metrics, refresh"
affordable website designers for small businesses,affordable website designers for small businesses​,n/a,n/a,0,10,,n/a,n/a,n/a,0.00,0.00,n/a,n/a,"For metrics, refresh"
affordable website for small business nz,affordable website for small business nz​,n/a,n/a,0,10,,n/a,n/a,n/a,0.00,0.00,n/a,n/a,"For metrics, refresh"
affordable website for small business ontario,affordable website for small business ontario​,n/a,n/a,0,10,,n/a,n/a,n/a,0.00,0.00,n/a,n/a,"For metrics, refresh"
affordable website for small businesses,affordable website for small businesses​,n/a,n/a,0,10,,n/a,n/a,n/a,13.38,0.39,n/a,n/a,"For metrics, refresh"
affordable website for small businesses napier,affordable website for small businesses napier​,n/a,n/a,0,10,,n/a,n/a,n/a,0.00,0.00,n/a,n/a,"For metrics, refresh"
affordable website host for new small business,affordable website host for new small business​,n/a,n/a,0,10,,n/a,n/a,n/a,0.00,0.00,n/a,n/a,"For metrics, refresh"
affordable website packages for small businesses 2025,affordable website packages for small businesses 2025​,n/a,n/a,0,10,,n/a,n/a,n/a,0.00,0.00,n/a,n/a,"For metrics, refresh"
ai chatbot for small business website,ai chatbot for small business website​,n/a,n/a,0,10,,n/a,n/a,n/a,0.00,0.00,n/a,n/a,"For metrics, refresh"
ai chatbot marketing automation for small business websites,ai chatbot marketing automation for small business websites​,n/a,n/a,0,10,,n/a,n/a,n/a,0.00,0.00,n/a,n/a,"For metrics, refresh"
ai tools for small business websites,ai tools for small business websites​,n/a,n/a,0,10,,n/a,n/a,n/a,0.00,0.00,n/a,n/a,"For metrics, refresh"
automatic website promotion software for small business,automatic website promotion software for small business​,n/a,n/a,0,10,,n/a,n/a,n/a,0.00,0.00,n/a,n/a,"For metrics, refresh"
average cost custom website development for small businesses 2025,average cost custom website development for small businesses 2025​,n/a,n/a,0,10,,n/a,n/a,n/a,0.00,0.00,n/a,n/a,"For metrics, refresh"
average cost for small business website,average cost for small business website​,n/a,n/a,0,10,,n/a,n/a,n/a,4.77,0.27,n/a,n/a,"For metrics, refresh"
average cost of a website for small business,average cost of a website for small business​,n/a,n/a,0,10,,n/a,n/a,n/a,4.77,0.27,n/a,n/a,"For metrics, refresh"
average cost of basic website for small business,average cost of basic website for small business​,n/a,n/a,0,10,,n/a,n/a,n/a,0.00,0.00,n/a,n/a,"For metrics, refresh"
average cost of custom website for small business 2024,average cost of custom website for small business 2024​,n/a,n/a,0,10,,n/a,n/a,n/a,0.00,0.00,n/a,n/a,"For metrics, refresh"
average cost of custom website for small business 2026,average cost of custom website for small business 2026​,n/a,n/a,0,10,,n/a,n/a,n/a,0.00,0.00,n/a,n/a,"For metrics, refresh"
average cost of custom wordpress website for small business,average cost of custom wordpress website for small business​,n/a,n/a,0,10,,n/a,n/a,n/a,0.00,0.00,n/a,n/a,"For metrics, refresh"
average cost of freelance website development for small business,average cost of freelance website development for small business​,n/a,n/a,0,10,,n/a,n/a,n/a,0.00,0.00,n/a,n/a,"For metrics, refresh"
average cost of website design for a small business,average cost of website design for a small business​,n/a,n/a,0,10,,n/a,n/a,n/a,0.00,0.00,n/a,n/a,"For metrics, refresh"
average cost of website design for small business australia,average cost of website design for small business australia​,n/a,n/a,0,10,,n/a,n/a,n/a,0.00,0.00,n/a,n/a,"For metrics, refresh"
average cost of website design for small business philippines,average cost of website design for small business philippines​,n/a,n/a,0,10,,n/a,n/a,n/a,0.00,0.00,n/a,n/a,"For metrics, refresh"
average cost of website design for small business south africa,average cost of website design for small business south africa​,n/a,n/a,0,10,,n/a,n/a,n/a,0.00,0.00,n/a,n/a,"For metrics, refresh"
average cost of website design for small business through wordpress,average cost of website design for small business through wordpress​,n/a,n/a,0,10,,n/a,n/a,n/a,0.00,0.00,n/a,n/a,"For metrics, refresh"
average cost of website for small business 2025,average cost of website for small business 2025​,n/a,n/a,0,10,,n/a,n/a,n/a,0.00,0.00,n/a,n/a,"For metrics, refresh"
average cost of website for small businesses 2024,average cost of website for small businesses 2024​,n/a,n/a,0,10,,n/a,n/a,n/a,0.00,0.00,n/a,n/a,"For metrics, refresh"
average cost to build a website for small business 2026,average cost to build a website for small business 2026​,n/a,n/a,0,10,,n/a,n/a,n/a,0.00,0.00,n/a,n/a,"For metrics, refresh"
average monthly website maintenance cost for small businesses,average monthly website maintenance cost for small businesses​,n/a,n/a,0,10,,n/a,n/a,n/a,0.00,0.00,n/a,n/a,"For metrics, refresh"
average pricing for small business website creation and maintenance,average pricing for small business website creation and maintenance​,n/a,n/a,0,10,,n/a,n/a,n/a,0.00,0.00,n/a,n/a,"For metrics, refresh"
average website cost for a small business,average website cost for a small business​,n/a,n/a,0,10,,n/a,n/a,n/a,0.00,0.33,n/a,n/a,"For metrics, refresh"
average+cost+of+website+design+for+small+business,average+cost+of+website+design+for+small+business​,n/a,n/a,0,10,,n/a,n/a,n/a,4.76,0.38,n/a,n/a,"For metrics, refresh"
benefit of website for small business,benefit of website for small business​,n/a,n/a,0,10,,n/a,n/a,n/a,5.61,0.08,n/a,n/a,"For metrics, refresh"
benefits of a professional website for small businesses,benefits of a professional website for small businesses​,n/a,n/a,0,10,,n/a,n/a,n/a,0.00,0.00,n/a,n/a,"For metrics, refresh"
benefits of ai chatbots for small business websites,benefits of ai chatbots for small business websites​,n/a,n/a,0,10,,n/a,n/a,n/a,0.00,0.00,n/a,n/a,"For metrics, refresh"
benefits of custom websites for small businesses,benefits of custom websites for small businesses​,n/a,n/a,0,10,,n/a,n/a,n/a,0.00,0.00,n/a,n/a,"For metrics, refresh"
benefits of having a website for small businesses,benefits of having a website for small businesses​,n/a,n/a,0,10,,n/a,n/a,n/a,0.00,0.00,n/a,n/a,"For metrics, refresh"
benefits of having website for small business,benefits of having website for small business​,n/a,n/a,0,10,,n/a,n/a,n/a,3.52,0.66,n/a,n/a,"For metrics, refresh"
benefits of website performance analysis for small businesses,benefits of website performance analysis for small businesses​,n/a,n/a,0,10,,n/a,n/a,n/a,0.00,0.00,n/a,n/a,"For metrics, refresh"
best affordable cloud companies for small business website migration 2025,best affordable cloud companies for small business website migration 2025​,n/a,n/a,0,10,,n/a,n/a,n/a,0.00,0.00,n/a,n/a,"For metrics, refresh"
best affordable cloud company for small business website migration,best affordable cloud company for small business website migration​,n/a,n/a,0,10,,n/a,n/a,n/a,0.00,0.00,n/a,n/a,"For metrics, refresh"
best affordable royalty-free stock photos for small business websites 2026,best affordable royalty-free stock photos for small business websites 2026​,n/a,n/a,0,10,,n/a,n/a,n/a,0.00,0.00,n/a,n/a,"For metrics, refresh"
best affordable stock photography websites for small business no subscription,best affordable stock photography websites for small business no subscription​,n/a,n/a,0,10,,n/a,n/a,n/a,0.00,0.00,n/a,n/a,"For metrics, refresh"
best affordable website design companies for small businesses,best affordable website design companies for small businesses​,n/a,n/a,0,10,,n/a,n/a,n/a,0.00,0.00,n/a,n/a,"For metrics, refresh"
best ai chatbots for small business websites,best ai chatbots for small business websites​,n/a,n/a,0,10,,n/a,n/a,n/a,0.00,0.00,n/a,n/a,"For metrics, refresh"
best ai seo tools for small business websites 2026,best ai seo tools for small business websites 2026​,n/a,n/a,0,10,,n/a,n/a,n/a,0.00,0.00,n/a,n/a,"For metrics, refresh"
best ai tools for small business websites,best ai tools for small business websites​,n/a,n/a,0,10,,n/a,n/a,n/a,0.00,0.00,n/a,n/a,"For metrics, refresh"
best business websites design for small business,best business websites design for small business​,n/a,n/a,0,10,,n/a,n/a,n/a,0.00,0.00,n/a,n/a,"For metrics, refresh"
best cheap website builders for small business 2026,best cheap website builders for small business 2026​,n/a,n/a,0,10,,n/a,n/a,n/a,0.00,0.00,n/a,n/a,"For metrics, refresh"
best ecommerce website builder for small business in india,best ecommerce website builder for small business in india​,n/a,n/a,0,10,,n/a,n/a,n/a,0.00,0.00,n/a,n/a,"For metrics, refresh"
best ecommerce website builder for small business uk,best ecommerce website builder for small business uk​,n/a,n/a,0,10,,n/a,n/a,n/a,0.00,0.33,n/a,n/a,"For metrics, refresh"
best free ai website builder for small business,best free ai website builder for small business​,n/a,n/a,0,10,,n/a,n/a,n/a,7.88,0.72,n/a,n/a,"For metrics, refresh"
best free ai website builders for small business 2026,best free ai website builders for small business 2026​,n/a,n/a,0,10,,n/a,n/a,n/a,0.00,0.00,n/a,n/a,"For metrics, refresh"
best free website builder for small business 2026,best free website builder for small business 2026​,n/a,n/a,0,10,,n/a,n/a,n/a,0.00,0.00,n/a,n/a,"For metrics, refresh"
best free website builders for small business 2025,best free website builders for small business 2025​,n/a,n/a,0,10,,n/a,n/a,n/a,0.00,0.00,n/a,n/a,"For metrics, refresh"
best free website builders for small business in india 2026,best free website builders for small business in india 2026​,n/a,n/a,0,10,,n/a,n/a,n/a,0.00,0.00,n/a,n/a,"For metrics, refresh"
best free website builders for small business india 2026,best free website builders for small business india 2026​,n/a,n/a,0,10,,n/a,n/a,n/a,0.00,0.00,n/a,n/a,"For metrics, refresh"
best free website builders for small businesses 2025 2026,best free website builders for small businesses 2025 2026​,n/a,n/a,0,10,,n/a,n/a,n/a,0.00,0.00,n/a,n/a,"For metrics, refresh"
best free website builders for small service business 2026,best free website builders for small service business 2026​,n/a,n/a,0,10,,n/a,n/a,n/a,0.00,0.00,n/a,n/a,"For metrics, refresh"
best handyman websites for small business,best handyman websites for small business​,n/a,n/a,0,10,,n/a,n/a,n/a,0.00,0.00,n/a,n/a,"For metrics, refresh"
best insites plan for small business website with simple analytics,best insites plan for small business website with simple analytics​,n/a,n/a,0,10,,n/a,n/a,n/a,0.00,0.00,n/a,n/a,"For metrics, refresh"
best no-code website builders for small business 2026,best no-code website builders for small business 2026​,n/a,n/a,0,10,,n/a,n/a,n/a,0.00,0.00,n/a,n/a,"For metrics, refresh"
best no-code website builders for small businesses 2025,best no-code website builders for small businesses 2025​,n/a,n/a,0,10,,n/a,n/a,n/a,0.00,0.00,n/a,n/a,"For metrics, refresh"
best no-code website builders for small businesses 2026,best no-code website builders for small businesses 2026​,n/a,n/a,0,10,,n/a,n/a,n/a,0.00,0.00,n/a,n/a,"For metrics, refresh"
best on-page seo strategies for small business websites,best on-page seo strategies for small business websites​,n/a,n/a,0,10,,n/a,n/a,n/a,0.00,0.00,n/a,n/a,"For metrics, refresh"
best payment gateways for small business website 2026,best payment gateways for small business website 2026​,n/a,n/a,0,10,,n/a,n/a,n/a,0.00,0.00,n/a,n/a,"For metrics, refresh"
best practices for small business website design,best practices for small business website design​,n/a,n/a,0,10,,n/a,n/a,n/a,0.00,0.00,n/a,n/a,"For metrics, refresh"
best practices for small business websites,best practices for small business websites​,n/a,n/a,0,10,,n/a,n/a,n/a,0.00,0.00,n/a,n/a,"For metrics, refresh"
best rated companies for small businesses needing website building,best rated companies for small businesses needing website building​,n/a,n/a,0,10,,n/a,n/a,n/a,0.00,0.00,n/a,n/a,"For metrics, refresh"
best selling website for small business,best selling website for small business​,n/a,n/a,0,10,,n/a,n/a,n/a,7.35,0.33,n/a,n/a,"For metrics, refresh"
best seo practices for small business websites,best seo practices for small business websites​,n/a,n/a,0,10,,n/a,n/a,n/a,0.00,0.00,n/a,n/a,"For metrics, refresh"
best simple website builder for small business,best simple website builder for small business​,n/a,n/a,0,10,,n/a,n/a,n/a,14.52,0.78,n/a,n/a,"For metrics, refresh"
best small business website design examples for 2021,best small business website design examples for 2021​,n/a,n/a,0,10,,n/a,n/a,n/a,0.00,0.33,n/a,n/a,"For metrics, refresh"
best stock photo websites for small businesses,best stock photo websites for small businesses​,n/a,n/a,0,10,,n/a,n/a,n/a,0.00,0.00,n/a,n/a,"For metrics, refresh"
best stock photo websites for small businesses 2025 2026,best stock photo websites for small businesses 2025 2026​,n/a,n/a,0,10,,n/a,n/a,n/a,0.00,0.00,n/a,n/a,"For metrics, refresh"
best way to build a website for a small business,best way to build a website for a small business​,n/a,n/a,0,10,,n/a,n/a,n/a,20.76,0.64,n/a,n/a,"For metrics, refresh"
best web hosting options for small business website,best web hosting options for small business website​,n/a,n/a,0,10,,n/a,n/a,n/a,0.00,0.00,n/a,n/a,"For metrics, refresh"
best website and marketing service bundles for small businesses michigan,best website and marketing service bundles for small businesses michigan​,n/a,n/a,0,10,,n/a,n/a,n/a,0.00,0.00,n/a,n/a,"For metrics, refresh"
best website builder and hosting for small business uk,best website builder and hosting for small business uk​,n/a,n/a,0,10,,n/a,n/a,n/a,0.00,0.00,n/a,n/a,"For metrics, refresh"
best website builder for small business 2014,best website builder for small business 2014​,n/a,n/a,0,10,,n/a,n/a,n/a,0.00,0.00,n/a,n/a,"For metrics, refresh"
best website builder for small business 2016,best website builder for small business 2016​,n/a,n/a,0,10,,n/a,n/a,n/a,0.00,0.00,n/a,n/a,"For metrics, refresh"
best website builder for small business 2022,best website builder for small business 2022​,n/a,n/a,0,10,,n/a,n/a,n/a,0.00,0.33,n/a,n/a,"For metrics, refresh"
best website builder for small business 2024,best website builder for small business 2024​,n/a,n/a,0,10,,n/a,n/a,n/a,0.00,0.33,n/a,n/a,"For metrics, refresh"
best website builder for small business in india,best website builder for small business in india​,n/a,n/a,0,10,,n/a,n/a,n/a,0.00,0.00,n/a,n/a,"For metrics, refresh"
best website builder for small business nz,best website builder for small business nz​,n/a,n/a,0,10,,n/a,n/a,n/a,0.00,0.00,n/a,n/a,"For metrics, refresh"
best website builder for small business owners,best website builder for small business owners​,n/a,n/a,0,10,,n/a,n/a,n/a,0.00,0.00,n/a,n/a,"For metrics, refresh"
best website builder for small business with seo,best website builder for small business with seo​,n/a,n/a,0,10,,n/a,n/a,n/a,0.00,0.00,n/a,n/a,"For metrics, refresh"
best website builder software for small business,best website builder software for small business​,n/a,n/a,0,10,,n/a,n/a,n/a,0.00,0.99,n/a,n/a,"For metrics, refresh"
best website builders for small business 2025,best website builders for small business 2025​,n/a,n/a,0,10,,n/a,n/a,n/a,0.00,0.00,n/a,n/a,"For metrics, refresh"
best website builders for small business 2026,best website builders for small business 2026​,n/a,n/a,0,10,,n/a,n/a,n/a,0.00,0.00,n/a,n/a,"For metrics, refresh"
best website builders for small business australia 2026,best website builders for small business australia 2026​,n/a,n/a,0,10,,n/a,n/a,n/a,0.00,0.00,n/a,n/a,"For metrics, refresh"
best website builders for small business in india 2025,best website builders for small business in india 2025​,n/a,n/a,0,10,,n/a,n/a,n/a,0.00,0.00,n/a,n/a,"For metrics, refresh"
best website builders for small business india,best website builders for small business india​,n/a,n/a,0,10,,n/a,n/a,n/a,0.00,0.00,n/a,n/a,"For metrics, refresh"
best website builders for small business india 2026,best website builders for small business india 2026​,n/a,n/a,0,10,,n/a,n/a,n/a,0.00,0.00,n/a,n/a,"For metrics, refresh"
best website builders for small business owners,best website builders for small business owners​,n/a,n/a,0,10,,n/a,n/a,n/a,0.00,0.00,n/a,n/a,"For metrics, refresh"
best website builders for small businesses in india 2026,best website builders for small businesses in india 2026​,n/a,n/a,0,10,,n/a,n/a,n/a,0.00,0.00,n/a,n/a,"For metrics, refresh"
best website builders for small businesses no coding 2026,best website builders for small businesses no coding 2026​,n/a,n/a,0,10,,n/a,n/a,n/a,0.00,0.00,n/a,n/a,"For metrics, refresh"
best website builders for small businesses with no coding experience,best website builders for small businesses with no coding experience​,n/a,n/a,0,10,,n/a,n/a,n/a,0.00,0.00,n/a,n/a,"For metrics, refresh"
best website builders for small service businesses 2025,best website builders for small service businesses 2025​,n/a,n/a,0,10,,n/a,n/a,n/a,0.00,0.00,n/a,n/a,"For metrics, refresh"
best website compliance monitoring software for small businesses 2025,best website compliance monitoring software for small businesses 2025​,n/a,n/a,0,10,,n/a,n/a,n/a,0.00,0.00,n/a,n/a,"For metrics, refresh"
best website design agency for small business,best website design agency for small business​,n/a,n/a,0,10,,n/a,n/a,n/a,0.00,0.00,n/a,n/a,"For metrics, refresh"
best website design company for small businesses,best website design company for small businesses​,n/a,n/a,0,10,,n/a,n/a,n/a,16.74,0.06,n/a,n/a,"For metrics, refresh"
best website design for small businesses,best website design for small businesses​,n/a,n/a,0,10,,n/a,n/a,n/a,11.68,0.28,n/a,n/a,"For metrics, refresh"
best website design packages for small businesses 2026,best website design packages for small businesses 2026​,n/a,n/a,0,10,,n/a,n/a,n/a,0.00,0.00,n/a,n/a,"For metrics, refresh"
best website design platform for small business in 2023,best website design platform for small business in 2023​,n/a,n/a,0,10,,n/a,n/a,n/a,0.00,0.00,n/a,n/a,"For metrics, refresh"
best website design practices for small businesses 2026,best website design practices for small businesses 2026​,n/a,n/a,0,10,,n/a,n/a,n/a,0.00,0.00,n/a,n/a,"For metrics, refresh"
best website design services for small business owners,best website design services for small business owners​,n/a,n/a,0,10,,n/a,n/a,n/a,0.00,0.00,n/a,n/a,"For metrics, refresh"
best website design services for small businesses,best website design services for small businesses​,n/a,n/a,0,10,,n/a,n/a,n/a,16.74,0.06,n/a,n/a,"For metrics, refresh"
best website design services for small businesses 2026,best website design services for small businesses 2026​,n/a,n/a,0,10,,n/a,n/a,n/a,0.00,0.00,n/a,n/a,"For metrics, refresh"
best website design services for small businesses arizona,best website design services for small businesses arizona​,n/a,n/a,0,10,,n/a,n/a,n/a,0.00,0.00,n/a,n/a,"For metrics, refresh"
best website design services for small businesses california,best website design services for small businesses california​,n/a,n/a,0,10,,n/a,n/a,n/a,0.00,0.00,n/a,n/a,"For metrics, refresh"
best website design services for small businesses colorado,best website design services for small businesses colorado​,n/a,n/a,0,10,,n/a,n/a,n/a,0.00,0.00,n/a,n/a,"For metrics, refresh"
best website design services for small businesses in orange county,best website design services for small businesses in orange county​,n/a,n/a,0,10,,n/a,n/a,n/a,0.00,0.00,n/a,n/a,"For metrics, refresh"
best website design services for small businesses nevada,best website design services for small businesses nevada​,n/a,n/a,0,10,,n/a,n/a,n/a,0.00,0.00,n/a,n/a,"For metrics, refresh"
best website design services for small businesses utah,best website design services for small businesses utah​,n/a,n/a,0,10,,n/a,n/a,n/a,0.00,0.00,n/a,n/a,"For metrics, refresh"
best website design tools for small businesses,best website design tools for small businesses​,n/a,n/a,0,10,,n/a,n/a,n/a,0.00,0.00,n/a,n/a,"For metrics, refresh"
best website design tools for small businesses 2025,best website design tools for small businesses 2025​,n/a,n/a,0,10,,n/a,n/a,n/a,0.00,0.00,n/a,n/a,"For metrics, refresh"
best website developers for small business minnesota,best website developers for small business minnesota​,n/a,n/a,0,10,,n/a,n/a,n/a,0.00,0.00,n/a,n/a,"For metrics, refresh"
best website for small business australia,best website for small business australia​,n/a,n/a,0,10,,n/a,n/a,n/a,0.00,0.33,n/a,n/a,"For metrics, refresh"
best website for small business hosting,best website for small business hosting​,n/a,n/a,0,10,,n/a,n/a,n/a,12.25,0.35,n/a,n/a,"For metrics, refresh"
best website hosting for small business cnet,best website hosting for small business cnet​,n/a,n/a,0,10,,n/a,n/a,n/a,0.00,0.00,n/a,n/a,"For metrics, refresh"
best website hosting for small business smartjob,best website hosting for small business smartjob​,n/a,n/a,0,10,,n/a,n/a,n/a,0.00,0.33,n/a,n/a,"For metrics, refresh"
best website maintenance services for small businesses 2026,best website maintenance services for small businesses 2026​,n/a,n/a,0,10,,n/a,n/a,n/a,0.00,0.00,n/a,n/a,"For metrics, refresh"
best website platforms for small businesses,best website platforms for small businesses​,n/a,n/a,0,10,,n/a,n/a,n/a,14.43,0.50,n/a,n/a,"For metrics, refresh"
best website seo services for small business,best website seo services for small business​,n/a,n/a,0,10,,n/a,n/a,n/a,0.00,0.00,n/a,n/a,"For metrics, refresh"
best website services for small business,best website services for small business​,n/a,n/a,0,10,,n/a,n/a,n/a,14.82,0.46,n/a,n/a,"For metrics, refresh"
best website template for small business,best website template for small business​,n/a,n/a,0,10,,n/a,n/a,n/a,10.69,0.90,n/a,n/a,"For metrics, refresh"
best websites for small business growth 2025 2026,best websites for small business growth 2025 2026​,n/a,n/a,0,10,,n/a,n/a,n/a,0.00,0.00,n/a,n/a,"For metrics, refresh"
best websites for trustworthy software reviews for small businesses,best websites for trustworthy software reviews for small businesses​,n/a,n/a,0,10,,n/a,n/a,n/a,0.00,0.00,n/a,n/a,"For metrics, refresh"
best websites to find small businesses for sale,best websites to find small businesses for sale​,n/a,n/a,0,10,,n/a,n/a,n/a,0.00,0.00,n/a,n/a,"For metrics, refresh"
best wordpress themes for small business website,best wordpress themes for small business website​,n/a,n/a,0,10,,n/a,n/a,n/a,0.00,0.33,n/a,n/a,"For metrics, refresh"
blazing fast websites for small businesses,blazing fast websites for small businesses​,n/a,n/a,0,10,,n/a,n/a,n/a,0.00,0.00,n/a,n/a,"For metrics, refresh"
build a website for a small business,build a website for a small business​,n/a,n/a,0,10,,n/a,n/a,n/a,16.42,0.30,n/a,n/a,"For metrics, refresh"
business model for offering ai-built websites to small businesses,business model for offering ai-built websites to small businesses​,n/a,n/a,0,10,,n/a,n/a,n/a,0.00,0.00,n/a,n/a,"For metrics, refresh"
business models for offering ai-built websites to small businesses,business models for offering ai-built websites to small businesses​,n/a,n/a,0,10,,n/a,n/a,n/a,0.00,0.00,n/a,n/a,"For metrics, refresh"
business models for offering website creation services to small businesses,business models for offering website creation services to small businesses​,n/a,n/a,0,10,,n/a,n/a,n/a,0.00,0.00,n/a,n/a,"For metrics, refresh"
can ai do seo for small business website 2026,can ai do seo for small business website 2026​,n/a,n/a,0,10,,n/a,n/a,n/a,0.00,0.00,n/a,n/a,"For metrics, refresh"
cheap website hosting for small business,cheap website hosting for small business​,n/a,n/a,0,10,,n/a,n/a,n/a,8.48,0.71,n/a,n/a,"For metrics, refresh"
cheapest website hosting for small business uk,cheapest website hosting for small business uk​,n/a,n/a,0,10,,n/a,n/a,n/a,0.00,0.00,n/a,n/a,"For metrics, refresh"
content+creation+ideas+for+small+business+websites,content+creation+ideas+for+small+business+websites​,n/a,n/a,0,10,,n/a,n/a,n/a,0.00,0.00,n/a,n/a,"For metrics, refresh"
conversion focused website design for small businesses 2025 2026,conversion focused website design for small businesses 2025 2026​,n/a,n/a,0,10,,n/a,n/a,n/a,0.00,0.00,n/a,n/a,"For metrics, refresh"
conversion-focused website design for small businesses,conversion-focused website design for small businesses​,n/a,n/a,0,10,,n/a,n/a,n/a,0.00,0.00,n/a,n/a,"For metrics, refresh"
cost estimating program for a website for small business,cost estimating program for a website for small business​,n/a,n/a,0,10,,n/a,n/a,n/a,0.00,0.33,n/a,n/a,"For metrics, refresh"
cost for small business website,cost for small business website​,n/a,n/a,0,10,,n/a,n/a,n/a,4.84,0.19,n/a,n/a,"For metrics, refresh"
cost of building a website for small business 2026,cost of building a website for small business 2026​,n/a,n/a,0,10,,n/a,n/a,n/a,0.00,0.00,n/a,n/a,"For metrics, refresh"
cost of website and marketing for small business startup,cost of website and marketing for small business startup​,n/a,n/a,0,10,,n/a,n/a,n/a,0.00,0.00,n/a,n/a,"For metrics, refresh"
cost-effective seo for small business website,cost-effective seo for small business website​,n/a,n/a,0,10,,n/a,n/a,n/a,0.00,0.00,n/a,n/a,"For metrics, refresh"
create a new website for small business,create a new website for small business​,n/a,n/a,0,10,,n/a,n/a,n/a,0.00,0.33,n/a,n/a,"For metrics, refresh"
create a website for my small business,create a website for my small business​,n/a,n/a,0,10,,n/a,n/a,n/a,19.72,0.94,n/a,n/a,"For metrics, refresh"
create own website for small business,create own website for small business​,n/a,n/a,0,10,,n/a,n/a,n/a,0.00,0.33,n/a,n/a,"For metrics, refresh"
create website with web tools for small business india 2025,create website with web tools for small business india 2025​,n/a,n/a,0,10,,n/a,n/a,n/a,0.00,0.00,n/a,n/a,"For metrics, refresh"
custom webflow websites for small businesses,custom webflow websites for small businesses​,n/a,n/a,0,10,,n/a,n/a,n/a,0.00,0.00,n/a,n/a,"For metrics, refresh"
custom website design for small business,custom website design for small business​,n/a,n/a,0,10,,n/a,n/a,n/a,0.00,0.00,n/a,n/a,"For metrics, refresh"
custom website design for small businesses pompano beach,custom website design for small businesses pompano beach​,n/a,n/a,0,10,,n/a,n/a,n/a,0.00,0.00,n/a,n/a,"For metrics, refresh"
custom website design for small women-owned businesses,custom website design for small women-owned businesses​,n/a,n/a,0,10,,n/a,n/a,n/a,0.00,0.00,n/a,n/a,"For metrics, refresh"
custom website solutions for small businesses in boston,custom website solutions for small businesses in boston​,n/a,n/a,0,10,,n/a,n/a,n/a,0.00,0.00,n/a,n/a,"For metrics, refresh"
custom wordpress website design for small business,custom wordpress website design for small business​,n/a,n/a,0,10,,n/a,n/a,n/a,25.98,0.02,n/a,n/a,"For metrics, refresh"
demand for small business websites 2026,demand for small business websites 2026​,n/a,n/a,0,10,,n/a,n/a,n/a,0.00,0.00,n/a,n/a,"For metrics, refresh"
designing a website for a small business client,designing a website for a small business client​,n/a,n/a,0,10,,n/a,n/a,n/a,0.00,0.00,n/a,n/a,"For metrics, refresh"
developing a website for small business,developing a website for small business​,n/a,n/a,0,10,,n/a,n/a,n/a,15.12,0.36,n/a,n/a,"For metrics, refresh"
e-commerce website design for small business,e-commerce website design for small business​,n/a,n/a,0,10,,n/a,n/a,n/a,0.00,0.00,n/a,n/a,"For metrics, refresh"
e-commerce website development for small businesses,e-commerce website development for small businesses​,n/a,n/a,0,10,,n/a,n/a,n/a,0.00,0.00,n/a,n/a,"For metrics, refresh"
easiest cms for small business website no coding 2026,easiest cms for small business website no coding 2026​,n/a,n/a,0,10,,n/a,n/a,n/a,0.00,0.00,n/a,n/a,"For metrics, refresh"
easiest cms tool for small business website,easiest cms tool for small business website​,n/a,n/a,0,10,,n/a,n/a,n/a,0.00,0.00,n/a,n/a,"For metrics, refresh"
easiest no-code cms for small business website 2026,easiest no-code cms for small business website 2026​,n/a,n/a,0,10,,n/a,n/a,n/a,0.00,0.00,n/a,n/a,"For metrics, refresh"
ecommerce websites for small businesses,ecommerce websites for small businesses​,n/a,n/a,0,10,,n/a,n/a,n/a,7.40,0.46,n/a,n/a,"For metrics, refresh"
elementor websites for small business,elementor websites for small business​,n/a,n/a,0,10,,n/a,n/a,n/a,0.00,0.00,n/a,n/a,"For metrics, refresh"
essential features for small business websites,essential features for small business websites​,n/a,n/a,0,10,,n/a,n/a,n/a,0.00,0.00,n/a,n/a,"For metrics, refresh"
essential features for small business websites 2026,essential features for small business websites 2026​,n/a,n/a,0,10,,n/a,n/a,n/a,0.00,0.00,n/a,n/a,"For metrics, refresh"
essential pages for small business website,essential pages for small business website​,n/a,n/a,0,10,,n/a,n/a,n/a,0.00,0.00,n/a,n/a,"For metrics, refresh"
estimate for a small business website,estimate for a small business website​,n/a,n/a,0,10,,n/a,n/a,n/a,0.00,0.00,n/a,n/a,"For metrics, refresh"
expert website optimization for small business,expert website optimization for small business​,n/a,n/a,0,10,,n/a,n/a,n/a,0.00,0.00,n/a,n/a,"For metrics, refresh"
external+website+security+for+small+business,external+website+security+for+small+business​,n/a,n/a,0,10,,n/a,n/a,n/a,0.00,0.00,n/a,n/a,"For metrics, refresh"
fast website design for small business,fast website design for small business​,n/a,n/a,0,10,,n/a,n/a,n/a,11.55,0.41,n/a,n/a,"For metrics, refresh"
find affordable website design firms in nz for small businesses.,find affordable website design firms in nz for small businesses.​,n/a,n/a,0,10,,n/a,n/a,n/a,0.00,0.00,n/a,n/a,"For metrics, refresh"
free booking website for small business,free booking website for small business​,n/a,n/a,0,10,,n/a,n/a,n/a,12.26,0.22,n/a,n/a,"For metrics, refresh"
free business promotion websites for small business,free business promotion websites for small business​,n/a,n/a,0,10,,n/a,n/a,n/a,0.00,0.00,n/a,n/a,"For metrics, refresh"
free business website for small business,free business website for small business​,n/a,n/a,0,10,,n/a,n/a,n/a,0.00,0.50,n/a,n/a,"For metrics, refresh"
free google website for small business,free google website for small business​,n/a,n/a,0,10,,n/a,n/a,n/a,9.25,0.27,n/a,n/a,"For metrics, refresh"
free internet marketing websites for small business,free internet marketing websites for small business​,n/a,n/a,0,10,,n/a,n/a,n/a,0.00,0.00,n/a,n/a,"For metrics, refresh"
free market research website for small business,free market research website for small business​,n/a,n/a,0,10,,n/a,n/a,n/a,0.00,0.00,n/a,n/a,"For metrics, refresh"
free website audit for vancouver small businesses,free website audit for vancouver small businesses​,n/a,n/a,0,10,,n/a,n/a,n/a,0.00,0.00,n/a,n/a,"For metrics, refresh"
free website builder for small business 2026,free website builder for small business 2026​,n/a,n/a,0,10,,n/a,n/a,n/a,0.00,0.00,n/a,n/a,"For metrics, refresh"
free website builders for small business 2026 comparison,free website builders for small business 2026 comparison​,n/a,n/a,0,10,,n/a,n/a,n/a,0.00,0.00,n/a,n/a,"For metrics, refresh"
free website for a small business,free website for a small business​,n/a,n/a,0,10,,n/a,n/a,n/a,11.99,0.49,n/a,n/a,"For metrics, refresh"
free website for small business google,free website for small business google​,n/a,n/a,0,10,,n/a,n/a,n/a,12.17,0.40,n/a,n/a,"For metrics, refresh"
free website hosting for small businesses,free website hosting for small businesses​,n/a,n/a,0,10,,n/a,n/a,n/a,0.00,0.00,n/a,n/a,"For metrics, refresh"
free website promotion services for small business,free website promotion services for small business​,n/a,n/a,0,10,,n/a,n/a,n/a,0.00,0.00,n/a,n/a,"For metrics, refresh"
full+service+website+design+and+management+for+small+businesses,full+service+website+design+and+management+for+small+businesses​,n/a,n/a,0,10,,n/a,n/a,n/a,13.38,0.05,n/a,n/a,"For metrics, refresh"
full+service+website+design+for+small+businesses,full+service+website+design+for+small+businesses​,n/a,n/a,0,10,,n/a,n/a,n/a,0.00,0.00,n/a,n/a,"For metrics, refresh"
fully managed websites for small business,fully managed websites for small business​,n/a,n/a,0,10,,n/a,n/a,n/a,0.00,0.00,n/a,n/a,"For metrics, refresh"
give me top 5 website design agencies for small business,give me top 5 website design agencies for small business​,n/a,n/a,0,10,,n/a,n/a,n/a,0.00,0.00,n/a,n/a,"For metrics, refresh"
good website builders for small businesses,good website builders for small businesses​,n/a,n/a,0,10,,n/a,n/a,n/a,14.25,0.51,n/a,n/a,"For metrics, refresh"
grants for small business websites,grants for small business websites​,n/a,n/a,0,10,,n/a,n/a,n/a,0.00,0.00,n/a,n/a,"For metrics, refresh"
high-quality blog posts for small business websites,high-quality blog posts for small business websites​,n/a,n/a,0,10,,n/a,n/a,n/a,0.00,0.00,n/a,n/a,"For metrics, refresh"
how effective is a website for small businesses,how effective is a website for small businesses​,n/a,n/a,0,10,,n/a,n/a,n/a,0.00,0.00,n/a,n/a,"For metrics, refresh"
how much does a website cost for small business,how much does a website cost for small business​,n/a,n/a,0,10,,n/a,n/a,n/a,0.00,0.00,n/a,n/a,"For metrics, refresh"
how much is the average website for a small business,how much is the average website for a small business​,n/a,n/a,0,10,,n/a,n/a,n/a,0.00,0.33,n/a,n/a,"For metrics, refresh"
how seo improves website design for small businesses,how seo improves website design for small businesses​,n/a,n/a,0,10,,n/a,n/a,n/a,0.00,0.00,n/a,n/a,"For metrics, refresh"
how to approach local small businesses for website design services,how to approach local small businesses for website design services​,n/a,n/a,0,10,,n/a,n/a,n/a,0.00,0.00,n/a,n/a,"For metrics, refresh"
how to approach local small businesses for website services,how to approach local small businesses for website services​,n/a,n/a,0,10,,n/a,n/a,n/a,0.00,0.00,n/a,n/a,"For metrics, refresh"
how to build a small business website for free,how to build a small business website for free​,n/a,n/a,0,10,,n/a,n/a,n/a,0.00,1.00,n/a,n/a,"For metrics, refresh"
how to build a wordpress website for a small business,how to build a wordpress website for a small business​,n/a,n/a,0,10,,n/a,n/a,n/a,0.00,0.33,n/a,n/a,"For metrics, refresh"
how to build backlinks for small business websites,how to build backlinks for small business websites​,n/a,n/a,0,10,,n/a,n/a,n/a,0.00,0.00,n/a,n/a,"For metrics, refresh"
how to choose a website design service for small business,how to choose a website design service for small business​,n/a,n/a,0,10,,n/a,n/a,n/a,0.00,0.00,n/a,n/a,"For metrics, refresh"
how to choose a website redesign agency for small businesses,how to choose a website redesign agency for small businesses​,n/a,n/a,0,10,,n/a,n/a,n/a,0.00,0.00,n/a,n/a,"For metrics, refresh"
how to create a website for small business for free,how to create a website for small business for free​,n/a,n/a,0,10,,n/a,n/a,n/a,3.40,0.82,n/a,n/a,"For metrics, refresh"
how to create free website for small business totally free,how to create free website for small business totally free​,n/a,n/a,0,10,,n/a,n/a,n/a,0.00,0.00,n/a,n/a,"For metrics, refresh"
how to get a website for a small business,how to get a website for a small business​,n/a,n/a,0,10,,n/a,n/a,n/a,7.48,0.07,n/a,n/a,"For metrics, refresh"
how to get more website traffic for small businesses,how to get more website traffic for small businesses​,n/a,n/a,0,10,,n/a,n/a,n/a,0.00,0.00,n/a,n/a,"For metrics, refresh"
how to make website for small business,how to make website for small business​,n/a,n/a,0,10,,n/a,n/a,n/a,9.10,0.38,n/a,n/a,"For metrics, refresh"
how to make your own website for your small business,how to make your own website for your small business​,n/a,n/a,0,10,,n/a,n/a,n/a,0.00,0.00,n/a,n/a,"For metrics, refresh"
how to outreach to local small businesses for website services,how to outreach to local small businesses for website services​,n/a,n/a,0,10,,n/a,n/a,n/a,0.00,0.00,n/a,n/a,"For metrics, refresh"
how to set up website for small business,how to set up website for small business​,n/a,n/a,0,10,,n/a,n/a,n/a,8.57,0.69,n/a,n/a,"For metrics, refresh"
how to start a website for small business,how to start a website for small business​,n/a,n/a,0,10,,n/a,n/a,n/a,11.86,0.59,n/a,n/a,"For metrics, refresh"
how to start website for small business,how to start website for small business​,n/a,n/a,0,10,,n/a,n/a,n/a,11.86,0.59,n/a,n/a,"For metrics, refresh"
how to structure a website for small businesses,how to structure a website for small businesses​,n/a,n/a,0,10,,n/a,n/a,n/a,0.00,0.00,n/a,n/a,"For metrics, refresh"
i need a free website for my small business,i need a free website for my small business​,n/a,n/a,0,10,,n/a,n/a,n/a,0.00,0.00,n/a,n/a,"For metrics, refresh"
importance of a quality website for small business,importance of a quality website for small business​,n/a,n/a,0,10,,n/a,n/a,n/a,0.00,0.00,n/a,n/a,"For metrics, refresh"
importance of a website for a small business,importance of a website for a small business​,n/a,n/a,0,10,,n/a,n/a,n/a,0.00,0.00,n/a,n/a,"For metrics, refresh"
in depth web hosting reviews for small business websites catswhocode,in depth web hosting reviews for small business websites catswhocode​,n/a,n/a,0,10,,n/a,n/a,n/a,0.00,0.01,n/a,n/a,"For metrics, refresh"
in-depth web hosting reviews for small business websites,in-depth web hosting reviews for small business websites​,n/a,n/a,0,10,,n/a,n/a,n/a,0.00,0.00,n/a,n/a,"For metrics, refresh"
internal+website+security+for+small+business,internal+website+security+for+small+business​,n/a,n/a,0,10,,n/a,n/a,n/a,0.00,0.00,n/a,n/a,"For metrics, refresh"
legal considerations for offering website creation services to small businesses,legal considerations for offering website creation services to small businesses​,n/a,n/a,0,10,,n/a,n/a,n/a,0.00,0.00,n/a,n/a,"For metrics, refresh"
local seo optimization services for small business websites,local seo optimization services for small business websites​,n/a,n/a,0,10,,n/a,n/a,n/a,0.00,0.00,n/a,n/a,"For metrics, refresh"
local squarespace website development company for small business,local squarespace website development company for small business​,n/a,n/a,0,10,,n/a,n/a,n/a,0.00,0.00,n/a,n/a,"For metrics, refresh"
low cost website for small business,low cost website for small business​,n/a,n/a,0,10,,n/a,n/a,n/a,13.50,0.99,n/a,n/a,"For metrics, refresh"
low-cost website development packages for small businesses,low-cost website development packages for small businesses​,n/a,n/a,0,10,,n/a,n/a,n/a,0.00,0.00,n/a,n/a,"For metrics, refresh"
low-cost website development packages for small businesses arizona,low-cost website development packages for small businesses arizona​,n/a,n/a,0,10,,n/a,n/a,n/a,0.00,0.00,n/a,n/a,"For metrics, refresh"
low-cost website development packages for small businesses california,low-cost website development packages for small businesses california​,n/a,n/a,0,10,,n/a,n/a,n/a,0.00,0.00,n/a,n/a,"For metrics, refresh"
low-cost website development packages for small businesses colorado,low-cost website development packages for small businesses colorado​,n/a,n/a,0,10,,n/a,n/a,n/a,0.00,0.00,n/a,n/a,"For metrics, refresh"
low-cost website development packages for small businesses nevada,low-cost website development packages for small businesses nevada​,n/a,n/a,0,10,,n/a,n/a,n/a,0.00,0.00,n/a,n/a,"For metrics, refresh"
low-cost website development packages for small businesses utah,low-cost website development packages for small businesses utah​,n/a,n/a,0,10,,n/a,n/a,n/a,0.00,0.00,n/a,n/a,"For metrics, refresh"
managed websites for small business,managed websites for small business​,n/a,n/a,0,10,,n/a,n/a,n/a,0.00,0.00,n/a,n/a,"For metrics, refresh"
microsoft for small business free website,microsoft for small business free website​,n/a,n/a,0,10,,n/a,n/a,n/a,0.00,0.00,n/a,n/a,"For metrics, refresh"
microsoft website hosting for small business,microsoft website hosting for small business​,n/a,n/a,0,10,,n/a,n/a,n/a,0.00,0.33,n/a,n/a,"For metrics, refresh"
mobile friendly website tips for small businesses,mobile friendly website tips for small businesses​,n/a,n/a,0,10,,n/a,n/a,n/a,0.00,0.00,n/a,n/a,"For metrics, refresh"
need a website for my small business in florida,need a website for my small business in florida​,n/a,n/a,0,10,,n/a,n/a,n/a,0.00,0.00,n/a,n/a,"For metrics, refresh"
new website for small business,new website for small business​,n/a,n/a,0,10,,n/a,n/a,n/a,0.00,0.86,n/a,n/a,"For metrics, refresh"
no nonsense websites for small business,no nonsense websites for small business​,n/a,n/a,0,10,,n/a,n/a,n/a,0.00,0.00,n/a,n/a,"For metrics, refresh"
one.com vs siteground for small business websites,one.com vs siteground for small business websites​,n/a,n/a,0,10,,n/a,n/a,n/a,0.00,0.00,n/a,n/a,"For metrics, refresh"
online website for small business,online website for small business​,n/a,n/a,0,10,,n/a,n/a,n/a,17.87,0.69,n/a,n/a,"For metrics, refresh"
organic traffic strategies for small business websites 2025 2026,organic traffic strategies for small business websites 2025 2026​,n/a,n/a,0,10,,n/a,n/a,n/a,0.00,0.00,n/a,n/a,"For metrics, refresh"
pflugerville website for small business,pflugerville website for small business​,n/a,n/a,0,10,,n/a,n/a,n/a,0.00,0.00,n/a,n/a,"For metrics, refresh"
popular website builder comparison for small it businesses in india,popular website builder comparison for small it businesses in india​,n/a,n/a,0,10,,n/a,n/a,n/a,0.00,0.00,n/a,n/a,"For metrics, refresh"
pricing models for freelance website creation services for small businesses,pricing models for freelance website creation services for small businesses​,n/a,n/a,0,10,,n/a,n/a,n/a,0.00,0.00,n/a,n/a,"For metrics, refresh"
pricing models for website creation and maintenance for small businesses,pricing models for website creation and maintenance for small businesses​,n/a,n/a,0,10,,n/a,n/a,n/a,0.00,0.00,n/a,n/a,"For metrics, refresh"
professional+website+management+for+small+business,professional+website+management+for+small+business​,n/a,n/a,0,10,,n/a,n/a,n/a,0.00,0.00,n/a,n/a,"For metrics, refresh"
recruiting websites for small businesses,recruiting websites for small businesses​,n/a,n/a,0,10,,n/a,n/a,n/a,0.00,0.00,n/a,n/a,"For metrics, refresh"
reliable php developers for small business websites near me,reliable php developers for small business websites near me​,n/a,n/a,0,10,,n/a,n/a,n/a,0.00,0.00,n/a,n/a,"For metrics, refresh"
responsive wordpress website for small business,responsive wordpress website for small business​,n/a,n/a,0,10,,n/a,n/a,n/a,0.00,0.00,n/a,n/a,"For metrics, refresh"
risks of pay monthly website services for small businesses,risks of pay monthly website services for small businesses​,n/a,n/a,0,10,,n/a,n/a,n/a,0.00,0.00,n/a,n/a,"For metrics, refresh"
sacramento websites for small business,sacramento websites for small business​,n/a,n/a,0,10,,n/a,n/a,n/a,0.00,0.00,n/a,n/a,"For metrics, refresh"
sage official website accounting products for small business,sage official website accounting products for small business​,n/a,n/a,0,10,,n/a,n/a,n/a,0.00,0.00,n/a,n/a,"For metrics, refresh"
sample privacy policy for small business website,sample privacy policy for small business website​,n/a,n/a,0,10,,n/a,n/a,n/a,0.00,1.00,n/a,n/a,"For metrics, refresh"
search engine optimization for small business website,search engine optimization for small business website​,n/a,n/a,0,10,,n/a,n/a,n/a,0.00,0.00,n/a,n/a,"For metrics, refresh"
seo for small business website in lake mary florida,seo for small business website in lake mary florida​,n/a,n/a,0,10,,n/a,n/a,n/a,0.00,0.00,n/a,n/a,"For metrics, refresh"
seo for small business website lake mary florida,seo for small business website lake mary florida​,n/a,n/a,0,10,,n/a,n/a,n/a,0.00,0.00,n/a,n/a,"For metrics, refresh"
seo tools for small business websites,seo tools for small business websites​,n/a,n/a,0,10,,n/a,n/a,n/a,0.00,0.00,n/a,n/a,"For metrics, refresh"
setting up website for small business,setting up website for small business​,n/a,n/a,0,10,,n/a,n/a,n/a,14.09,0.38,n/a,n/a,"For metrics, refresh"
shipping website for small business,shipping website for small business​,n/a,n/a,0,10,,n/a,n/a,n/a,10.39,0.55,n/a,n/a,"For metrics, refresh"