Select all keywords,Keyword,Intent,Relevance,Related %,Volume,Trend,Pot. Traffic,PKD %,KD %,CPC (USD),Com.,SERP Features,Results,Updated
best seo plugin for wordpress,best seo plugin for wordpress​,C,n/a,0,"2,400",,n/a,n/a,46,2.38,0.35,,123,4 weeks
best seo plugins for wordpress,best seo plugins for wordpress​,C,n/a,0,880,,n/a,n/a,32,2.38,0.35,,8.7M,1 month
best free seo plugin for wordpress,best free seo plugin for wordpress​,C,n/a,0,720,,n/a,n/a,25,1.28,0.66,,116,1 month
best idx plugin for wordpress,best idx plugin for wordpress​,C,n/a,0,720,,n/a,n/a,21,7.02,0.05,,147,1 month
best wordpress plugin for seo,best wordpress plugin for seo​,C,n/a,0,590,,n/a,n/a,34,2.38,0.35,+2,12.3M,1 month
best idx plugins for wordpress,best idx plugins for wordpress​,C,n/a,0,390,,n/a,n/a,11,7.02,0.05,,228K,1 month
best seo plugins for wordpress in 2025 hindimeter.com,best seo plugins for wordpress in 2025 hindimeter.com​,C,n/a,0,390,,n/a,n/a,5,0.00,0.00,,235,1 month
best wordpress plugins for seo,best wordpress plugins for seo​,C,n/a,0,390,,n/a,n/a,30,2.38,0.35,,9M,1 month
best seo plugin for wordpress 2014,best seo plugin for wordpress 2014​,C,n/a,0,320,,n/a,n/a,1,0.00,0.33,,246K,1 month
best plugins for wordpress,best plugins for wordpress​,C,n/a,0,260,,n/a,n/a,46,1.59,0.42,+2,53.1M,1 month
best seo plugin for wordpress 2021,best seo plugin for wordpress 2021​,C,n/a,0,260,,n/a,n/a,10,0.00,0.00,+2,861K,1 month
best seo plugins for wordpress 2021,best seo plugins for wordpress 2021​,C,n/a,0,260,,n/a,n/a,24,0.00,0.00,,139,1 month
the best seo plugin for wordpress,the best seo plugin for wordpress​,C,n/a,0,210,,n/a,n/a,40,2.58,0.67,,12M,1 month
best cache plugin for wordpress,best cache plugin for wordpress​,C,n/a,0,170,,n/a,n/a,10,1.57,0.35,,143,1 month
best premium seo plugin for wordpress,best premium seo plugin for wordpress​,C,n/a,0,170,,n/a,n/a,48,0.00,0.33,,8M,1 month
best chat plugin for wordpress,best chat plugin for wordpress​,C,n/a,0,140,,n/a,n/a,8,9.24,0.18,,27.1M,1 month
best ecommerce plugin for wordpress,best ecommerce plugin for wordpress​,C,n/a,0,140,,n/a,n/a,15,2.87,0.25,+2,9.1M,1 month
best plugin for backup wordpress,best plugin for backup wordpress​,C,n/a,0,140,,n/a,n/a,25,2.02,0.44,,136,1 month
best plugin for wordpress security,best plugin for wordpress security​,C,n/a,0,140,,n/a,n/a,12,1.51,0.45,,40.3M,1 month
best caching plugin for wordpress,best caching plugin for wordpress​,C,n/a,0,110,,n/a,n/a,25,1.57,0.35,,13.4M,1 month
best contact form plugin for wordpress,best contact form plugin for wordpress​,C,n/a,0,110,,n/a,n/a,22,2.06,0.57,+3,28.7M,1 month
best live chat plugin for wordpress,best live chat plugin for wordpress​,C,n/a,0,110,,n/a,n/a,35,13.83,0.12,,114,1 month
best lms plugin for wordpress,best lms plugin for wordpress​,C,n/a,0,110,,n/a,n/a,17,3.22,0.60,+2,843K,1 month
best plugin for membership wordpress,best plugin for membership wordpress​,C,n/a,0,110,,n/a,n/a,26,4.70,0.43,,158,4 weeks
best schema plugin for wordpress,best schema plugin for wordpress​,C,n/a,0,110,,n/a,n/a,26,1.47,0.41,,3.6M,1 month
best security plugin for wordpress,best security plugin for wordpress​,C,n/a,0,110,,n/a,n/a,11,1.51,0.45,,35.3M,1 month
best backup plugin for wordpress,best backup plugin for wordpress​,C,n/a,0,90,,n/a,n/a,39,2.02,0.44,,7M,1 month
best chatbot plugin for wordpress,best chatbot plugin for wordpress​,C,n/a,0,90,,n/a,n/a,13,6.62,0.20,,1.9M,1 month
best faq plugin for wordpress,best faq plugin for wordpress​,C,n/a,0,90,,n/a,n/a,27,1.38,0.03,,134,1 month
best plugin for contact form in wordpress,best plugin for contact form in wordpress​,C,n/a,0,90,,n/a,n/a,27,2.06,0.57,+2,29.2M,1 month
best popup plugin for wordpress,best popup plugin for wordpress​,C,n/a,0,90,,n/a,n/a,24,5.82,0.71,,167,1 month
best rewards plugin for wordpress,best rewards plugin for wordpress​,C,n/a,0,90,,n/a,n/a,0,0.00,0.33,,132,1 month
best seo plugin for wordpress 2016,best seo plugin for wordpress 2016​,C,n/a,0,90,,n/a,n/a,24,0.00,0.00,,382K,1 month
best seo plugins for wordpress 2016,best seo plugins for wordpress 2016​,C,n/a,0,90,,n/a,n/a,4,0.00,0.33,,329K,1 month
best wordpress plugin for events,best wordpress plugin for events​,C,n/a,0,90,,n/a,n/a,60,2.26,0.74,,100,1 month
best wordpress plugin for forms,best wordpress plugin for forms​,C,n/a,0,90,,n/a,n/a,54,3.36,0.45,+2,20M,1 month
best wordpress plugins for blogs,best wordpress plugins for blogs​,C,n/a,0,90,,n/a,n/a,28,3.81,0.29,+2,143,1 month
best affiliate plugin for wordpress,best affiliate plugin for wordpress​,C,n/a,0,70,,n/a,n/a,14,2.38,0.33,+2,8.6M,1 month
best chatbot plugins for wordpress,best chatbot plugins for wordpress​,n/a,n/a,0,70,,n/a,n/a,n/a,0.00,0.03,n/a,n/a,"For metrics, refresh"
best form plugin for wordpress,best form plugin for wordpress​,C,n/a,0,70,,n/a,n/a,36,3.36,0.45,+2,48.7M,1 month
best forum plugin for wordpress,best forum plugin for wordpress​,C,n/a,0,70,,n/a,n/a,7,3.62,0.55,,12.4M,1 month
best local seo plugin for wordpress,best local seo plugin for wordpress​,C,n/a,0,70,,n/a,n/a,13,0.00,0.33,,2.8M,1 month
best membership plugin for wordpress,best membership plugin for wordpress​,C,n/a,0,70,,n/a,n/a,36,4.70,0.43,,73.7M,1 month
best online chat plugin for wordpress,best online chat plugin for wordpress​,C,n/a,0,70,,n/a,n/a,31,9.24,0.18,+2,24.2M,1 month
best plugin for wordpress migration,best plugin for wordpress migration​,C,n/a,0,70,,n/a,n/a,28,3.03,0.61,,13.9M,1 month
best plugins for wordpress free,best plugins for wordpress free​,C,n/a,0,70,,n/a,n/a,28,0.55,0.40,,45.8M,1 month
best social media plugin for wordpress,best social media plugin for wordpress​,C,n/a,0,70,,n/a,n/a,18,2.24,0.38,+3,21.9M,1 month
best table plugin for wordpress,best table plugin for wordpress​,C,n/a,0,70,,n/a,n/a,28,3.52,0.38,,23M,1 month
best wordpress plugin for translation,best wordpress plugin for translation​,C,n/a,0,70,,n/a,n/a,51,9.89,0.38,+3,6.4M,1 month
best wordpress plugins for agencies,best wordpress plugins for agencies​,C,n/a,0,70,,n/a,n/a,12,0.00,0.00,,183,4 weeks
best wordpress plugins for business,best wordpress plugins for business​,C,n/a,0,70,,n/a,n/a,10,0.00,0.33,,31.5M,1 month
best cookie consent plugin for wordpress,best cookie consent plugin for wordpress​,C,n/a,0,50,,n/a,n/a,47,11.07,0.71,+3,11.1M,1 month
best crm plugin for wordpress,best crm plugin for wordpress​,C,n/a,0,50,,n/a,n/a,31,6.50,0.67,,100,1 month
best gallery plugin for wordpress,best gallery plugin for wordpress​,C,n/a,0,50,,n/a,n/a,11,0.92,0.39,+2,9.3M,1 month
best image optimization plugin for wordpress,best image optimization plugin for wordpress​,C,n/a,0,50,,n/a,n/a,25,2.24,0.57,,14.3M,1 month
best plugins for affiliate marketing wordpress,best plugins for affiliate marketing wordpress​,C,n/a,0,50,,n/a,n/a,14,2.38,0.33,,4.4M,1 month
best plugins for event calendar wordpress,best plugins for event calendar wordpress​,C,n/a,0,50,,n/a,n/a,12,0.00,0.00,,151,1 month
best recipe plugins for wordpress,best recipe plugins for wordpress​,C,n/a,0,50,,n/a,n/a,24,0.00,0.05,,1.5M,1 month
best security plugins for wordpress,best security plugins for wordpress​,C,n/a,0,50,,n/a,n/a,11,1.51,0.45,,23.7M,1 month
best seo plugin for wordpress 2015,best seo plugin for wordpress 2015​,C,n/a,0,50,,n/a,n/a,0,0.00,0.00,,311K,1 month
best simple faq plugin for wordpress,best simple faq plugin for wordpress​,C,n/a,0,50,,n/a,n/a,3,0.00,0.00,,156,1 month
best text to speech plugin for wordpress,best text to speech plugin for wordpress​,n/a,n/a,0,50,,n/a,n/a,n/a,0.00,0.33,n/a,n/a,"For metrics, refresh"
best woocommerce plugins for wordpress,best woocommerce plugins for wordpress​,C,n/a,0,50,,n/a,n/a,20,0.00,0.33,+2,17.1M,1 month
best wordpress plugins for food blogs,best wordpress plugins for food blogs​,C,n/a,0,50,,n/a,n/a,0,0.00,0.33,,139,1 month
best wordpress plugins for nonprofits,best wordpress plugins for nonprofits​,C,n/a,0,50,,n/a,n/a,9,0.00,1.00,,124,4 weeks
best wordpress plugins for speed,best wordpress plugins for speed​,C,n/a,0,50,,n/a,n/a,23,1.82,0.67,,12.9M,1 month
best wordpress plugins for woocommerce,best wordpress plugins for woocommerce​,C,n/a,0,50,,n/a,n/a,23,0.00,0.33,,164,1 month
best backup plugins for wordpress,best backup plugins for wordpress​,C,n/a,0,40,,n/a,n/a,40,2.02,0.44,+2,4.7M,1 month
best booking plugin for wordpress,best booking plugin for wordpress​,C,n/a,0,40,,n/a,n/a,53,3.30,0.65,,151,1 month
best checkout plugin for wordpress,best checkout plugin for wordpress​,n/a,n/a,0,40,,n/a,n/a,n/a,0.00,0.33,n/a,n/a,"For metrics, refresh"
best checkout plugins for wordpress,best checkout plugins for wordpress​,C,n/a,0,40,,n/a,n/a,10,0.00,0.00,+2,6.1M,1 month
best comment plugin for wordpress,best comment plugin for wordpress​,C,n/a,0,40,,n/a,n/a,6,0.00,0.07,,18.5M,1 month
best free backup plugin for wordpress,best free backup plugin for wordpress​,C,n/a,0,40,,n/a,n/a,14,0.79,0.23,,143,1 month
best free cache plugin for wordpress,best free cache plugin for wordpress​,C,n/a,0,40,,n/a,n/a,13,1.32,0.22,,145,4 weeks
best free chatbot plugin for wordpress,best free chatbot plugin for wordpress​,C,n/a,0,40,,n/a,n/a,19,0.00,0.07,+3,133,1 month
best free faq plugin for wordpress,best free faq plugin for wordpress​,I,n/a,0,40,,n/a,n/a,20,0.00,0.01,,67.1M,1 month
best free faq plugin wordpress for video instructions,best free faq plugin wordpress for video instructions​,C,n/a,0,40,,n/a,n/a,2,0.00,0.00,,54.1M,1 month
best free live chat plugin for wordpress,best free live chat plugin for wordpress​,C,n/a,0,40,,n/a,n/a,28,9.48,0.24,,109,1 month
best gdpr plugin for wordpress,best gdpr plugin for wordpress​,C,n/a,0,40,,n/a,n/a,35,1.62,0.96,,164,4 weeks
best google map plugin for wordpress,best google map plugin for wordpress​,n/a,n/a,0,40,,n/a,n/a,n/a,0.00,0.02,n/a,n/a,"For metrics, refresh"
best link building plugin for wordpress,best link building plugin for wordpress​,C,n/a,0,40,,n/a,n/a,13,0.00,0.33,,115,4 weeks
best lms plugins for wordpress,best lms plugins for wordpress​,C,n/a,0,40,,n/a,n/a,38,3.22,0.60,,817K,1 month
best page builder plugin for wordpress,best page builder plugin for wordpress​,C,n/a,0,40,,n/a,n/a,11,0.00,0.06,,20.7M,1 month
best paywall plugin for wordpress,best paywall plugin for wordpress​,C,n/a,0,40,,n/a,n/a,17,0.00,0.00,+3,107K,1 month
best plugin for faq in wordpress,best plugin for faq in wordpress​,C,n/a,0,40,,n/a,n/a,18,0.00,0.00,,101M,1 month
best plugin for newsletter wordpress,best plugin for newsletter wordpress​,C,n/a,0,40,,n/a,n/a,15,5.36,0.70,+2,12.1M,1 month
best plugin for wordpress,best plugin for wordpress​,C,n/a,0,40,,n/a,n/a,42,1.59,0.42,,130,1 month
best plugin for wordpress social media,best plugin for wordpress social media​,C,n/a,0,40,,n/a,n/a,6,2.24,0.38,,135,1 month
best plugins for event listings wordpress,best plugins for event listings wordpress​,C,n/a,0,40,,n/a,n/a,13,0.00,0.00,,162,1 month
best plugins for recurring events in wordpress,best plugins for recurring events in wordpress​,C,n/a,0,40,,n/a,n/a,22,0.00,0.00,+2,163,4 weeks
best recipe plugin for wordpress,best recipe plugin for wordpress​,C,n/a,0,40,,n/a,n/a,2,0.00,0.05,+2,1.9M,1 month
best seo plugin for wordpress 2025,best seo plugin for wordpress 2025​,C,n/a,0,40,,n/a,n/a,18,3.05,0.93,,127,4 weeks
best shopping cart plugin for wordpress,best shopping cart plugin for wordpress​,C,n/a,0,40,,n/a,n/a,30,0.00,0.03,,2.4M,1 month
best shopping cart plugins for wordpress,best shopping cart plugins for wordpress​,C,n/a,0,40,,n/a,n/a,31,0.00,0.03,,154,4 weeks
best smtp plugin for wordpress,best smtp plugin for wordpress​,C,n/a,0,40,,n/a,n/a,33,3.36,0.65,,141,1 month
best social plugin for wordpress,best social plugin for wordpress​,C,n/a,0,40,,n/a,n/a,6,2.24,0.38,+2,168,1 month
best wordpress plugin for analytics,best wordpress plugin for analytics​,C,n/a,0,40,,n/a,n/a,33,4.69,0.26,+3,153,4 weeks
best wordpress plugin for faq,best wordpress plugin for faq​,C,n/a,0,40,,n/a,n/a,17,0.00,0.00,,129,1 month
best wordpress plugins for affiliate marketers,best wordpress plugins for affiliate marketers​,C,n/a,0,40,,n/a,n/a,12,0.00,0.33,+2,134,1 month
best wordpress plugins for ecommerce,best wordpress plugins for ecommerce​,n/a,n/a,0,40,,n/a,n/a,n/a,3.36,0.27,n/a,n/a,"For metrics, refresh"
the best faq plugin for wordpress,the best faq plugin for wordpress​,n/a,n/a,0,40,,n/a,n/a,n/a,0.00,0.00,n/a,n/a,"For metrics, refresh"
best affiliate marketing plugin for wordpress,best affiliate marketing plugin for wordpress​,n/a,n/a,0,30,,n/a,n/a,n/a,2.80,0.23,n/a,n/a,"For metrics, refresh"
best ai plugins for wordpress,best ai plugins for wordpress​,n/a,n/a,0,30,,n/a,n/a,n/a,4.40,0.18,n/a,n/a,"For metrics, refresh"
best analytics plugin for wordpress,best analytics plugin for wordpress​,C,n/a,0,30,,n/a,n/a,30,4.69,0.26,,26.4M,1 month
best audio player plugin for wordpress,best audio player plugin for wordpress​,n/a,n/a,0,30,,n/a,n/a,n/a,2.48,0.39,n/a,n/a,"For metrics, refresh"
best blog plugin for wordpress,best blog plugin for wordpress​,C,n/a,0,30,,n/a,n/a,14,3.81,0.29,,50.3M,1 month
best calendar plugin for wordpress,best calendar plugin for wordpress​,C,n/a,0,30,,n/a,n/a,21,1.36,0.73,+3,19M,1 month
best captcha plugin for wordpress,best captcha plugin for wordpress​,C,n/a,0,30,,n/a,n/a,9,1.34,0.32,,135,1 month
best chat plugin for wordpress free,best chat plugin for wordpress free​,n/a,n/a,0,30,,n/a,n/a,n/a,0.00,0.33,n/a,n/a,"For metrics, refresh"
best chat plugins for wordpress,best chat plugins for wordpress​,C,n/a,0,30,,n/a,n/a,19,9.24,0.18,,148,4 weeks
best client portal plugin for wordpress,best client portal plugin for wordpress​,n/a,n/a,0,30,,n/a,n/a,n/a,0.00,0.03,n/a,n/a,"For metrics, refresh"
best email plugin for wordpress,best email plugin for wordpress​,C,n/a,0,30,,n/a,n/a,22,6.03,0.89,,48.6M,1 month
best event plugin for wordpress,best event plugin for wordpress​,C,n/a,0,30,,n/a,n/a,21,2.26,0.74,+2,29.9M,1 month
best events calendar plugin for wordpress,best events calendar plugin for wordpress​,C,n/a,0,30,,n/a,n/a,50,2.79,0.77,,154,1 month
best faq plugin wordpress for video instructions,best faq plugin wordpress for video instructions​,n/a,n/a,0,30,,n/a,n/a,n/a,0.00,0.00,n/a,n/a,"For metrics, refresh"
best forms plugin for wordpress,best forms plugin for wordpress​,C,n/a,0,30,,n/a,n/a,27,3.36,0.45,,121,1 month
best free analytics plugin for wordpress,best free analytics plugin for wordpress​,n/a,n/a,0,30,,n/a,n/a,n/a,0.00,0.07,n/a,n/a,"For metrics, refresh"
best free email marketing plugin for wordpress,best free email marketing plugin for wordpress​,C,n/a,0,30,,n/a,n/a,10,2.38,0.68,+3,41.2M,1 month
best free form plugin for wordpress,best free form plugin for wordpress​,C,n/a,0,30,,n/a,n/a,32,1.42,0.70,+2,32.7M,1 month
best free newsletter plugin for wordpress,best free newsletter plugin for wordpress​,C,n/a,0,30,,n/a,n/a,21,2.52,0.81,,136,1 month
best free plugins for wordpress,best free plugins for wordpress​,C,n/a,0,30,,n/a,n/a,25,0.55,0.40,+2,45.3M,1 month
best free seo plugin for wordpress 2025,best free seo plugin for wordpress 2025​,n/a,n/a,0,30,,n/a,n/a,n/a,0.00,0.05,n/a,n/a,"For metrics, refresh"
best google analytics plugin for wordpress,best google analytics plugin for wordpress​,C,n/a,0,30,,n/a,n/a,23,0.99,0.35,,143,1 month
best instagram plugin for wordpress,best instagram plugin for wordpress​,C,n/a,0,30,,n/a,n/a,11,2.19,0.96,,149,4 weeks
best login plugin for wordpress,best login plugin for wordpress​,n/a,n/a,0,30,,n/a,n/a,n/a,2.90,0.21,n/a,n/a,"For metrics, refresh"
best loyalty plugin for wordpress,best loyalty plugin for wordpress​,n/a,n/a,0,30,,n/a,n/a,n/a,0.00,0.33,n/a,n/a,"For metrics, refresh"
best newsletter plugin for wordpress,best newsletter plugin for wordpress​,C,n/a,0,30,,n/a,n/a,52,5.36,0.70,+2,11.1M,1 month
best podcast plugin for wordpress,best podcast plugin for wordpress​,C,n/a,0,30,,n/a,n/a,12,2.45,0.41,+2,131,1 month
best quiz plugin for wordpress,best quiz plugin for wordpress​,C,n/a,0,30,,n/a,n/a,20,2.99,0.47,+2,1.5M,1 month
best schema markup plugin for wordpress,best schema markup plugin for wordpress​,C,n/a,0,30,,n/a,n/a,29,0.97,0.79,,142,1 month
best search plugin for wordpress,best search plugin for wordpress​,C,n/a,0,30,,n/a,n/a,27,5.51,0.47,+2,164,1 month
best slider plugin for wordpress,best slider plugin for wordpress​,C,n/a,0,30,,n/a,n/a,30,1.26,0.58,+3,33M,1 month
best social login plugin for wordpress,best social login plugin for wordpress​,n/a,n/a,0,30,,n/a,n/a,n/a,0.00,0.33,n/a,n/a,"For metrics, refresh"
best video plugin for wordpress,best video plugin for wordpress​,n/a,n/a,0,30,,n/a,n/a,n/a,2.91,0.14,n/a,n/a,"For metrics, refresh"
best website optimization plugin for wordpress,best website optimization plugin for wordpress​,n/a,n/a,0,30,,n/a,n/a,n/a,0.00,0.05,n/a,n/a,"For metrics, refresh"
best wordpress plugin for amazon affiliate,best wordpress plugin for amazon affiliate​,C,n/a,0,30,,n/a,n/a,23,2.17,0.55,+3,974K,1 month
best wordpress plugin for email marketing,best wordpress plugin for email marketing​,n/a,n/a,0,30,,n/a,n/a,n/a,0.00,0.10,n/a,n/a,"For metrics, refresh"
best wordpress plugin for internal linking,best wordpress plugin for internal linking​,n/a,n/a,0,30,,n/a,n/a,n/a,0.00,0.03,n/a,n/a,"For metrics, refresh"
best wordpress plugins for security,best wordpress plugins for security​,C,n/a,0,30,,n/a,n/a,13,1.51,0.45,,133,1 month
which google analytics plugin for wordpress is the best,which google analytics plugin for wordpress is the best​,n/a,n/a,0,30,,n/a,n/a,n/a,0.00,0.33,n/a,n/a,"For metrics, refresh"
which seo plugin is best for wordpress,which seo plugin is best for wordpress​,n/a,n/a,0,30,,n/a,n/a,n/a,1.51,0.36,n/a,n/a,"For metrics, refresh"
best 2fa plugin for wordpress,best 2fa plugin for wordpress​,n/a,n/a,0,20,,n/a,n/a,n/a,2.80,0.55,n/a,n/a,"For metrics, refresh"
best accessibility plugin for wordpress,best accessibility plugin for wordpress​,n/a,n/a,0,20,,n/a,n/a,n/a,6.75,0.61,n/a,n/a,"For metrics, refresh"
best ad plugin for wordpress,best ad plugin for wordpress​,n/a,n/a,0,20,,n/a,n/a,n/a,6.23,0.51,n/a,n/a,"For metrics, refresh"
best ada plugin for wordpress,best ada plugin for wordpress​,n/a,n/a,0,20,,n/a,n/a,n/a,14.73,0.93,n/a,n/a,"For metrics, refresh"
best adsense plugin for wordpress,best adsense plugin for wordpress​,n/a,n/a,0,20,,n/a,n/a,n/a,0.00,0.07,n/a,n/a,"For metrics, refresh"
best affiliate plugins for wordpress,best affiliate plugins for wordpress​,n/a,n/a,0,20,,n/a,n/a,n/a,0.00,0.33,n/a,n/a,"For metrics, refresh"
best affiliate program plugin for wordpress,best affiliate program plugin for wordpress​,n/a,n/a,0,20,,n/a,n/a,n/a,0.00,0.33,n/a,n/a,"For metrics, refresh"
best ai chatbot plugin for wordpress,best ai chatbot plugin for wordpress​,n/a,n/a,0,20,,n/a,n/a,n/a,0.00,0.66,n/a,n/a,"For metrics, refresh"
best ai seo plugin for wordpress,best ai seo plugin for wordpress​,n/a,n/a,0,20,,n/a,n/a,n/a,7.90,0.86,n/a,n/a,"For metrics, refresh"
best amazon affiliate plugin for wordpress,best amazon affiliate plugin for wordpress​,n/a,n/a,0,20,,n/a,n/a,n/a,2.42,0.20,n/a,n/a,"For metrics, refresh"
best amp plugin for wordpress,best amp plugin for wordpress​,n/a,n/a,0,20,,n/a,n/a,n/a,0.00,0.10,n/a,n/a,"For metrics, refresh"
best animation plugins for wordpress,best animation plugins for wordpress​,n/a,n/a,0,20,,n/a,n/a,n/a,0.00,0.24,n/a,n/a,"For metrics, refresh"
best antivirus plugin for wordpress,best antivirus plugin for wordpress​,n/a,n/a,0,20,,n/a,n/a,n/a,0.00,0.39,n/a,n/a,"For metrics, refresh"
best appointment plugin for wordpress,best appointment plugin for wordpress​,n/a,n/a,0,20,,n/a,n/a,n/a,2.52,0.00,n/a,n/a,"For metrics, refresh"
best appointment scheduling plugin for wordpress,best appointment scheduling plugin for wordpress​,n/a,n/a,0,20,,n/a,n/a,n/a,2.88,0.21,n/a,n/a,"For metrics, refresh"
best appointment scheduling plugin for wordpress free,best appointment scheduling plugin for wordpress free​,n/a,n/a,0,20,,n/a,n/a,n/a,0.00,1.00,n/a,n/a,"For metrics, refresh"
best author box plugin for wordpress,best author box plugin for wordpress​,n/a,n/a,0,20,,n/a,n/a,n/a,0.00,0.00,n/a,n/a,"For metrics, refresh"
best author plugin for wordpress,best author plugin for wordpress​,n/a,n/a,0,20,,n/a,n/a,n/a,0.00,0.00,n/a,n/a,"For metrics, refresh"
best banner ad plugin for wordpress,best banner ad plugin for wordpress​,n/a,n/a,0,20,,n/a,n/a,n/a,0.97,0.64,n/a,n/a,"For metrics, refresh"
best banner plugin for wordpress,best banner plugin for wordpress​,n/a,n/a,0,20,,n/a,n/a,n/a,0.00,0.08,n/a,n/a,"For metrics, refresh"
best block plugins for wordpress,best block plugins for wordpress​,n/a,n/a,0,20,,n/a,n/a,n/a,0.00,0.71,n/a,n/a,"For metrics, refresh"
best blog design plugin for wordpress,best blog design plugin for wordpress​,n/a,n/a,0,20,,n/a,n/a,n/a,0.00,0.00,n/a,n/a,"For metrics, refresh"
best booking plugins for wordpress,best booking plugins for wordpress​,n/a,n/a,0,20,,n/a,n/a,n/a,3.44,0.21,n/a,n/a,"For metrics, refresh"
best builder plugin for wordpress,best builder plugin for wordpress​,n/a,n/a,0,20,,n/a,n/a,n/a,4.08,1.00,n/a,n/a,"For metrics, refresh"
best business directory/blog plugin for wordpress,best business directory/blog plugin for wordpress​,n/a,n/a,0,20,,n/a,n/a,n/a,0.00,0.00,n/a,n/a,"For metrics, refresh"
best button plugin for wordpress,best button plugin for wordpress​,n/a,n/a,0,20,,n/a,n/a,n/a,0.00,0.00,n/a,n/a,"For metrics, refresh"
best cache plugin for wordpress free,best cache plugin for wordpress free​,n/a,n/a,0,20,,n/a,n/a,n/a,0.00,0.14,n/a,n/a,"For metrics, refresh"
best cache plugin for wordpress reddit,best cache plugin for wordpress reddit​,n/a,n/a,0,20,,n/a,n/a,n/a,0.00,0.33,n/a,n/a,"For metrics, refresh"
best calendar plugins for wordpress,best calendar plugins for wordpress​,n/a,n/a,0,20,,n/a,n/a,n/a,1.48,0.33,n/a,n/a,"For metrics, refresh"
best carousel plugin for wordpress,best carousel plugin for wordpress​,n/a,n/a,0,20,,n/a,n/a,n/a,0.00,0.44,n/a,n/a,"For metrics, refresh"
best catalog plugin for wordpress,best catalog plugin for wordpress​,n/a,n/a,0,20,,n/a,n/a,n/a,0.00,0.00,n/a,n/a,"For metrics, refresh"
best cdn plugin for wordpress,best cdn plugin for wordpress​,n/a,n/a,0,20,,n/a,n/a,n/a,0.00,0.75,n/a,n/a,"For metrics, refresh"
best chart plugin for wordpress,best chart plugin for wordpress​,n/a,n/a,0,20,,n/a,n/a,n/a,1.76,0.36,n/a,n/a,"For metrics, refresh"
best cms plugin for wordpress,best cms plugin for wordpress​,n/a,n/a,0,20,,n/a,n/a,n/a,0.00,0.86,n/a,n/a,"For metrics, refresh"
best code snippet plugin for wordpress,best code snippet plugin for wordpress​,n/a,n/a,0,20,,n/a,n/a,n/a,0.00,0.33,n/a,n/a,"For metrics, refresh"
best coming soon plugin for wordpress,best coming soon plugin for wordpress​,n/a,n/a,0,20,,n/a,n/a,n/a,0.00,0.00,n/a,n/a,"For metrics, refresh"
best comment plugins for wordpress,best comment plugins for wordpress​,n/a,n/a,0,20,,n/a,n/a,n/a,0.00,0.36,n/a,n/a,"For metrics, refresh"
best community plugin for wordpress,best community plugin for wordpress​,n/a,n/a,0,20,,n/a,n/a,n/a,4.31,0.76,n/a,n/a,"For metrics, refresh"
best contact form plugin for wordpress free,best contact form plugin for wordpress free​,n/a,n/a,0,20,,n/a,n/a,n/a,2.33,0.69,n/a,n/a,"For metrics, refresh"
best contact plugin for wordpress,best contact plugin for wordpress​,n/a,n/a,0,20,,n/a,n/a,n/a,0.00,0.90,n/a,n/a,"For metrics, refresh"
best contact us plugin for wordpress,best contact us plugin for wordpress​,n/a,n/a,0,20,,n/a,n/a,n/a,0.00,0.00,n/a,n/a,"For metrics, refresh"
best cookie compliance plugin for wordpress,best cookie compliance plugin for wordpress​,n/a,n/a,0,20,,n/a,n/a,n/a,0.00,0.54,n/a,n/a,"For metrics, refresh"
best cookie plugin for wordpress,best cookie plugin for wordpress​,n/a,n/a,0,20,,n/a,n/a,n/a,12.29,0.30,n/a,n/a,"For metrics, refresh"
best course plugin for wordpress,best course plugin for wordpress​,n/a,n/a,0,20,,n/a,n/a,n/a,2.15,0.49,n/a,n/a,"For metrics, refresh"
best crm plugins for wordpress,best crm plugins for wordpress​,n/a,n/a,0,20,,n/a,n/a,n/a,5.70,0.03,n/a,n/a,"For metrics, refresh"
best css plugin for wordpress,best css plugin for wordpress​,n/a,n/a,0,20,,n/a,n/a,n/a,0.00,0.33,n/a,n/a,"For metrics, refresh"
best database plugin for wordpress,best database plugin for wordpress​,n/a,n/a,0,20,,n/a,n/a,n/a,0.00,0.33,n/a,n/a,"For metrics, refresh"
best dating plugin for wordpress,best dating plugin for wordpress​,n/a,n/a,0,20,,n/a,n/a,n/a,0.00,0.00,n/a,n/a,"For metrics, refresh"
best design plugins for wordpress,best design plugins for wordpress​,n/a,n/a,0,20,,n/a,n/a,n/a,0.00,0.66,n/a,n/a,"For metrics, refresh"
best documentation plugin for wordpress,best documentation plugin for wordpress​,n/a,n/a,0,20,,n/a,n/a,n/a,0.00,0.00,n/a,n/a,"For metrics, refresh"
best donation plugins for wordpress,best donation plugins for wordpress​,n/a,n/a,0,20,,n/a,n/a,n/a,4.78,0.42,n/a,n/a,"For metrics, refresh"
best download plugin for wordpress,best download plugin for wordpress​,n/a,n/a,0,20,,n/a,n/a,n/a,0.00,0.33,n/a,n/a,"For metrics, refresh"
best drag and drop plugin for wordpress,best drag and drop plugin for wordpress​,n/a,n/a,0,20,,n/a,n/a,n/a,0.00,1.00,n/a,n/a,"For metrics, refresh"
best dropship plugin for wordpress,best dropship plugin for wordpress​,n/a,n/a,0,20,,n/a,n/a,n/a,0.00,0.00,n/a,n/a,"For metrics, refresh"
best dropshipping plugin for wordpress,best dropshipping plugin for wordpress​,n/a,n/a,0,20,,n/a,n/a,n/a,0.00,0.00,n/a,n/a,"For metrics, refresh"
best ecommerce plugin for wordpress free,best ecommerce plugin for wordpress free​,n/a,n/a,0,20,,n/a,n/a,n/a,2.07,0.89,n/a,n/a,"For metrics, refresh"
best ecommerce plugins for wordpress,best ecommerce plugins for wordpress​,n/a,n/a,0,20,,n/a,n/a,n/a,0.00,0.43,n/a,n/a,"For metrics, refresh"
best editor plugin for wordpress,best editor plugin for wordpress​,n/a,n/a,0,20,,n/a,n/a,n/a,0.00,0.37,n/a,n/a,"For metrics, refresh"
best elementor plugin for wordpress,best elementor plugin for wordpress​,n/a,n/a,0,20,,n/a,n/a,n/a,0.00,0.86,n/a,n/a,"For metrics, refresh"
best email marketing plugin for wordpress,best email marketing plugin for wordpress​,n/a,n/a,0,20,,n/a,n/a,n/a,4.92,0.83,n/a,n/a,"For metrics, refresh"
best email newsletter plugin for wordpress,best email newsletter plugin for wordpress​,n/a,n/a,0,20,,n/a,n/a,n/a,0.00,0.94,n/a,n/a,"For metrics, refresh"
best email subscribe plugin for wordpress,best email subscribe plugin for wordpress​,n/a,n/a,0,20,,n/a,n/a,n/a,0.00,0.86,n/a,n/a,"For metrics, refresh"
best event management plugin for wordpress,best event management plugin for wordpress​,n/a,n/a,0,20,,n/a,n/a,n/a,0.00,0.86,n/a,n/a,"For metrics, refresh"
best eventbrite plugin for wordpress,best eventbrite plugin for wordpress​,n/a,n/a,0,20,,n/a,n/a,n/a,0.00,0.86,n/a,n/a,"For metrics, refresh"
best facebook feed plugin for wordpress,best facebook feed plugin for wordpress​,n/a,n/a,0,20,,n/a,n/a,n/a,2.12,0.49,n/a,n/a,"For metrics, refresh"
best facebook pixel plugin for wordpress,best facebook pixel plugin for wordpress​,n/a,n/a,0,20,,n/a,n/a,n/a,0.00,0.00,n/a,n/a,"For metrics, refresh"
best facebook plugin for wordpress,best facebook plugin for wordpress​,n/a,n/a,0,20,,n/a,n/a,n/a,0.00,0.11,n/a,n/a,"For metrics, refresh"
best file manager plugin for wordpress,best file manager plugin for wordpress​,n/a,n/a,0,20,,n/a,n/a,n/a,0.00,0.36,n/a,n/a,"For metrics, refresh"
best filter plugin for wordpress,best filter plugin for wordpress​,n/a,n/a,0,20,,n/a,n/a,n/a,0.00,0.50,n/a,n/a,"For metrics, refresh"
best firewall plugin for wordpress,best firewall plugin for wordpress​,n/a,n/a,0,20,,n/a,n/a,n/a,0.00,0.32,n/a,n/a,"For metrics, refresh"
best flipbook plugin for wordpress,best flipbook plugin for wordpress​,n/a,n/a,0,20,,n/a,n/a,n/a,2.14,0.43,n/a,n/a,"For metrics, refresh"
best font plugin for wordpress,best font plugin for wordpress​,n/a,n/a,0,20,,n/a,n/a,n/a,0.00,0.10,n/a,n/a,"For metrics, refresh"
best footer plugin for wordpress,best footer plugin for wordpress​,n/a,n/a,0,20,,n/a,n/a,n/a,0.00,0.33,n/a,n/a,"For metrics, refresh"
best form builder plugin for wordpress,best form builder plugin for wordpress​,n/a,n/a,0,20,,n/a,n/a,n/a,3.94,0.66,n/a,n/a,"For metrics, refresh"
best form plugin for wordpress free,best form plugin for wordpress free​,n/a,n/a,0,20,,n/a,n/a,n/a,0.00,0.71,n/a,n/a,"For metrics, refresh"
best form plugins for wordpress,best form plugins for wordpress​,n/a,n/a,0,20,,n/a,n/a,n/a,3.64,0.34,n/a,n/a,"For metrics, refresh"
best forms plugins for wordpress,best forms plugins for wordpress​,n/a,n/a,0,20,,n/a,n/a,n/a,0.00,0.00,n/a,n/a,"For metrics, refresh"
best free accessibility plugin for wordpress,best free accessibility plugin for wordpress​,n/a,n/a,0,20,,n/a,n/a,n/a,4.16,0.99,n/a,n/a,"For metrics, refresh"
best free affiliate plugin for wordpress,best free affiliate plugin for wordpress​,n/a,n/a,0,20,,n/a,n/a,n/a,0.00,0.33,n/a,n/a,"For metrics, refresh"
best free anti spam plugin for wordpress,best free anti spam plugin for wordpress​,n/a,n/a,0,20,,n/a,n/a,n/a,0.17,0.07,n/a,n/a,"For metrics, refresh"
best free appointment scheduling plugin for wordpress,best free appointment scheduling plugin for wordpress​,n/a,n/a,0,20,,n/a,n/a,n/a,0.00,1.00,n/a,n/a,"For metrics, refresh"
best free audio player plugin for wordpress,best free audio player plugin for wordpress​,n/a,n/a,0,20,,n/a,n/a,n/a,0.00,0.33,n/a,n/a,"For metrics, refresh"
best free blog plugins for wordpress,best free blog plugins for wordpress​,n/a,n/a,0,20,,n/a,n/a,n/a,0.00,0.16,n/a,n/a,"For metrics, refresh"
best free caching plugin for wordpress,best free caching plugin for wordpress​,n/a,n/a,0,20,,n/a,n/a,n/a,2.50,0.10,n/a,n/a,"For metrics, refresh"
best free calendar plugin for wordpress,best free calendar plugin for wordpress​,n/a,n/a,0,20,,n/a,n/a,n/a,0.76,0.51,n/a,n/a,"For metrics, refresh"
best free captcha plugin for wordpress,best free captcha plugin for wordpress​,n/a,n/a,0,20,,n/a,n/a,n/a,0.00,0.33,n/a,n/a,"For metrics, refresh"
best free chat plugin for wordpress,best free chat plugin for wordpress​,n/a,n/a,0,20,,n/a,n/a,n/a,3.85,0.71,n/a,n/a,"For metrics, refresh"
best free contact form plugin for wordpress,best free contact form plugin for wordpress​,n/a,n/a,0,20,,n/a,n/a,n/a,1.13,0.35,n/a,n/a,"For metrics, refresh"
best free crm plugin for wordpress,best free crm plugin for wordpress​,n/a,n/a,0,20,,n/a,n/a,n/a,0.00,0.12,n/a,n/a,"For metrics, refresh"
best free ecommerce plugin for wordpress,best free ecommerce plugin for wordpress​,n/a,n/a,0,20,,n/a,n/a,n/a,0.00,0.79,n/a,n/a,"For metrics, refresh"
best free email plugin for wordpress,best free email plugin for wordpress​,n/a,n/a,0,20,,n/a,n/a,n/a,0.00,0.33,n/a,n/a,"For metrics, refresh"
best free events calendar plugin for wordpress,best free events calendar plugin for wordpress​,n/a,n/a,0,20,,n/a,n/a,n/a,0.00,0.29,n/a,n/a,"For metrics, refresh"
best free facebook feed plugin for wordpress,best free facebook feed plugin for wordpress​,n/a,n/a,0,20,,n/a,n/a,n/a,0.00,0.14,n/a,n/a,"For metrics, refresh"
best free form builder plugin for wordpress,best free form builder plugin for wordpress​,n/a,n/a,0,20,,n/a,n/a,n/a,0.00,0.93,n/a,n/a,"For metrics, refresh"
best free forum plugin for wordpress,best free forum plugin for wordpress​,n/a,n/a,0,20,,n/a,n/a,n/a,0.00,0.34,n/a,n/a,"For metrics, refresh"
best free google analytics plugin for wordpress,best free google analytics plugin for wordpress​,n/a,n/a,0,20,,n/a,n/a,n/a,0.00,0.21,n/a,n/a,"For metrics, refresh"
best free google reviews plugin for wordpress,best free google reviews plugin for wordpress​,n/a,n/a,0,20,,n/a,n/a,n/a,0.00,0.57,n/a,n/a,"For metrics, refresh"
best free idx plugin for wordpress,best free idx plugin for wordpress​,n/a,n/a,0,20,,n/a,n/a,n/a,0.00,0.00,n/a,n/a,"For metrics, refresh"
best free instagram plugin for wordpress,best free instagram plugin for wordpress​,n/a,n/a,0,20,,n/a,n/a,n/a,0.00,0.90,n/a,n/a,"For metrics, refresh"
best free landing page plugin for wordpress,best free landing page plugin for wordpress​,n/a,n/a,0,20,,n/a,n/a,n/a,0.00,0.00,n/a,n/a,"For metrics, refresh"
best free lms plugin for wordpress,best free lms plugin for wordpress​,n/a,n/a,0,20,,n/a,n/a,n/a,0.00,0.86,n/a,n/a,"For metrics, refresh"
best free mailing list plugin for wordpress,best free mailing list plugin for wordpress​,n/a,n/a,0,20,,n/a,n/a,n/a,0.00,0.00,n/a,n/a,"For metrics, refresh"
best free map plugin for wordpress,best free map plugin for wordpress​,n/a,n/a,0,20,,n/a,n/a,n/a,0.00,0.16,n/a,n/a,"For metrics, refresh"
best free page builder plugin for wordpress,best free page builder plugin for wordpress​,n/a,n/a,0,20,,n/a,n/a,n/a,0.00,0.05,n/a,n/a,"For metrics, refresh"
best free plugin for email subscription wordpress,best free plugin for email subscription wordpress​,n/a,n/a,0,20,,n/a,n/a,n/a,0.00,0.71,n/a,n/a,"For metrics, refresh"
best free plugin for multi language wordpress,best free plugin for multi language wordpress​,n/a,n/a,0,20,,n/a,n/a,n/a,0.00,0.00,n/a,n/a,"For metrics, refresh"
best free popup plugin for wordpress,best free popup plugin for wordpress​,n/a,n/a,0,20,,n/a,n/a,n/a,3.81,0.54,n/a,n/a,"For metrics, refresh"
best free product catalog plugin for wordpress,best free product catalog plugin for wordpress​,n/a,n/a,0,20,,n/a,n/a,n/a,0.00,0.33,n/a,n/a,"For metrics, refresh"
best free push notification plugin for wordpress,best free push notification plugin for wordpress​,n/a,n/a,0,20,,n/a,n/a,n/a,0.00,0.21,n/a,n/a,"For metrics, refresh"
best free quiz plugin for wordpress,best free quiz plugin for wordpress​,n/a,n/a,0,20,,n/a,n/a,n/a,0.00,0.57,n/a,n/a,"For metrics, refresh"
best free rss feed plugin for wordpress,best free rss feed plugin for wordpress​,n/a,n/a,0,20,,n/a,n/a,n/a,0.00,0.33,n/a,n/a,"For metrics, refresh"
best free schema plugin for wordpress,best free schema plugin for wordpress​,n/a,n/a,0,20,,n/a,n/a,n/a,0.00,0.09,n/a,n/a,"For metrics, refresh"
best free search plugin for wordpress,best free search plugin for wordpress​,n/a,n/a,0,20,,n/a,n/a,n/a,0.00,0.10,n/a,n/a,"For metrics, refresh"
best free security plugin for wordpress,best free security plugin for wordpress​,n/a,n/a,0,20,,n/a,n/a,n/a,1.13,0.51,n/a,n/a,"For metrics, refresh"
best free seo plugin for wordpress reddit,best free seo plugin for wordpress reddit​,n/a,n/a,0,20,,n/a,n/a,n/a,0.00,0.14,n/a,n/a,"For metrics, refresh"
best free seo plugins for wordpress,best free seo plugins for wordpress​,n/a,n/a,0,20,,n/a,n/a,n/a,1.44,0.19,n/a,n/a,"For metrics, refresh"
best free slider plugin for wordpress,best free slider plugin for wordpress​,n/a,n/a,0,20,,n/a,n/a,n/a,0.00,0.40,n/a,n/a,"For metrics, refresh"
best free slideshow plugin for wordpress,best free slideshow plugin for wordpress​,n/a,n/a,0,20,,n/a,n/a,n/a,0.00,0.00,n/a,n/a,"For metrics, refresh"
best free smtp plugin for wordpress,best free smtp plugin for wordpress​,n/a,n/a,0,20,,n/a,n/a,n/a,7.95,0.66,n/a,n/a,"For metrics, refresh"
best free social media plugin for wordpress,best free social media plugin for wordpress​,n/a,n/a,0,20,,n/a,n/a,n/a,0.00,0.33,n/a,n/a,"For metrics, refresh"
best free social media sharing plugin for wordpress,best free social media sharing plugin for wordpress​,n/a,n/a,0,20,,n/a,n/a,n/a,0.00,0.14,n/a,n/a,"For metrics, refresh"
best free social share plugin for wordpress,best free social share plugin for wordpress​,n/a,n/a,0,20,,n/a,n/a,n/a,0.00,0.14,n/a,n/a,"For metrics, refresh"
best free ssl certificate plugin for wordpress,best free ssl certificate plugin for wordpress​,n/a,n/a,0,20,,n/a,n/a,n/a,0.00,0.33,n/a,n/a,"For metrics, refresh"
best free ssl plugin for wordpress,best free ssl plugin for wordpress​,n/a,n/a,0,20,,n/a,n/a,n/a,0.00,0.00,n/a,n/a,"For metrics, refresh"
best free survey plugin for wordpress,best free survey plugin for wordpress​,n/a,n/a,0,20,,n/a,n/a,n/a,0.00,0.43,n/a,n/a,"For metrics, refresh"
best free table plugin for wordpress,best free table plugin for wordpress​,n/a,n/a,0,20,,n/a,n/a,n/a,0.00,0.14,n/a,n/a,"For metrics, refresh"
best free template plugins for wordpress,best free template plugins for wordpress​,n/a,n/a,0,20,,n/a,n/a,n/a,0.00,0.07,n/a,n/a,"For metrics, refresh"
best free testimonial plugin for wordpress,best free testimonial plugin for wordpress​,n/a,n/a,0,20,,n/a,n/a,n/a,0.00,0.43,n/a,n/a,"For metrics, refresh"
best free user registration plugin for wordpress,best free user registration plugin for wordpress​,n/a,n/a,0,20,,n/a,n/a,n/a,0.00,0.57,n/a,n/a,"For metrics, refresh"
best free weather plugin for wordpress,best free weather plugin for wordpress​,n/a,n/a,0,20,,n/a,n/a,n/a,0.00,0.05,n/a,n/a,"For metrics, refresh"
best free webp plugin for wordpress,best free webp plugin for wordpress​,n/a,n/a,0,20,,n/a,n/a,n/a,0.00,0.14,n/a,n/a,"For metrics, refresh"
best free website builder plugin for wordpress,best free website builder plugin for wordpress​,n/a,n/a,0,20,,n/a,n/a,n/a,1.91,0.61,n/a,n/a,"For metrics, refresh"
best free wordpress plugin for speed optimization,best free wordpress plugin for speed optimization​,n/a,n/a,0,20,,n/a,n/a,n/a,0.00,0.14,n/a,n/a,"For metrics, refresh"
best free wordpress plugin for user registration and login,best free wordpress plugin for user registration and login​,n/a,n/a,0,20,,n/a,n/a,n/a,0.00,0.07,n/a,n/a,"For metrics, refresh"
best free wordpress plugins for amazon ses 2026,best free wordpress plugins for amazon ses 2026​,n/a,n/a,0,20,,n/a,n/a,n/a,0.00,0.00,n/a,n/a,"For metrics, refresh"
best free wordpress plugins for blogs,best free wordpress plugins for blogs​,n/a,n/a,0,20,,n/a,n/a,n/a,0.00,0.00,n/a,n/a,"For metrics, refresh"
best free wordpress plugins for design,best free wordpress plugins for design​,n/a,n/a,0,20,,n/a,n/a,n/a,0.00,0.33,n/a,n/a,"For metrics, refresh"
best free wordpress plugins for ecommerce,best free wordpress plugins for ecommerce​,n/a,n/a,0,20,,n/a,n/a,n/a,0.00,0.76,n/a,n/a,"For metrics, refresh"
best gallery plugin for wordpress free,best gallery plugin for wordpress free​,n/a,n/a,0,20,,n/a,n/a,n/a,0.65,0.23,n/a,n/a,"For metrics, refresh"
best gallery plugins for wordpress,best gallery plugins for wordpress​,n/a,n/a,0,20,,n/a,n/a,n/a,0.93,0.13,n/a,n/a,"For metrics, refresh"
best gamification plugin for wordpress,best gamification plugin for wordpress​,n/a,n/a,0,20,,n/a,n/a,n/a,0.00,0.33,n/a,n/a,"For metrics, refresh"
best google adsense plugin for wordpress,best google adsense plugin for wordpress​,n/a,n/a,0,20,,n/a,n/a,n/a,0.00,0.66,n/a,n/a,"For metrics, refresh"
best google analytics plugins for wordpress,best google analytics plugins for wordpress​,n/a,n/a,0,20,,n/a,n/a,n/a,1.07,0.31,n/a,n/a,"For metrics, refresh"
best google calendar plugin for wordpress,best google calendar plugin for wordpress​,n/a,n/a,0,20,,n/a,n/a,n/a,0.85,0.50,n/a,n/a,"For metrics, refresh"
best google review plugin for wordpress,best google review plugin for wordpress​,n/a,n/a,0,20,,n/a,n/a,n/a,3.36,0.52,n/a,n/a,"For metrics, refresh"
best google tag manager plugin for wordpress,best google tag manager plugin for wordpress​,n/a,n/a,0,20,,n/a,n/a,n/a,0.00,0.07,n/a,n/a,"For metrics, refresh"
best header plugin for wordpress,best header plugin for wordpress​,n/a,n/a,0,20,,n/a,n/a,n/a,0.00,0.43,n/a,n/a,"For metrics, refresh"
best helpdesk plugin for wordpress,best helpdesk plugin for wordpress​,n/a,n/a,0,20,,n/a,n/a,n/a,0.00,0.00,n/a,n/a,"For metrics, refresh"
best html sitemap plugin for wordpress,best html sitemap plugin for wordpress​,n/a,n/a,0,20,,n/a,n/a,n/a,0.00,0.00,n/a,n/a,"For metrics, refresh"
best icon plugin for wordpress,best icon plugin for wordpress​,n/a,n/a,0,20,,n/a,n/a,n/a,0.00,0.33,n/a,n/a,"For metrics, refresh"
best ide for wordpress plugin development,best ide for wordpress plugin development​,n/a,n/a,0,20,,n/a,n/a,n/a,0.00,0.33,n/a,n/a,"For metrics, refresh"
best iframe plugin for wordpress,best iframe plugin for wordpress​,n/a,n/a,0,20,,n/a,n/a,n/a,0.00,0.00,n/a,n/a,"For metrics, refresh"
best image compression plugin for wordpress,best image compression plugin for wordpress​,n/a,n/a,0,20,,n/a,n/a,n/a,2.45,0.29,n/a,n/a,"For metrics, refresh"
best image slider plugin for wordpress,best image slider plugin for wordpress​,n/a,n/a,0,20,,n/a,n/a,n/a,0.00,0.33,n/a,n/a,"For metrics, refresh"
best instagram feed plugin for wordpress,best instagram feed plugin for wordpress​,n/a,n/a,0,20,,n/a,n/a,n/a,0.00,0.86,n/a,n/a,"For metrics, refresh"
best invoice plugin for wordpress,best invoice plugin for wordpress​,n/a,n/a,0,20,,n/a,n/a,n/a,0.00,0.00,n/a,n/a,"For metrics, refresh"
best knowledge base plugin for wordpress,best knowledge base plugin for wordpress​,n/a,n/a,0,20,,n/a,n/a,n/a,4.26,0.89,n/a,n/a,"For metrics, refresh"
best landing page plugin for wordpress,best landing page plugin for wordpress​,n/a,n/a,0,20,,n/a,n/a,n/a,21.56,0.08,n/a,n/a,"For metrics, refresh"
best landing page plugin for wordpress free,best landing page plugin for wordpress free​,n/a,n/a,0,20,,n/a,n/a,n/a,0.00,0.71,n/a,n/a,"For metrics, refresh"
best language translator plugin for wordpress,best language translator plugin for wordpress​,n/a,n/a,0,20,,n/a,n/a,n/a,0.00,0.00,n/a,n/a,"For metrics, refresh"
best lazy load plugin for wordpress,best lazy load plugin for wordpress​,n/a,n/a,0,20,,n/a,n/a,n/a,0.00,0.36,n/a,n/a,"For metrics, refresh"
best lightbox plugin for wordpress,best lightbox plugin for wordpress​,n/a,n/a,0,20,,n/a,n/a,n/a,0.00,0.10,n/a,n/a,"For metrics, refresh"
best live chat plugins for wordpress,best live chat plugins for wordpress​,n/a,n/a,0,20,,n/a,n/a,n/a,12.90,0.15,n/a,n/a,"For metrics, refresh"
best lms plugin for wordpress free,best lms plugin for wordpress free​,n/a,n/a,0,20,,n/a,n/a,n/a,0.00,0.57,n/a,n/a,"For metrics, refresh"
best mailchimp plugin for wordpress,best mailchimp plugin for wordpress​,n/a,n/a,0,20,,n/a,n/a,n/a,4.81,0.64,n/a,n/a,"For metrics, refresh"
best mailing list plugin for wordpress,best mailing list plugin for wordpress​,n/a,n/a,0,20,,n/a,n/a,n/a,5.78,1.00,n/a,n/a,"For metrics, refresh"
best malware plugin for wordpress,best malware plugin for wordpress​,n/a,n/a,0,20,,n/a,n/a,n/a,0.00,0.24,n/a,n/a,"For metrics, refresh"
best map plugin for wordpress,best map plugin for wordpress​,n/a,n/a,0,20,,n/a,n/a,n/a,1.62,0.22,n/a,n/a,"For metrics, refresh"
best marketing plugins for wordpress,best marketing plugins for wordpress​,n/a,n/a,0,20,,n/a,n/a,n/a,0.00,0.33,n/a,n/a,"For metrics, refresh"
best marketplace plugin for wordpress,best marketplace plugin for wordpress​,n/a,n/a,0,20,,n/a,n/a,n/a,0.00,0.57,n/a,n/a,"For metrics, refresh"
best mega menu plugin for wordpress,best mega menu plugin for wordpress​,n/a,n/a,0,20,,n/a,n/a,n/a,0.00,0.00,n/a,n/a,"For metrics, refresh"
best membership plugins for wordpress,best membership plugins for wordpress​,n/a,n/a,0,20,,n/a,n/a,n/a,4.91,0.25,n/a,n/a,"For metrics, refresh"
best membership site plugins for wordpress,best membership site plugins for wordpress​,n/a,n/a,0,20,,n/a,n/a,n/a,0.00,0.00,n/a,n/a,"For metrics, refresh"
best meta pixel plugin for wordpress,best meta pixel plugin for wordpress​,n/a,n/a,0,20,,n/a,n/a,n/a,0.00,0.00,n/a,n/a,"For metrics, refresh"
best mls plugin for wordpress,best mls plugin for wordpress​,n/a,n/a,0,20,,n/a,n/a,n/a,0.00,0.86,n/a,n/a,"For metrics, refresh"
best mortgage calculator plugin for wordpress,best mortgage calculator plugin for wordpress​,n/a,n/a,0,20,,n/a,n/a,n/a,0.00,0.29,n/a,n/a,"For metrics, refresh"
best multi vendor plugin for wordpress,best multi vendor plugin for wordpress​,n/a,n/a,0,20,,n/a,n/a,n/a,0.00,0.86,n/a,n/a,"For metrics, refresh"
best multilingual plugin for wordpress,best multilingual plugin for wordpress​,n/a,n/a,0,20,,n/a,n/a,n/a,4.58,0.18,n/a,n/a,"For metrics, refresh"
best news plugin for wordpress,best news plugin for wordpress​,n/a,n/a,0,20,,n/a,n/a,n/a,0.00,0.14,n/a,n/a,"For metrics, refresh"
best news ticker plugin for wordpress,best news ticker plugin for wordpress​,n/a,n/a,0,20,,n/a,n/a,n/a,0.00,0.33,n/a,n/a,"For metrics, refresh"
best newsletter plugin for wordpress free,best newsletter plugin for wordpress free​,n/a,n/a,0,20,,n/a,n/a,n/a,4.32,0.81,n/a,n/a,"For metrics, refresh"
best newsletter plugins for wordpress,best newsletter plugins for wordpress​,n/a,n/a,0,20,,n/a,n/a,n/a,0.00,0.14,n/a,n/a,"For metrics, refresh"
best online course plugin for wordpress,best online course plugin for wordpress​,n/a,n/a,0,20,,n/a,n/a,n/a,5.16,0.43,n/a,n/a,"For metrics, refresh"
best online store plugin for wordpress,best online store plugin for wordpress​,n/a,n/a,0,20,,n/a,n/a,n/a,0.00,0.71,n/a,n/a,"For metrics, refresh"
best open graph plugin for wordpress,best open graph plugin for wordpress​,n/a,n/a,0,20,,n/a,n/a,n/a,0.00,0.07,n/a,n/a,"For metrics, refresh"
best optimize plugin for wordpress,best optimize plugin for wordpress​,n/a,n/a,0,20,,n/a,n/a,n/a,0.00,0.33,n/a,n/a,"For metrics, refresh"
best optin plugin for wordpress,best optin plugin for wordpress​,n/a,n/a,0,20,,n/a,n/a,n/a,0.00,0.00,n/a,n/a,"For metrics, refresh"
best paid membership plugin for wordpress,best paid membership plugin for wordpress​,n/a,n/a,0,20,,n/a,n/a,n/a,0.00,1.00,n/a,n/a,"For metrics, refresh"
best paid plugins for wordpress,best paid plugins for wordpress​,n/a,n/a,0,20,,n/a,n/a,n/a,2.28,0.41,n/a,n/a,"For metrics, refresh"
best payment plugins for wordpress,best payment plugins for wordpress​,n/a,n/a,0,20,,n/a,n/a,n/a,6.93,0.76,n/a,n/a,"For metrics, refresh"
best paypal plugin for wordpress,best paypal plugin for wordpress​,n/a,n/a,0,20,,n/a,n/a,n/a,1.84,0.36,n/a,n/a,"For metrics, refresh"
best pdf plugin for wordpress,best pdf plugin for wordpress​,n/a,n/a,0,20,,n/a,n/a,n/a,0.00,0.33,n/a,n/a,"For metrics, refresh"
best performance plugins for wordpress,best performance plugins for wordpress​,n/a,n/a,0,20,,n/a,n/a,n/a,0.00,0.71,n/a,n/a,"For metrics, refresh"
best photo plugin for wordpress,best photo plugin for wordpress​,n/a,n/a,0,20,,n/a,n/a,n/a,0.00,0.36,n/a,n/a,"For metrics, refresh"
best pinterest plugin for wordpress,best pinterest plugin for wordpress​,n/a,n/a,0,20,,n/a,n/a,n/a,0.00,0.17,n/a,n/a,"For metrics, refresh"
best pixel plugin for wordpress,best pixel plugin for wordpress​,n/a,n/a,0,20,,n/a,n/a,n/a,0.00,0.00,n/a,n/a,"For metrics, refresh"
best plugin for blog wordpress,best plugin for blog wordpress​,n/a,n/a,0,20,,n/a,n/a,n/a,0.00,0.86,n/a,n/a,"For metrics, refresh"
best plugin for email subscription wordpress,best plugin for email subscription wordpress​,n/a,n/a,0,20,,n/a,n/a,n/a,0.00,0.86,n/a,n/a,"For metrics, refresh"
best plugin for forms wordpress,best plugin for forms wordpress​,n/a,n/a,0,20,,n/a,n/a,n/a,0.00,0.33,n/a,n/a,"For metrics, refresh"
best plugin for google analytics wordpress,best plugin for google analytics wordpress​,n/a,n/a,0,20,,n/a,n/a,n/a,2.76,0.35,n/a,n/a,"For metrics, refresh"
best plugin for image optimization wordpress,best plugin for image optimization wordpress​,n/a,n/a,0,20,,n/a,n/a,n/a,0.00,0.71,n/a,n/a,"For metrics, refresh"
best plugin for multi language wordpress,best plugin for multi language wordpress​,n/a,n/a,0,20,,n/a,n/a,n/a,0.00,0.86,n/a,n/a,"For metrics, refresh"
best plugin for photo gallery in wordpress,best plugin for photo gallery in wordpress​,n/a,n/a,0,20,,n/a,n/a,n/a,0.00,0.86,n/a,n/a,"For metrics, refresh"
best plugin for speeding up wordpress site,best plugin for speeding up wordpress site​,n/a,n/a,0,20,,n/a,n/a,n/a,4.32,0.55,n/a,n/a,"For metrics, refresh"
best plugin for wordpress page builder,best plugin for wordpress page builder​,n/a,n/a,0,20,,n/a,n/a,n/a,4.07,0.64,n/a,n/a,"For metrics, refresh"
best plugin for wordpress speed,best plugin for wordpress speed​,n/a,n/a,0,20,,n/a,n/a,n/a,0.00,0.57,n/a,n/a,"For metrics, refresh"
best plugins for event booking wordpress,best plugins for event booking wordpress​,n/a,n/a,0,20,,n/a,n/a,n/a,0.00,0.00,n/a,n/a,"For metrics, refresh"
best plugins for speeding up wordpress,best plugins for speeding up wordpress​,n/a,n/a,0,20,,n/a,n/a,n/a,0.00,0.71,n/a,n/a,"For metrics, refresh"
best plugins for wordpress news site,best plugins for wordpress news site​,n/a,n/a,0,20,,n/a,n/a,n/a,0.00,0.71,n/a,n/a,"For metrics, refresh"
best plugins for wordpress site,best plugins for wordpress site​,n/a,n/a,0,20,,n/a,n/a,n/a,2.20,0.83,n/a,n/a,"For metrics, refresh"
best plugins for wordpress website,best plugins for wordpress website​,n/a,n/a,0,20,,n/a,n/a,n/a,1.43,0.74,n/a,n/a,"For metrics, refresh"
best podcast plugins for wordpress,best podcast plugins for wordpress​,n/a,n/a,0,20,,n/a,n/a,n/a,2.00,0.20,n/a,n/a,"For metrics, refresh"
best popup plugin for wordpress free,best popup plugin for wordpress free​,n/a,n/a,0,20,,n/a,n/a,n/a,0.00,0.05,n/a,n/a,"For metrics, refresh"
best post grid plugin for wordpress,best post grid plugin for wordpress​,n/a,n/a,0,20,,n/a,n/a,n/a,0.00,0.33,n/a,n/a,"For metrics, refresh"
best pricing table plugin for wordpress,best pricing table plugin for wordpress​,n/a,n/a,0,20,,n/a,n/a,n/a,1.63,0.66,n/a,n/a,"For metrics, refresh"
best product catalog plugin for wordpress,best product catalog plugin for wordpress​,n/a,n/a,0,20,,n/a,n/a,n/a,0.00,0.00,n/a,n/a,"For metrics, refresh"
best product catalogue plugin for wordpress,best product catalogue plugin for wordpress​,n/a,n/a,0,20,,n/a,n/a,n/a,0.00,0.00,n/a,n/a,"For metrics, refresh"
best product review plugin for wordpress,best product review plugin for wordpress​,n/a,n/a,0,20,,n/a,n/a,n/a,0.00,0.00,n/a,n/a,"For metrics, refresh"
best project management plugin for wordpress,best project management plugin for wordpress​,n/a,n/a,0,20,,n/a,n/a,n/a,3.61,0.29,n/a,n/a,"For metrics, refresh"
best push notification plugin for wordpress,best push notification plugin for wordpress​,n/a,n/a,0,20,,n/a,n/a,n/a,0.00,0.33,n/a,n/a,"For metrics, refresh"
best pwa plugin for wordpress,best pwa plugin for wordpress​,n/a,n/a,0,20,,n/a,n/a,n/a,0.00,0.00,n/a,n/a,"For metrics, refresh"
best quiz maker plugin for wordpress,best quiz maker plugin for wordpress​,n/a,n/a,0,20,,n/a,n/a,n/a,0.00,0.00,n/a,n/a,"For metrics, refresh"
best recaptcha plugin for wordpress,best recaptcha plugin for wordpress​,n/a,n/a,0,20,,n/a,n/a,n/a,0.00,0.33,n/a,n/a,"For metrics, refresh"
best recipe card plugin for wordpress,best recipe card plugin for wordpress​,n/a,n/a,0,20,,n/a,n/a,n/a,0.00,0.10,n/a,n/a,"For metrics, refresh"
best redirection plugin for wordpress,best redirection plugin for wordpress​,n/a,n/a,0,20,,n/a,n/a,n/a,0.00,0.25,n/a,n/a,"For metrics, refresh"
best referral plugin for wordpress,best referral plugin for wordpress​,n/a,n/a,0,20,,n/a,n/a,n/a,0.00,0.50,n/a,n/a,"For metrics, refresh"
best registration form plugin for wordpress,best registration form plugin for wordpress​,n/a,n/a,0,20,,n/a,n/a,n/a,0.00,0.33,n/a,n/a,"For metrics, refresh"
best related posts plugin for wordpress,best related posts plugin for wordpress​,n/a,n/a,0,20,,n/a,n/a,n/a,0.00,0.33,n/a,n/a,"For metrics, refresh"
best restaurant menu plugin for wordpress,best restaurant menu plugin for wordpress​,n/a,n/a,0,20,,n/a,n/a,n/a,0.00,0.33,n/a,n/a,"For metrics, refresh"
best review plugin for wordpress,best review plugin for wordpress​,n/a,n/a,0,20,,n/a,n/a,n/a,2.57,0.17,n/a,n/a,"For metrics, refresh"
best rich snippets plugin for wordpress,best rich snippets plugin for wordpress​,n/a,n/a,0,20,,n/a,n/a,n/a,0.00,0.00,n/a,n/a,"For metrics, refresh"
best rss feed plugin for wordpress,best rss feed plugin for wordpress​,n/a,n/a,0,20,,n/a,n/a,n/a,0.00,0.62,n/a,n/a,"For metrics, refresh"
best rss plugin for wordpress,best rss plugin for wordpress​,n/a,n/a,0,20,,n/a,n/a,n/a,0.00,0.62,n/a,n/a,"For metrics, refresh"
best scheduling plugin for wordpress,best scheduling plugin for wordpress​,n/a,n/a,0,20,,n/a,n/a,n/a,4.40,0.27,n/a,n/a,"For metrics, refresh"
best schema plugins for wordpress,best schema plugins for wordpress​,n/a,n/a,0,20,,n/a,n/a,n/a,1.70,0.35,n/a,n/a,"For metrics, refresh"
best search engine plugin for wordpress,best search engine plugin for wordpress​,n/a,n/a,0,20,,n/a,n/a,n/a,0.00,0.00,n/a,n/a,"For metrics, refresh"
best security plugin for wordpress 2025,best security plugin for wordpress 2025​,n/a,n/a,0,20,,n/a,n/a,n/a,1.41,0.73,n/a,n/a,"For metrics, refresh"
best security plugin for wordpress free,best security plugin for wordpress free​,n/a,n/a,0,20,,n/a,n/a,n/a,0.74,0.54,n/a,n/a,"For metrics, refresh"
best security plugins for wordpress professional websites 2025 2026,best security plugins for wordpress professional websites 2025 2026​,n/a,n/a,0,20,,n/a,n/a,n/a,0.00,0.00,n/a,n/a,"For metrics, refresh"
best seo plugin for wordpress 2020,best seo plugin for wordpress 2020​,n/a,n/a,0,20,,n/a,n/a,n/a,0.00,0.00,n/a,n/a,"For metrics, refresh"
best seo plugin for wordpress 2022,best seo plugin for wordpress 2022​,n/a,n/a,0,20,,n/a,n/a,n/a,0.00,0.00,n/a,n/a,"For metrics, refresh"
best seo plugin for wordpress 2023,best seo plugin for wordpress 2023​,n/a,n/a,0,20,,n/a,n/a,n/a,0.00,0.00,n/a,n/a,"For metrics, refresh"
best seo plugin for wordpress 2024,best seo plugin for wordpress 2024​,n/a,n/a,0,20,,n/a,n/a,n/a,0.00,0.33,n/a,n/a,"For metrics, refresh"
best seo plugin for wordpress reddit,best seo plugin for wordpress reddit​,n/a,n/a,0,20,,n/a,n/a,n/a,0.00,0.33,n/a,n/a,"For metrics, refresh"
best seo plugin for wordpress website,best seo plugin for wordpress website​,n/a,n/a,0,20,,n/a,n/a,n/a,0.00,1.00,n/a,n/a,"For metrics, refresh"
best seo plugin for wordpress woocommerce,best seo plugin for wordpress woocommerce​,n/a,n/a,0,20,,n/a,n/a,n/a,0.00,0.86,n/a,n/a,"For metrics, refresh"
best seo wordpress plugin for news sites,best seo wordpress plugin for news sites​,n/a,n/a,0,20,,n/a,n/a,n/a,0.00,0.33,n/a,n/a,"For metrics, refresh"
best sermon plugin for wordpress,best sermon plugin for wordpress​,n/a,n/a,0,20,,n/a,n/a,n/a,0.00,0.29,n/a,n/a,"For metrics, refresh"
best shipping plugin for wordpress,best shipping plugin for wordpress​,n/a,n/a,0,20,,n/a,n/a,n/a,5.11,0.86,n/a,n/a,"For metrics, refresh"
best shopify plugin for wordpress,best shopify plugin for wordpress​,n/a,n/a,0,20,,n/a,n/a,n/a,0.00,0.00,n/a,n/a,"For metrics, refresh"
best shortcode plugin for wordpress,best shortcode plugin for wordpress​,n/a,n/a,0,20,,n/a,n/a,n/a,0.00,0.33,n/a,n/a,"For metrics, refresh"
best site backup plugin for wordpress,best site backup plugin for wordpress​,n/a,n/a,0,20,,n/a,n/a,n/a,0.00,0.00,n/a,n/a,"For metrics, refresh"
best sitemap plugin for wordpress,best sitemap plugin for wordpress​,n/a,n/a,0,20,,n/a,n/a,n/a,3.19,0.08,n/a,n/a,"For metrics, refresh"
best slider plugin for wordpress free,best slider plugin for wordpress free​,n/a,n/a,0,20,,n/a,n/a,n/a,0.00,0.00,n/a,n/a,"For metrics, refresh"
best sms plugin for wordpress,best sms plugin for wordpress​,n/a,n/a,0,20,,n/a,n/a,n/a,0.00,0.71,n/a,n/a,"For metrics, refresh"
best social feed plugin for wordpress,best social feed plugin for wordpress​,n/a,n/a,0,20,,n/a,n/a,n/a,0.00,0.00,n/a,n/a,"For metrics, refresh"
best social media feed plugin for wordpress,best social media feed plugin for wordpress​,n/a,n/a,0,20,,n/a,n/a,n/a,1.60,1.00,n/a,n/a,"For metrics, refresh"
best social media icon plugin for wordpress,best social media icon plugin for wordpress​,n/a,n/a,0,20,,n/a,n/a,n/a,0.00,0.00,n/a,n/a,"For metrics, refresh"
best social media icons plugin for wordpress,best social media icons plugin for wordpress​,n/a,n/a,0,20,,n/a,n/a,n/a,0.00,0.00,n/a,n/a,"For metrics, refresh"
best social media login plugin for wordpress,best social media login plugin for wordpress​,n/a,n/a,0,20,,n/a,n/a,n/a,0.00,0.05,n/a,n/a,"For metrics, refresh"
best social media plugin for wordpress free,best social media plugin for wordpress free​,n/a,n/a,0,20,,n/a,n/a,n/a,0.00,0.37,n/a,n/a,"For metrics, refresh"
best social media plugins for wordpress,best social media plugins for wordpress​,n/a,n/a,0,20,,n/a,n/a,n/a,1.71,0.09,n/a,n/a,"For metrics, refresh"
best social share plugin for wordpress,best social share plugin for wordpress​,n/a,n/a,0,20,,n/a,n/a,n/a,0.00,0.25,n/a,n/a,"For metrics, refresh"
best social share plugin for wordpress free,best social share plugin for wordpress free​,n/a,n/a,0,20,,n/a,n/a,n/a,0.00,0.33,n/a,n/a,"For metrics, refresh"
best ssl plugin for wordpress,best ssl plugin for wordpress​,n/a,n/a,0,20,,n/a,n/a,n/a,0.00,0.20,n/a,n/a,"For metrics, refresh"
best staging plugin for wordpress,best staging plugin for wordpress​,n/a,n/a,0,20,,n/a,n/a,n/a,0.00,0.06,n/a,n/a,"For metrics, refresh"
best store locator plugin for wordpress,best store locator plugin for wordpress​,n/a,n/a,0,20,,n/a,n/a,n/a,5.27,0.86,n/a,n/a,"For metrics, refresh"
best store plugin for wordpress,best store plugin for wordpress​,n/a,n/a,0,20,,n/a,n/a,n/a,2.69,0.29,n/a,n/a,"For metrics, refresh"
best stripe plugin for wordpress,best stripe plugin for wordpress​,n/a,n/a,0,20,,n/a,n/a,n/a,0.00,0.33,n/a,n/a,"For metrics, refresh"
best structured data plugin for wordpress,best structured data plugin for wordpress​,n/a,n/a,0,20,,n/a,n/a,n/a,0.00,0.57,n/a,n/a,"For metrics, refresh"
best support plugin for wordpress,best support plugin for wordpress​,n/a,n/a,0,20,,n/a,n/a,n/a,0.00,0.00,n/a,n/a,"For metrics, refresh"
best svg plugin for wordpress,best svg plugin for wordpress​,n/a,n/a,0,20,,n/a,n/a,n/a,0.00,0.00,n/a,n/a,"For metrics, refresh"
best tab plugin for wordpress,best tab plugin for wordpress​,n/a,n/a,0,20,,n/a,n/a,n/a,0.00,0.33,n/a,n/a,"For metrics, refresh"
best table of contents plugin for wordpress,best table of contents plugin for wordpress​,n/a,n/a,0,20,,n/a,n/a,n/a,0.00,0.14,n/a,n/a,"For metrics, refresh"
best template plugins for wordpress,best template plugins for wordpress​,n/a,n/a,0,20,,n/a,n/a,n/a,0.00,0.50,n/a,n/a,"For metrics, refresh"
best text editor for wordpress plugin,best text editor for wordpress plugin​,n/a,n/a,0,20,,n/a,n/a,n/a,0.00,0.43,n/a,n/a,"For metrics, refresh"
best text editor plugin for wordpress,best text editor plugin for wordpress​,n/a,n/a,0,20,,n/a,n/a,n/a,0.00,0.43,n/a,n/a,"For metrics, refresh"
best theme plugin for wordpress,best theme plugin for wordpress​,n/a,n/a,0,20,,n/a,n/a,n/a,0.00,0.71,n/a,n/a,"For metrics, refresh"
best timeline plugin for wordpress,best timeline plugin for wordpress​,n/a,n/a,0,20,,n/a,n/a,n/a,0.00,0.43,n/a,n/a,"For metrics, refresh"
best translate plugin for wordpress,best translate plugin for wordpress​,n/a,n/a,0,20,,n/a,n/a,n/a,7.85,0.29,n/a,n/a,"For metrics, refresh"
best translation plugins for wordpress,best translation plugins for wordpress​,n/a,n/a,0,20,,n/a,n/a,n/a,7.85,0.29,n/a,n/a,"For metrics, refresh"
best twitter plugin for wordpress,best twitter plugin for wordpress​,n/a,n/a,0,20,,n/a,n/a,n/a,0.00,0.33,n/a,n/a,"For metrics, refresh"
best two factor authentication plugin for wordpress,best two factor authentication plugin for wordpress​,n/a,n/a,0,20,,n/a,n/a,n/a,0.00,0.00,n/a,n/a,"For metrics, refresh"
best user management plugin for wordpress,best user management plugin for wordpress​,n/a,n/a,0,20,,n/a,n/a,n/a,2.48,0.66,n/a,n/a,"For metrics, refresh"
best user registration plugin for wordpress,best user registration plugin for wordpress​,n/a,n/a,0,20,,n/a,n/a,n/a,2.33,0.00,n/a,n/a,"For metrics, refresh"
best video player plugin for wordpress,best video player plugin for wordpress​,n/a,n/a,0,20,,n/a,n/a,n/a,0.00,0.71,n/a,n/a,"For metrics, refresh"
best visitor counter plugin for wordpress,best visitor counter plugin for wordpress​,n/a,n/a,0,20,,n/a,n/a,n/a,5.49,0.67,n/a,n/a,"For metrics, refresh"
best weather plugin for wordpress,best weather plugin for wordpress​,n/a,n/a,0,20,,n/a,n/a,n/a,0.00,0.27,n/a,n/a,"For metrics, refresh"
best webinar plugin for wordpress,best webinar plugin for wordpress​,n/a,n/a,0,20,,n/a,n/a,n/a,0.00,1.00,n/a,n/a,"For metrics, refresh"
best webp plugin for wordpress,best webp plugin for wordpress​,n/a,n/a,0,20,,n/a,n/a,n/a,0.00,0.33,n/a,n/a,"For metrics, refresh"
best website builder plugin for wordpress,best website builder plugin for wordpress​,n/a,n/a,0,20,,n/a,n/a,n/a,7.50,0.73,n/a,n/a,"For metrics, refresh"
best whatsapp plugin for wordpress,best whatsapp plugin for wordpress​,n/a,n/a,0,20,,n/a,n/a,n/a,0.00,0.52,n/a,n/a,"For metrics, refresh"
best white label plugin for wordpress,best white label plugin for wordpress​,n/a,n/a,0,20,,n/a,n/a,n/a,0.00,0.33,n/a,n/a,"For metrics, refresh"
best widget plugins for wordpress,best widget plugins for wordpress​,n/a,n/a,0,20,,n/a,n/a,n/a,1.54,0.13,n/a,n/a,"For metrics, refresh"
best wordpress cdn plugins for images,best wordpress cdn plugins for images​,n/a,n/a,0,20,,n/a,n/a,n/a,0.00,0.00,n/a,n/a,"For metrics, refresh"
best wordpress gallery plugin for photographers,best wordpress gallery plugin for photographers​,n/a,n/a,0,20,,n/a,n/a,n/a,0.00,0.18,n/a,n/a,"For metrics, refresh"
best wordpress plugin for adsense,best wordpress plugin for adsense​,n/a,n/a,0,20,,n/a,n/a,n/a,0.00,0.07,n/a,n/a,"For metrics, refresh"
best wordpress plugin for appointment scheduling,best wordpress plugin for appointment scheduling​,n/a,n/a,0,20,,n/a,n/a,n/a,1.75,1.00,n/a,n/a,"For metrics, refresh"
best wordpress plugin for backup,best wordpress plugin for backup​,n/a,n/a,0,20,,n/a,n/a,n/a,0.00,0.29,n/a,n/a,"For metrics, refresh"
best wordpress plugin for booking appointments,best wordpress plugin for booking appointments​,n/a,n/a,0,20,,n/a,n/a,n/a,0.00,0.86,n/a,n/a,"For metrics, refresh"
best wordpress plugin for cache,best wordpress plugin for cache​,n/a,n/a,0,20,,n/a,n/a,n/a,0.00,0.14,n/a,n/a,"For metrics, refresh"
best wordpress plugin for comments,best wordpress plugin for comments​,n/a,n/a,0,20,,n/a,n/a,n/a,0.00,0.03,n/a,n/a,"For metrics, refresh"
best wordpress plugin for contact form,best wordpress plugin for contact form​,n/a,n/a,0,20,,n/a,n/a,n/a,1.68,0.66,n/a,n/a,"For metrics, refresh"
best wordpress plugin for courses,best wordpress plugin for courses​,n/a,n/a,0,20,,n/a,n/a,n/a,0.00,0.00,n/a,n/a,"For metrics, refresh"
best wordpress plugin for digital downloads,best wordpress plugin for digital downloads​,n/a,n/a,0,20,,n/a,n/a,n/a,0.00,0.33,n/a,n/a,"For metrics, refresh"
best wordpress plugin for donations,best wordpress plugin for donations​,n/a,n/a,0,20,,n/a,n/a,n/a,0.00,0.33,n/a,n/a,"For metrics, refresh"
best wordpress plugin for facebook feed,best wordpress plugin for facebook feed​,n/a,n/a,0,20,,n/a,n/a,n/a,1.51,0.49,n/a,n/a,"For metrics, refresh"
best wordpress plugin for facebook pixel,best wordpress plugin for facebook pixel​,n/a,n/a,0,20,,n/a,n/a,n/a,0.00,0.00,n/a,n/a,"For metrics, refresh"
best wordpress plugin for google adsense,best wordpress plugin for google adsense​,n/a,n/a,0,20,,n/a,n/a,n/a,0.00,0.00,n/a,n/a,"For metrics, refresh"
best wordpress plugin for google analytics,best wordpress plugin for google analytics​,n/a,n/a,0,20,,n/a,n/a,n/a,0.00,0.64,n/a,n/a,"For metrics, refresh"
best wordpress plugin for google reviews,best wordpress plugin for google reviews​,n/a,n/a,0,20,,n/a,n/a,n/a,3.22,0.51,n/a,n/a,"For metrics, refresh"
best wordpress plugin for google tag manager,best wordpress plugin for google tag manager​,n/a,n/a,0,20,,n/a,n/a,n/a,0.00,0.33,n/a,n/a,"For metrics, refresh"
best wordpress plugin for image compression,best wordpress plugin for image compression​,n/a,n/a,0,20,,n/a,n/a,n/a,0.00,0.00,n/a,n/a,"For metrics, refresh"
best wordpress plugin for image optimization,best wordpress plugin for image optimization​,n/a,n/a,0,20,,n/a,n/a,n/a,3.13,0.45,n/a,n/a,"For metrics, refresh"
best wordpress plugin for instagram feed,best wordpress plugin for instagram feed​,n/a,n/a,0,20,,n/a,n/a,n/a,0.00,0.86,n/a,n/a,"For metrics, refresh"
best wordpress plugin for maintenance mode,best wordpress plugin for maintenance mode​,n/a,n/a,0,20,,n/a,n/a,n/a,0.00,0.00,n/a,n/a,"For metrics, refresh"
best wordpress plugin for membership site,best wordpress plugin for membership site​,n/a,n/a,0,20,,n/a,n/a,n/a,0.00,0.33,n/a,n/a,"For metrics, refresh"
best wordpress plugin for mobile optimization,best wordpress plugin for mobile optimization​,n/a,n/a,0,20,,n/a,n/a,n/a,0.00,0.07,n/a,n/a,"For metrics, refresh"
best wordpress plugin for multiple languages,best wordpress plugin for multiple languages​,n/a,n/a,0,20,,n/a,n/a,n/a,0.00,0.00,n/a,n/a,"For metrics, refresh"
best wordpress plugin for newsletter,best wordpress plugin for newsletter​,n/a,n/a,0,20,,n/a,n/a,n/a,3.05,0.38,n/a,n/a,"For metrics, refresh"
best wordpress plugin for online courses,best wordpress plugin for online courses​,n/a,n/a,0,20,,n/a,n/a,n/a,5.16,0.43,n/a,n/a,"For metrics, refresh"
best wordpress plugin for page builder,best wordpress plugin for page builder​,n/a,n/a,0,20,,n/a,n/a,n/a,0.00,0.00,n/a,n/a,"For metrics, refresh"
best wordpress plugin for photographers,best wordpress plugin for photographers​,n/a,n/a,0,20,,n/a,n/a,n/a,0.00,0.12,n/a,n/a,"For metrics, refresh"
best wordpress plugin for quiz,best wordpress plugin for quiz​,n/a,n/a,0,20,,n/a,n/a,n/a,0.00,1.00,n/a,n/a,"For metrics, refresh"
best wordpress plugin for registration form,best wordpress plugin for registration form​,n/a,n/a,0,20,,n/a,n/a,n/a,0.00,0.33,n/a,n/a,"For metrics, refresh"
best wordpress plugin for security,best wordpress plugin for security​,n/a,n/a,0,20,,n/a,n/a,n/a,1.39,0.19,n/a,n/a,"For metrics, refresh"
best wordpress plugin for selling digital products,best wordpress plugin for selling digital products​,n/a,n/a,0,20,,n/a,n/a,n/a,0.00,0.93,n/a,n/a,"For metrics, refresh"
best wordpress plugin for seo optimization,best wordpress plugin for seo optimization​,n/a,n/a,0,20,,n/a,n/a,n/a,0.00,0.00,n/a,n/a,"For metrics, refresh"
best wordpress plugin for sitemap,best wordpress plugin for sitemap​,n/a,n/a,0,20,,n/a,n/a,n/a,2.31,0.66,n/a,n/a,"For metrics, refresh"
best wordpress plugin for speed optimization,best wordpress plugin for speed optimization​,n/a,n/a,0,20,,n/a,n/a,n/a,0.00,0.43,n/a,n/a,"For metrics, refresh"
best wordpress plugin for subscriptions,best wordpress plugin for subscriptions​,n/a,n/a,0,20,,n/a,n/a,n/a,2.86,0.00,n/a,n/a,"For metrics, refresh"
best wordpress plugin for tracking visitors,best wordpress plugin for tracking visitors​,n/a,n/a,0,20,,n/a,n/a,n/a,0.00,0.00,n/a,n/a,"For metrics, refresh"
best wordpress plugin for under construction,best wordpress plugin for under construction​,n/a,n/a,0,20,,n/a,n/a,n/a,0.00,0.43,n/a,n/a,"For metrics, refresh"
best wordpress plugin for user registration and login,best wordpress plugin for user registration and login​,n/a,n/a,0,20,,n/a,n/a,n/a,0.00,0.57,n/a,n/a,"For metrics, refresh"
best wordpress plugin for website migration,best wordpress plugin for website migration​,n/a,n/a,0,20,,n/a,n/a,n/a,0.00,0.00,n/a,n/a,"For metrics, refresh"
best wordpress plugin for website security,best wordpress plugin for website security​,n/a,n/a,0,20,,n/a,n/a,n/a,0.00,0.86,n/a,n/a,"For metrics, refresh"
best wordpress plugin for website speed,best wordpress plugin for website speed​,n/a,n/a,0,20,,n/a,n/a,n/a,0.00,0.00,n/a,n/a,"For metrics, refresh"
best wordpress plugins for automated answer engine optimization,best wordpress plugins for automated answer engine optimization​,n/a,n/a,0,20,,n/a,n/a,n/a,0.00,0.00,n/a,n/a,"For metrics, refresh"
best wordpress plugins for bloggers,best wordpress plugins for bloggers​,n/a,n/a,0,20,,n/a,n/a,n/a,2.59,0.32,n/a,n/a,"For metrics, refresh"
best wordpress plugins for churches,best wordpress plugins for churches​,n/a,n/a,0,20,,n/a,n/a,n/a,0.00,0.50,n/a,n/a,"For metrics, refresh"
best wordpress plugins for counselors,best wordpress plugins for counselors​,n/a,n/a,0,20,,n/a,n/a,n/a,0.00,0.00,n/a,n/a,"For metrics, refresh"
best wordpress plugins for design,best wordpress plugins for design​,n/a,n/a,0,20,,n/a,n/a,n/a,3.55,0.38,n/a,n/a,"For metrics, refresh"
best wordpress plugins for developers,best wordpress plugins for developers​,n/a,n/a,0,20,,n/a,n/a,n/a,0.00,0.14,n/a,n/a,"For metrics, refresh"
best wordpress plugins for ecommerce sites,best wordpress plugins for ecommerce sites​,n/a,n/a,0,20,,n/a,n/a,n/a,0.00,0.33,n/a,n/a,"For metrics, refresh"
best wordpress plugins for food bloggers,best wordpress plugins for food bloggers​,n/a,n/a,0,20,,n/a,n/a,n/a,0.00,0.33,n/a,n/a,"For metrics, refresh"
best wordpress plugins for landing pages,best wordpress plugins for landing pages​,n/a,n/a,0,20,,n/a,n/a,n/a,0.00,0.33,n/a,n/a,"For metrics, refresh"
best wordpress plugins for marketers,best wordpress plugins for marketers​,n/a,n/a,0,20,,n/a,n/a,n/a,0.00,0.33,n/a,n/a,"For metrics, refresh"
best wordpress plugins for marketing automation 2025 2026,best wordpress plugins for marketing automation 2025 2026​,n/a,n/a,0,20,,n/a,n/a,n/a,0.00,0.00,n/a,n/a,"For metrics, refresh"
best wordpress plugins for news sites,best wordpress plugins for news sites​,n/a,n/a,0,20,,n/a,n/a,n/a,0.00,0.14,n/a,n/a,"For metrics, refresh"
best wordpress plugins for non-profits,best wordpress plugins for non-profits​,n/a,n/a,0,20,,n/a,n/a,n/a,0.00,0.33,n/a,n/a,"For metrics, refresh"
best wordpress plugins for online store,best wordpress plugins for online store​,n/a,n/a,0,20,,n/a,n/a,n/a,0.00,0.71,n/a,n/a,"For metrics, refresh"
best wordpress plugins for optimization,best wordpress plugins for optimization​,n/a,n/a,0,20,,n/a,n/a,n/a,0.00,1.00,n/a,n/a,"For metrics, refresh"
best wordpress plugins for photographers,best wordpress plugins for photographers​,n/a,n/a,0,20,,n/a,n/a,n/a,0.00,0.12,n/a,n/a,"For metrics, refresh"
best wordpress plugins for portfolio,best wordpress plugins for portfolio​,n/a,n/a,0,20,,n/a,n/a,n/a,1.88,0.33,n/a,n/a,"For metrics, refresh"
best wordpress plugins for restaurants,best wordpress plugins for restaurants​,n/a,n/a,0,20,,n/a,n/a,n/a,0.00,0.86,n/a,n/a,"For metrics, refresh"
best wordpress plugins for schools,best wordpress plugins for schools​,n/a,n/a,0,20,,n/a,n/a,n/a,0.00,0.00,n/a,n/a,"For metrics, refresh"
best wordpress plugins for small businesses,best wordpress plugins for small businesses​,n/a,n/a,0,20,,n/a,n/a,n/a,17.40,0.40,n/a,n/a,"For metrics, refresh"
best wordpress plugins for social media sharing,best wordpress plugins for social media sharing​,n/a,n/a,0,20,,n/a,n/a,n/a,1.56,0.00,n/a,n/a,"For metrics, refresh"
best wordpress plugins for traffic,best wordpress plugins for traffic​,n/a,n/a,0,20,,n/a,n/a,n/a,0.00,0.86,n/a,n/a,"For metrics, refresh"
best wordpress plugins for video,best wordpress plugins for video​,n/a,n/a,0,20,,n/a,n/a,n/a,1.47,0.57,n/a,n/a,"For metrics, refresh"
best xml sitemap plugin for wordpress,best xml sitemap plugin for wordpress​,n/a,n/a,0,20,,n/a,n/a,n/a,0.00,0.33,n/a,n/a,"For metrics, refresh"
best youtube plugin for wordpress,best youtube plugin for wordpress​,n/a,n/a,0,20,,n/a,n/a,n/a,0.00,0.11,n/a,n/a,"For metrics, refresh"
the best amp plugin for wordpress,the best amp plugin for wordpress​,n/a,n/a,0,20,,n/a,n/a,n/a,0.00,0.00,n/a,n/a,"For metrics, refresh"
the best cache plugin for wordpress,the best cache plugin for wordpress​,n/a,n/a,0,20,,n/a,n/a,n/a,0.00,0.00,n/a,n/a,"For metrics, refresh"
the best seo plugin for wordpress 2020,the best seo plugin for wordpress 2020​,n/a,n/a,0,20,,n/a,n/a,n/a,0.00,0.33,n/a,n/a,"For metrics, refresh"
what are the best free plugins for wordpress,what are the best free plugins for wordpress​,n/a,n/a,0,20,,n/a,n/a,n/a,2.24,0.69,n/a,n/a,"For metrics, refresh"
what are the best plugins for wordpress,what are the best plugins for wordpress​,n/a,n/a,0,20,,n/a,n/a,n/a,3.43,0.55,n/a,n/a,"For metrics, refresh"
what are the best seo plugins for wordpress,what are the best seo plugins for wordpress​,n/a,n/a,0,20,,n/a,n/a,n/a,0.00,0.71,n/a,n/a,"For metrics, refresh"
what is best seo plugin for wordpress,what is best seo plugin for wordpress​,n/a,n/a,0,20,,n/a,n/a,n/a,0.00,1.00,n/a,n/a,"For metrics, refresh"
what is the best backup plugin for wordpress,what is the best backup plugin for wordpress​,n/a,n/a,0,20,,n/a,n/a,n/a,0.00,0.86,n/a,n/a,"For metrics, refresh"
what is the best cache plugin for wordpress,what is the best cache plugin for wordpress​,n/a,n/a,0,20,,n/a,n/a,n/a,0.00,0.06,n/a,n/a,"For metrics, refresh"
what is the best contact form plugin for wordpress,what is the best contact form plugin for wordpress​,n/a,n/a,0,20,,n/a,n/a,n/a,0.00,0.43,n/a,n/a,"For metrics, refresh"
what is the best ecommerce plugin for wordpress,what is the best ecommerce plugin for wordpress​,n/a,n/a,0,20,,n/a,n/a,n/a,0.00,1.00,n/a,n/a,"For metrics, refresh"
what is the best form plugin for wordpress,what is the best form plugin for wordpress​,n/a,n/a,0,20,,n/a,n/a,n/a,2.81,0.86,n/a,n/a,"For metrics, refresh"
what is the best free seo plugin for wordpress,what is the best free seo plugin for wordpress​,n/a,n/a,0,20,,n/a,n/a,n/a,1.16,0.64,n/a,n/a,"For metrics, refresh"
what is the best membership plugin for wordpress,what is the best membership plugin for wordpress​,n/a,n/a,0,20,,n/a,n/a,n/a,0.00,0.93,n/a,n/a,"For metrics, refresh"
what is the best plugin for wordpress,what is the best plugin for wordpress​,n/a,n/a,0,20,,n/a,n/a,n/a,0.00,1.00,n/a,n/a,"For metrics, refresh"
what is the best security plugin for wordpress,what is the best security plugin for wordpress​,n/a,n/a,0,20,,n/a,n/a,n/a,2.88,0.20,n/a,n/a,"For metrics, refresh"
what is the best seo plugin for wordpress,what is the best seo plugin for wordpress​,n/a,n/a,0,20,,n/a,n/a,n/a,2.25,0.58,n/a,n/a,"For metrics, refresh"
what's the best seo plugin for wordpress,what's the best seo plugin for wordpress​,n/a,n/a,0,20,,n/a,n/a,n/a,0.00,0.84,n/a,n/a,"For metrics, refresh"
which cache plugin is best for wordpress,which cache plugin is best for wordpress​,n/a,n/a,0,20,,n/a,n/a,n/a,0.00,0.71,n/a,n/a,"For metrics, refresh"
which is the best seo plugin for wordpress,which is the best seo plugin for wordpress​,n/a,n/a,0,20,,n/a,n/a,n/a,1.51,0.36,n/a,n/a,"For metrics, refresh"
wordpress best plugins for business,wordpress best plugins for business​,n/a,n/a,0,20,,n/a,n/a,n/a,0.00,0.33,n/a,n/a,"For metrics, refresh"
10 best plugins for wordpress,10 best plugins for wordpress​,n/a,n/a,0,10,,n/a,n/a,n/a,0.00,0.00,n/a,n/a,"For metrics, refresh"
best accordion plugin for wordpress,best accordion plugin for wordpress​,n/a,n/a,0,10,,n/a,n/a,n/a,0.00,0.33,n/a,n/a,"For metrics, refresh"
best accounting plugin for wordpress,best accounting plugin for wordpress​,n/a,n/a,0,10,,n/a,n/a,n/a,0.00,0.00,n/a,n/a,"For metrics, refresh"
best ad inserter plugin for wordpress,best ad inserter plugin for wordpress​,n/a,n/a,0,10,,n/a,n/a,n/a,0.00,0.00,n/a,n/a,"For metrics, refresh"
best ad management plugin for wordpress,best ad management plugin for wordpress​,n/a,n/a,0,10,,n/a,n/a,n/a,0.00,0.00,n/a,n/a,"For metrics, refresh"
best ad manager plugin for wordpress,best ad manager plugin for wordpress​,n/a,n/a,0,10,,n/a,n/a,n/a,0.00,0.00,n/a,n/a,"For metrics, refresh"
best affiliate marketing plugins for wordpress,best affiliate marketing plugins for wordpress​,n/a,n/a,0,10,,n/a,n/a,n/a,2.80,0.23,n/a,n/a,"For metrics, refresh"
best ai chatbot plugins for wordpress 2026,best ai chatbot plugins for wordpress 2026​,n/a,n/a,0,10,,n/a,n/a,n/a,0.00,0.00,n/a,n/a,"For metrics, refresh"
best ai for wordpress plugin development,best ai for wordpress plugin development​,n/a,n/a,0,10,,n/a,n/a,n/a,0.00,0.86,n/a,n/a,"For metrics, refresh"
best ai for wordpress plugin development 2026,best ai for wordpress plugin development 2026​,n/a,n/a,0,10,,n/a,n/a,n/a,0.00,0.00,n/a,n/a,"For metrics, refresh"
best ai plugin for wordpress,best ai plugin for wordpress​,n/a,n/a,0,10,,n/a,n/a,n/a,4.40,0.18,n/a,n/a,"For metrics, refresh"
best amazon plugin for wordpress,best amazon plugin for wordpress​,n/a,n/a,0,10,,n/a,n/a,n/a,0.00,0.21,n/a,n/a,"For metrics, refresh"
best amp plugins for wordpress,best amp plugins for wordpress​,n/a,n/a,0,10,,n/a,n/a,n/a,0.00,0.10,n/a,n/a,"For metrics, refresh"
best analytics plugins for wordpress,best analytics plugins for wordpress​,n/a,n/a,0,10,,n/a,n/a,n/a,5.49,0.18,n/a,n/a,"For metrics, refresh"
best anti spam plugin for wordpress,best anti spam plugin for wordpress​,n/a,n/a,0,10,,n/a,n/a,n/a,2.97,0.61,n/a,n/a,"For metrics, refresh"
best antispam plugin for wordpress,best antispam plugin for wordpress​,n/a,n/a,0,10,,n/a,n/a,n/a,2.97,0.61,n/a,n/a,"For metrics, refresh"
best api plugin for wordpress,best api plugin for wordpress​,n/a,n/a,0,10,,n/a,n/a,n/a,0.00,1.00,n/a,n/a,"For metrics, refresh"
best audio plugin for wordpress,best audio plugin for wordpress​,n/a,n/a,0,10,,n/a,n/a,n/a,0.00,0.00,n/a,n/a,"For metrics, refresh"
best authorize net plugin for wordpress,best authorize net plugin for wordpress​,n/a,n/a,0,10,,n/a,n/a,n/a,0.00,0.00,n/a,n/a,"For metrics, refresh"
best authorize.net plugin for wordpress,best authorize.net plugin for wordpress​,n/a,n/a,0,10,,n/a,n/a,n/a,0.00,0.00,n/a,n/a,"For metrics, refresh"
best auto blogging plugins for wordpress,best auto blogging plugins for wordpress​,n/a,n/a,0,10,,n/a,n/a,n/a,0.00,0.00,n/a,n/a,"For metrics, refresh"
best auto-blogging plugins for wordpress,best auto-blogging plugins for wordpress​,n/a,n/a,0,10,,n/a,n/a,n/a,0.00,0.00,n/a,n/a,"For metrics, refresh"
best autoblogging plugin for wordpress,best autoblogging plugin for wordpress​,n/a,n/a,0,10,,n/a,n/a,n/a,0.00,0.00,n/a,n/a,"For metrics, refresh"
best backup and restore plugin for wordpress,best backup and restore plugin for wordpress​,n/a,n/a,0,10,,n/a,n/a,n/a,0.00,0.00,n/a,n/a,"For metrics, refresh"
best banner plugins for wordpress,best banner plugins for wordpress​,n/a,n/a,0,10,,n/a,n/a,n/a,0.00,0.64,n/a,n/a,"For metrics, refresh"
best blog layout plugin for wordpress,best blog layout plugin for wordpress​,n/a,n/a,0,10,,n/a,n/a,n/a,0.00,0.00,n/a,n/a,"For metrics, refresh"
best blog plugins for wordpress,best blog plugins for wordpress​,n/a,n/a,0,10,,n/a,n/a,n/a,2.59,0.32,n/a,n/a,"For metrics, refresh"
best blogging plugin for wordpress,best blogging plugin for wordpress​,n/a,n/a,0,10,,n/a,n/a,n/a,0.00,0.00,n/a,n/a,"For metrics, refresh"
best bulk email plugins for wordpress,best bulk email plugins for wordpress​,n/a,n/a,0,10,,n/a,n/a,n/a,0.00,0.00,n/a,n/a,"For metrics, refresh"
best buy now pay later plugin for wordpress,best buy now pay later plugin for wordpress​,n/a,n/a,0,10,,n/a,n/a,n/a,0.00,0.00,n/a,n/a,"For metrics, refresh"
best cache plugin for wordpress 2020,best cache plugin for wordpress 2020​,n/a,n/a,0,10,,n/a,n/a,n/a,0.00,0.00,n/a,n/a,"For metrics, refresh"
best cache plugin for wordpress 2025,best cache plugin for wordpress 2025​,n/a,n/a,0,10,,n/a,n/a,n/a,0.00,0.00,n/a,n/a,"For metrics, refresh"
best caching plugin for wordpress 2020,best caching plugin for wordpress 2020​,n/a,n/a,0,10,,n/a,n/a,n/a,0.00,0.00,n/a,n/a,"For metrics, refresh"
best caching plugins for wordpress,best caching plugins for wordpress​,n/a,n/a,0,10,,n/a,n/a,n/a,2.42,0.21,n/a,n/a,"For metrics, refresh"
best calculator plugins for wordpress,best calculator plugins for wordpress​,n/a,n/a,0,10,,n/a,n/a,n/a,0.00,0.00,n/a,n/a,"For metrics, refresh"
best cart plugin for wordpress,best cart plugin for wordpress​,n/a,n/a,0,10,,n/a,n/a,n/a,0.00,0.00,n/a,n/a,"For metrics, refresh"
best chat room plugin for wordpress,best chat room plugin for wordpress​,n/a,n/a,0,10,,n/a,n/a,n/a,0.00,0.00,n/a,n/a,"For metrics, refresh"
best classified plugin for wordpress,best classified plugin for wordpress​,n/a,n/a,0,10,,n/a,n/a,n/a,0.00,0.05,n/a,n/a,"For metrics, refresh"
best classifieds plugin for wordpress,best classifieds plugin for wordpress​,n/a,n/a,0,10,,n/a,n/a,n/a,0.00,0.71,n/a,n/a,"For metrics, refresh"
best comments plugin for wordpress,best comments plugin for wordpress​,n/a,n/a,0,10,,n/a,n/a,n/a,0.00,0.03,n/a,n/a,"For metrics, refresh"
best contact form plugins for wordpress,best contact form plugins for wordpress​,n/a,n/a,0,10,,n/a,n/a,n/a,1.98,0.23,n/a,n/a,"For metrics, refresh"
best contact form plugins for wordpress 2026,best contact form plugins for wordpress 2026​,n/a,n/a,0,10,,n/a,n/a,n/a,0.00,0.00,n/a,n/a,"For metrics, refresh"
best content locker plugins for wordpress,best content locker plugins for wordpress​,n/a,n/a,0,10,,n/a,n/a,n/a,0.00,0.00,n/a,n/a,"For metrics, refresh"
best content restriction plugins for wordpress,best content restriction plugins for wordpress​,n/a,n/a,0,10,,n/a,n/a,n/a,0.00,0.00,n/a,n/a,"For metrics, refresh"
best coupon plugin for wordpress,best coupon plugin for wordpress​,n/a,n/a,0,10,,n/a,n/a,n/a,0.00,0.14,n/a,n/a,"For metrics, refresh"
best custom post type plugin for wordpress,best custom post type plugin for wordpress​,n/a,n/a,0,10,,n/a,n/a,n/a,0.00,0.14,n/a,n/a,"For metrics, refresh"
best dark mode plugin for wordpress,best dark mode plugin for wordpress​,n/a,n/a,0,10,,n/a,n/a,n/a,0.00,0.00,n/a,n/a,"For metrics, refresh"
best directory plugin for wordpress,best directory plugin for wordpress​,n/a,n/a,0,10,,n/a,n/a,n/a,1.61,0.14,n/a,n/a,"For metrics, refresh"
best donation plugin for wordpress,best donation plugin for wordpress​,n/a,n/a,0,10,,n/a,n/a,n/a,4.78,0.42,n/a,n/a,"For metrics, refresh"
best elearning plugin for wordpress,best elearning plugin for wordpress​,n/a,n/a,0,10,,n/a,n/a,n/a,0.00,0.00,n/a,n/a,"For metrics, refresh"
best email plugins for wordpress,best email plugins for wordpress​,n/a,n/a,0,10,,n/a,n/a,n/a,4.65,0.20,n/a,n/a,"For metrics, refresh"
best email subscriber plugin for wordpress,best email subscriber plugin for wordpress​,n/a,n/a,0,10,,n/a,n/a,n/a,0.00,0.86,n/a,n/a,"For metrics, refresh"
best event calendar plugin for wordpress,best event calendar plugin for wordpress​,n/a,n/a,0,10,,n/a,n/a,n/a,1.92,0.61,n/a,n/a,"For metrics, refresh"
best event calendar plugins for wordpress,best event calendar plugins for wordpress​,n/a,n/a,0,10,,n/a,n/a,n/a,1.92,0.68,n/a,n/a,"For metrics, refresh"
best event registration plugin for wordpress,best event registration plugin for wordpress​,n/a,n/a,0,10,,n/a,n/a,n/a,6.01,0.78,n/a,n/a,"For metrics, refresh"
best events plugin for wordpress,best events plugin for wordpress​,n/a,n/a,0,10,,n/a,n/a,n/a,3.42,0.34,n/a,n/a,"For metrics, refresh"
best feedback plugin for wordpress,best feedback plugin for wordpress​,n/a,n/a,0,10,,n/a,n/a,n/a,0.00,0.00,n/a,n/a,"For metrics, refresh"
best flash sales plugins for wordpress,best flash sales plugins for wordpress​,n/a,n/a,0,10,,n/a,n/a,n/a,0.00,0.00,n/a,n/a,"For metrics, refresh"
best forms plugin for wordpress 2020,best forms plugin for wordpress 2020​,n/a,n/a,0,10,,n/a,n/a,n/a,0.00,0.00,n/a,n/a,"For metrics, refresh"
best forum plugin for wordpress 2020,best forum plugin for wordpress 2020​,n/a,n/a,0,10,,n/a,n/a,n/a,0.00,0.00,n/a,n/a,"For metrics, refresh"
best free author box plugin for wordpress,best free author box plugin for wordpress​,n/a,n/a,0,10,,n/a,n/a,n/a,0.00,0.00,n/a,n/a,"For metrics, refresh"
best free banner plugin for wordpress,best free banner plugin for wordpress​,n/a,n/a,0,10,,n/a,n/a,n/a,0.00,0.00,n/a,n/a,"For metrics, refresh"
best free blog plugin for wordpress,best free blog plugin for wordpress​,n/a,n/a,0,10,,n/a,n/a,n/a,0.00,0.33,n/a,n/a,"For metrics, refresh"
best free cache plugin for wordpress 2024,best free cache plugin for wordpress 2024​,n/a,n/a,0,10,,n/a,n/a,n/a,0.00,0.00,n/a,n/a,"For metrics, refresh"
best free email subscription plugin for wordpress,best free email subscription plugin for wordpress​,n/a,n/a,0,10,,n/a,n/a,n/a,0.00,1.00,n/a,n/a,"For metrics, refresh"
best free facebook plugin for wordpress,best free facebook plugin for wordpress​,n/a,n/a,0,10,,n/a,n/a,n/a,0.00,0.14,n/a,n/a,"For metrics, refresh"
best free gdpr plugin for wordpress,best free gdpr plugin for wordpress​,n/a,n/a,0,10,,n/a,n/a,n/a,0.00,0.00,n/a,n/a,"For metrics, refresh"
best free heat map plugins for wordpress,best free heat map plugins for wordpress​,n/a,n/a,0,10,,n/a,n/a,n/a,0.00,0.00,n/a,n/a,"For metrics, refresh"
best free knowledge base plugin for wordpress,best free knowledge base plugin for wordpress​,n/a,n/a,0,10,,n/a,n/a,n/a,0.00,0.00,n/a,n/a,"For metrics, refresh"
best free language translator plugin for wordpress,best free language translator plugin for wordpress​,n/a,n/a,0,10,,n/a,n/a,n/a,0.00,0.00,n/a,n/a,"For metrics, refresh"
best free lms plugins for wordpress,best free lms plugins for wordpress​,n/a,n/a,0,10,,n/a,n/a,n/a,2.16,0.67,n/a,n/a,"For metrics, refresh"
best free login plugin for wordpress,best free login plugin for wordpress​,n/a,n/a,0,10,,n/a,n/a,n/a,0.00,0.24,n/a,n/a,"For metrics, refresh"
best free membership plugins for wordpress,best free membership plugins for wordpress​,n/a,n/a,0,10,,n/a,n/a,n/a,0.00,0.71,n/a,n/a,"For metrics, refresh"
best free music plugin for wordpress,best free music plugin for wordpress​,n/a,n/a,0,10,,n/a,n/a,n/a,0.00,0.00,n/a,n/a,"For metrics, refresh"
best free optin plugin for wordpress,best free optin plugin for wordpress​,n/a,n/a,0,10,,n/a,n/a,n/a,0.00,0.00,n/a,n/a,"For metrics, refresh"
best free plugin for wordpress backup,best free plugin for wordpress backup​,n/a,n/a,0,10,,n/a,n/a,n/a,0.00,0.86,n/a,n/a,"For metrics, refresh"
best free plugins for wordpress blog,best free plugins for wordpress blog​,n/a,n/a,0,10,,n/a,n/a,n/a,0.00,0.79,n/a,n/a,"For metrics, refresh"
best free podcast plugin for wordpress,best free podcast plugin for wordpress​,n/a,n/a,0,10,,n/a,n/a,n/a,0.00,0.00,n/a,n/a,"For metrics, refresh"
best free popup plugins for wordpress,best free popup plugins for wordpress​,n/a,n/a,0,10,,n/a,n/a,n/a,1.67,0.00,n/a,n/a,"For metrics, refresh"
best free schema markup plugin for wordpress,best free schema markup plugin for wordpress​,n/a,n/a,0,10,,n/a,n/a,n/a,0.00,0.00,n/a,n/a,"For metrics, refresh"
best free school management plugin for wordpress,best free school management plugin for wordpress​,n/a,n/a,0,10,,n/a,n/a,n/a,0.00,0.00,n/a,n/a,"For metrics, refresh"
best free seo plugin for wordpress 2020,best free seo plugin for wordpress 2020​,n/a,n/a,0,10,,n/a,n/a,n/a,0.00,0.00,n/a,n/a,"For metrics, refresh"
best free seo plugin for wordpress 2022,best free seo plugin for wordpress 2022​,n/a,n/a,0,10,,n/a,n/a,n/a,0.00,0.00,n/a,n/a,"For metrics, refresh"
best free seo plugin for wordpress 2024,best free seo plugin for wordpress 2024​,n/a,n/a,0,10,,n/a,n/a,n/a,0.00,0.00,n/a,n/a,"For metrics, refresh"
best free slider plugins for wordpress,best free slider plugins for wordpress​,n/a,n/a,0,10,,n/a,n/a,n/a,0.00,0.00,n/a,n/a,"For metrics, refresh"
best free translate plugin for wordpress,best free translate plugin for wordpress​,n/a,n/a,0,10,,n/a,n/a,n/a,0.00,0.00,n/a,n/a,"For metrics, refresh"
best free translation plugin for wordpress,best free translation plugin for wordpress​,n/a,n/a,0,10,,n/a,n/a,n/a,0.00,0.00,n/a,n/a,"For metrics, refresh"
best free video player plugin for wordpress,best free video player plugin for wordpress​,n/a,n/a,0,10,,n/a,n/a,n/a,0.00,0.14,n/a,n/a,"For metrics, refresh"
best free visitor counter plugin for wordpress,best free visitor counter plugin for wordpress​,n/a,n/a,0,10,,n/a,n/a,n/a,0.00,0.43,n/a,n/a,"For metrics, refresh"
best free whatsapp chat plugin for wordpress,best free whatsapp chat plugin for wordpress​,n/a,n/a,0,10,,n/a,n/a,n/a,0.00,0.00,n/a,n/a,"For metrics, refresh"
best free whatsapp plugin for wordpress,best free whatsapp plugin for wordpress​,n/a,n/a,0,10,,n/a,n/a,n/a,0.00,0.57,n/a,n/a,"For metrics, refresh"
best free wordpress plugin for affiliate marketing,best free wordpress plugin for affiliate marketing​,n/a,n/a,0,10,,n/a,n/a,n/a,0.00,0.00,n/a,n/a,"For metrics, refresh"
best free wordpress plugin for professional institute,best free wordpress plugin for professional institute​,n/a,n/a,0,10,,n/a,n/a,n/a,0.00,0.00,n/a,n/a,"For metrics, refresh"
best free wordpress plugins for business,best free wordpress plugins for business​,n/a,n/a,0,10,,n/a,n/a,n/a,0.00,0.00,n/a,n/a,"For metrics, refresh"
best gallery plugin for photographers wordpress,best gallery plugin for photographers wordpress​,n/a,n/a,0,10,,n/a,n/a,n/a,0.00,0.00,n/a,n/a,"For metrics, refresh"
best gamification plugins for wordpress,best gamification plugins for wordpress​,n/a,n/a,0,10,,n/a,n/a,n/a,0.00,0.33,n/a,n/a,"For metrics, refresh"
best gdpr plugins for wordpress,best gdpr plugins for wordpress​,n/a,n/a,0,10,,n/a,n/a,n/a,5.27,0.01,n/a,n/a,"For metrics, refresh"
best gift card plugin for wordpress,best gift card plugin for wordpress​,n/a,n/a,0,10,,n/a,n/a,n/a,0.00,1.00,n/a,n/a,"For metrics, refresh"
best google fonts plugin for wordpress,best google fonts plugin for wordpress​,n/a,n/a,0,10,,n/a,n/a,n/a,0.00,0.00,n/a,n/a,"For metrics, refresh"
best google maps plugins for wordpress,best google maps plugins for wordpress​,n/a,n/a,0,10,,n/a,n/a,n/a,0.00,0.00,n/a,n/a,"For metrics, refresh"
best google reviews plugin for wordpress,best google reviews plugin for wordpress​,n/a,n/a,0,10,,n/a,n/a,n/a,3.36,0.52,n/a,n/a,"For metrics, refresh"
best google reviews plugin for wordpress 2024,best google reviews plugin for wordpress 2024​,n/a,n/a,0,10,,n/a,n/a,n/a,0.00,0.00,n/a,n/a,"For metrics, refresh"
best identity verification plugins for wordpress 2025 2026,best identity verification plugins for wordpress 2025 2026​,n/a,n/a,0,10,,n/a,n/a,n/a,0.00,0.00,n/a,n/a,"For metrics, refresh"
best identity verification plugins for wordpress 2025 or 2026,best identity verification plugins for wordpress 2025 or 2026​,n/a,n/a,0,10,,n/a,n/a,n/a,0.00,0.00,n/a,n/a,"For metrics, refresh"
best image gallery plugin for wordpress,best image gallery plugin for wordpress​,n/a,n/a,0,10,,n/a,n/a,n/a,0.93,0.13,n/a,n/a,"For metrics, refresh"
best image optimization plugins for wordpress,best image optimization plugins for wordpress​,n/a,n/a,0,10,,n/a,n/a,n/a,0.00,0.33,n/a,n/a,"For metrics, refresh"
best image optimizer plugin for wordpress,best image optimizer plugin for wordpress​,n/a,n/a,0,10,,n/a,n/a,n/a,1.93,0.57,n/a,n/a,"For metrics, refresh"
best image plugin for wordpress,best image plugin for wordpress​,n/a,n/a,0,10,,n/a,n/a,n/a,0.00,0.00,n/a,n/a,"For metrics, refresh"
best instagram plugins for wordpress,best instagram plugins for wordpress​,n/a,n/a,0,10,,n/a,n/a,n/a,0.00,0.04,n/a,n/a,"For metrics, refresh"
best latex plugin for wordpress,best latex plugin for wordpress​,n/a,n/a,0,10,,n/a,n/a,n/a,0.00,0.00,n/a,n/a,"For metrics, refresh"
best lead capture plugin for wordpress,best lead capture plugin for wordpress​,n/a,n/a,0,10,,n/a,n/a,n/a,0.00,0.00,n/a,n/a,"For metrics, refresh"
best listing plugin for wordpress,best listing plugin for wordpress​,n/a,n/a,0,10,,n/a,n/a,n/a,0.00,0.14,n/a,n/a,"For metrics, refresh"
best llm for wordpress plugin development,best llm for wordpress plugin development​,n/a,n/a,0,10,,n/a,n/a,n/a,0.00,0.00,n/a,n/a,"For metrics, refresh"
best lms plugins for wordpress 2026,best lms plugins for wordpress 2026​,n/a,n/a,0,10,,n/a,n/a,n/a,0.00,0.00,n/a,n/a,"For metrics, refresh"
best login and registration plugin for wordpress,best login and registration plugin for wordpress​,n/a,n/a,0,10,,n/a,n/a,n/a,0.00,0.33,n/a,n/a,"For metrics, refresh"
best login register plugin for wordpress,best login register plugin for wordpress​,n/a,n/a,0,10,,n/a,n/a,n/a,0.00,0.33,n/a,n/a,"For metrics, refresh"
best marketing automation plugins for wordpress 2025 or 2026,best marketing automation plugins for wordpress 2025 or 2026​,n/a,n/a,0,10,,n/a,n/a,n/a,0.00,0.00,n/a,n/a,"For metrics, refresh"
best memcached plugin for wordpress,best memcached plugin for wordpress​,n/a,n/a,0,10,,n/a,n/a,n/a,0.00,0.33,n/a,n/a,"For metrics, refresh"
best menu plugin for wordpress,best menu plugin for wordpress​,n/a,n/a,0,10,,n/a,n/a,n/a,3.07,0.30,n/a,n/a,"For metrics, refresh"
best migration plugin for wordpress,best migration plugin for wordpress​,n/a,n/a,0,10,,n/a,n/a,n/a,2.38,0.20,n/a,n/a,"For metrics, refresh"
best mlm plugin for wordpress,best mlm plugin for wordpress​,n/a,n/a,0,10,,n/a,n/a,n/a,0.00,0.00,n/a,n/a,"For metrics, refresh"
best mobile site plugin for wordpress,best mobile site plugin for wordpress​,n/a,n/a,0,10,,n/a,n/a,n/a,0.00,0.00,n/a,n/a,"For metrics, refresh"
best multivendor plugin for wordpress,best multivendor plugin for wordpress​,n/a,n/a,0,10,,n/a,n/a,n/a,0.00,0.86,n/a,n/a,"For metrics, refresh"
best notification bar plugin for wordpress,best notification bar plugin for wordpress​,n/a,n/a,0,10,,n/a,n/a,n/a,0.00,0.00,n/a,n/a,"For metrics, refresh"
best notification plugin for wordpress,best notification plugin for wordpress​,n/a,n/a,0,10,,n/a,n/a,n/a,0.00,0.00,n/a,n/a,"For metrics, refresh"
best page builder plugins for wordpress,best page builder plugins for wordpress​,n/a,n/a,0,10,,n/a,n/a,n/a,4.47,0.13,n/a,n/a,"For metrics, refresh"
best payment gateway plugin for wordpress,best payment gateway plugin for wordpress​,n/a,n/a,0,10,,n/a,n/a,n/a,0.00,1.00,n/a,n/a,"For metrics, refresh"
best payment plugin for wordpress,best payment plugin for wordpress​,n/a,n/a,0,10,,n/a,n/a,n/a,9.23,0.73,n/a,n/a,"For metrics, refresh"
best paypal donation plugin for wordpress,best paypal donation plugin for wordpress​,n/a,n/a,0,10,,n/a,n/a,n/a,0.00,0.86,n/a,n/a,"For metrics, refresh"
best paypal payment gateway plugin for wordpress 2026,best paypal payment gateway plugin for wordpress 2026​,n/a,n/a,0,10,,n/a,n/a,n/a,0.00,0.00,n/a,n/a,"For metrics, refresh"
best photo album plugin for wordpress,best photo album plugin for wordpress​,n/a,n/a,0,10,,n/a,n/a,n/a,0.00,0.00,n/a,n/a,"For metrics, refresh"
best photo gallery plugin for wordpress,best photo gallery plugin for wordpress​,n/a,n/a,0,10,,n/a,n/a,n/a,0.93,0.13,n/a,n/a,"For metrics, refresh"
best photo gallery plugins for wordpress,best photo gallery plugins for wordpress​,n/a,n/a,0,10,,n/a,n/a,n/a,0.93,0.13,n/a,n/a,"For metrics, refresh"
best plugin for comments wordpress,best plugin for comments wordpress​,n/a,n/a,0,10,,n/a,n/a,n/a,0.00,0.03,n/a,n/a,"For metrics, refresh"
best plugin for ecommerce wordpress,best plugin for ecommerce wordpress​,n/a,n/a,0,10,,n/a,n/a,n/a,0.00,0.00,n/a,n/a,"For metrics, refresh"
best plugin for gallery in wordpress,best plugin for gallery in wordpress​,n/a,n/a,0,10,,n/a,n/a,n/a,0.00,0.00,n/a,n/a,"For metrics, refresh"
best plugin for page speed wordpress,best plugin for page speed wordpress​,n/a,n/a,0,10,,n/a,n/a,n/a,0.00,0.00,n/a,n/a,"For metrics, refresh"
best plugin for security wordpress,best plugin for security wordpress​,n/a,n/a,0,10,,n/a,n/a,n/a,0.00,0.00,n/a,n/a,"For metrics, refresh"
best plugin for seo in wordpress,best plugin for seo in wordpress​,n/a,n/a,0,10,,n/a,n/a,n/a,0.00,0.00,n/a,n/a,"For metrics, refresh"
best plugin for translation wordpress,best plugin for translation wordpress​,n/a,n/a,0,10,,n/a,n/a,n/a,0.00,0.86,n/a,n/a,"For metrics, refresh"
best plugin wordpress for automatic translate,best plugin wordpress for automatic translate​,n/a,n/a,0,10,,n/a,n/a,n/a,0.00,0.00,n/a,n/a,"For metrics, refresh"
best plugins for multi author wordpress,best plugins for multi author wordpress​,n/a,n/a,0,10,,n/a,n/a,n/a,0.00,0.00,n/a,n/a,"For metrics, refresh"
best plugins for real estate wordpress,best plugins for real estate wordpress​,n/a,n/a,0,10,,n/a,n/a,n/a,0.00,1.00,n/a,n/a,"For metrics, refresh"
best plugins for wordpress 2020,best plugins for wordpress 2020​,n/a,n/a,0,10,,n/a,n/a,n/a,0.00,0.00,n/a,n/a,"For metrics, refresh"
best plugins for wordpress 2022,best plugins for wordpress 2022​,n/a,n/a,0,10,,n/a,n/a,n/a,0.00,0.00,n/a,n/a,"For metrics, refresh"
best plugins for wordpress 2025,best plugins for wordpress 2025​,n/a,n/a,0,10,,n/a,n/a,n/a,0.00,0.00,n/a,n/a,"For metrics, refresh"
best plugins for wordpress admins,best plugins for wordpress admins​,n/a,n/a,0,10,,n/a,n/a,n/a,0.00,0.00,n/a,n/a,"For metrics, refresh"
best plugins for wordpress blog,best plugins for wordpress blog​,n/a,n/a,0,10,,n/a,n/a,n/a,2.59,0.32,n/a,n/a,"For metrics, refresh"
best plugins for wordpress design,best plugins for wordpress design​,n/a,n/a,0,10,,n/a,n/a,n/a,0.00,0.00,n/a,n/a,"For metrics, refresh"
best plugins for wordpress multisite,best plugins for wordpress multisite​,n/a,n/a,0,10,,n/a,n/a,n/a,0.00,0.33,n/a,n/a,"For metrics, refresh"
best pop up plugin for wordpress,best pop up plugin for wordpress​,n/a,n/a,0,10,,n/a,n/a,n/a,2.60,0.21,n/a,n/a,"For metrics, refresh"
best post plugin for wordpress,best post plugin for wordpress​,n/a,n/a,0,10,,n/a,n/a,n/a,0.00,0.00,n/a,n/a,"For metrics, refresh"
best post slider plugin for wordpress,best post slider plugin for wordpress​,n/a,n/a,0,10,,n/a,n/a,n/a,0.00,0.00,n/a,n/a,"For metrics, refresh"
best productivity plugins for wordpress,best productivity plugins for wordpress​,n/a,n/a,0,10,,n/a,n/a,n/a,0.00,0.00,n/a,n/a,"For metrics, refresh"
best q&a plugin for wordpress,best q&a plugin for wordpress​,n/a,n/a,0,10,,n/a,n/a,n/a,0.00,0.29,n/a,n/a,"For metrics, refresh"
best questionnaire plugin for wordpress,best questionnaire plugin for wordpress​,n/a,n/a,0,10,,n/a,n/a,n/a,0.00,0.00,n/a,n/a,"For metrics, refresh"
best quiz plugin for wordpress free,best quiz plugin for wordpress free​,n/a,n/a,0,10,,n/a,n/a,n/a,0.00,0.00,n/a,n/a,"For metrics, refresh"
best quiz plugins for wordpress,best quiz plugins for wordpress​,n/a,n/a,0,10,,n/a,n/a,n/a,3.50,0.10,n/a,n/a,"For metrics, refresh"
best real estate plugins for wordpress,best real estate plugins for wordpress​,n/a,n/a,0,10,,n/a,n/a,n/a,0.00,0.09,n/a,n/a,"For metrics, refresh"
best redirect plugin for wordpress,best redirect plugin for wordpress​,n/a,n/a,0,10,,n/a,n/a,n/a,1.59,0.24,n/a,n/a,"For metrics, refresh"
best redirect plugins for wordpress,best redirect plugins for wordpress​,n/a,n/a,0,10,,n/a,n/a,n/a,0.00,0.00,n/a,n/a,"For metrics, refresh"
best reporting plugin for wordpress,best reporting plugin for wordpress​,n/a,n/a,0,10,,n/a,n/a,n/a,0.00,0.00,n/a,n/a,"For metrics, refresh"
best retargeting plugins for wordpress woocommerce 2025 2026,best retargeting plugins for wordpress woocommerce 2025 2026​,n/a,n/a,0,10,,n/a,n/a,n/a,0.00,0.00,n/a,n/a,"For metrics, refresh"
best reviews plugin for wordpress,best reviews plugin for wordpress​,n/a,n/a,0,10,,n/a,n/a,n/a,2.73,0.66,n/a,n/a,"For metrics, refresh"
best security plugins for wordpress 2020,best security plugins for wordpress 2020​,n/a,n/a,0,10,,n/a,n/a,n/a,0.00,0.00,n/a,n/a,"For metrics, refresh"
best security plugins for wordpress 2024,best security plugins for wordpress 2024​,n/a,n/a,0,10,,n/a,n/a,n/a,0.00,0.00,n/a,n/a,"For metrics, refresh"
best security plugins for wordpress 2025,best security plugins for wordpress 2025​,n/a,n/a,0,10,,n/a,n/a,n/a,0.00,0.00,n/a,n/a,"For metrics, refresh"
best seo plugin for wordpress 2017,best seo plugin for wordpress 2017​,n/a,n/a,0,10,,n/a,n/a,n/a,0.00,0.00,n/a,n/a,"For metrics, refresh"
best seo plugin for wordpress free,best seo plugin for wordpress free​,n/a,n/a,0,10,,n/a,n/a,n/a,1.44,0.19,n/a,n/a,"For metrics, refresh"
best seo plugins for wordpress 2014,best seo plugins for wordpress 2014​,n/a,n/a,0,10,,n/a,n/a,n/a,0.00,0.33,n/a,n/a,"For metrics, refresh"
best seo plugins for wordpress 2020,best seo plugins for wordpress 2020​,n/a,n/a,0,10,,n/a,n/a,n/a,0.00,0.00,n/a,n/a,"For metrics, refresh"
best seo plugins for wordpress 2022,best seo plugins for wordpress 2022​,n/a,n/a,0,10,,n/a,n/a,n/a,0.00,0.00,n/a,n/a,"For metrics, refresh"
best seo plugins for wordpress 2023,best seo plugins for wordpress 2023​,n/a,n/a,0,10,,n/a,n/a,n/a,0.00,0.00,n/a,n/a,"For metrics, refresh"
best seo plugins for wordpress 2025,best seo plugins for wordpress 2025​,n/a,n/a,0,10,,n/a,n/a,n/a,0.00,0.86,n/a,n/a,"For metrics, refresh"
best seo plugins for wordpress 2026,best seo plugins for wordpress 2026​,n/a,n/a,0,10,,n/a,n/a,n/a,0.00,0.00,n/a,n/a,"For metrics, refresh"
best share button plugin for wordpress,best share button plugin for wordpress​,n/a,n/a,0,10,,n/a,n/a,n/a,0.00,0.66,n/a,n/a,"For metrics, refresh"
best shopping plugin for wordpress,best shopping plugin for wordpress​,n/a,n/a,0,10,,n/a,n/a,n/a,0.00,0.71,n/a,n/a,"For metrics, refresh"
best simple store locator plugins for wordpress mobile,best simple store locator plugins for wordpress mobile​,n/a,n/a,0,10,,n/a,n/a,n/a,0.00,0.00,n/a,n/a,"For metrics, refresh"
best simple store locator plugins for wordpress on mobile,best simple store locator plugins for wordpress on mobile​,n/a,n/a,0,10,,n/a,n/a,n/a,0.00,0.00,n/a,n/a,"For metrics, refresh"
best site builder plugin for wordpress,best site builder plugin for wordpress​,n/a,n/a,0,10,,n/a,n/a,n/a,0.00,0.00,n/a,n/a,"For metrics, refresh"
best slider plugin for wordpress elementor,best slider plugin for wordpress elementor​,n/a,n/a,0,10,,n/a,n/a,n/a,0.00,0.00,n/a,n/a,"For metrics, refresh"
best social media plugins for wordpress 2026,best social media plugins for wordpress 2026​,n/a,n/a,0,10,,n/a,n/a,n/a,0.00,0.00,n/a,n/a,"For metrics, refresh"
best social media sharing plugin for wordpress,best social media sharing plugin for wordpress​,n/a,n/a,0,10,,n/a,n/a,n/a,0.00,0.25,n/a,n/a,"For metrics, refresh"
best social sharing plugin for wordpress,best social sharing plugin for wordpress​,n/a,n/a,0,10,,n/a,n/a,n/a,0.00,0.25,n/a,n/a,"For metrics, refresh"
best social sharing plugins for wordpress,best social sharing plugins for wordpress​,n/a,n/a,0,10,,n/a,n/a,n/a,0.00,0.25,n/a,n/a,"For metrics, refresh"
best spam plugin for wordpress,best spam plugin for wordpress​,n/a,n/a,0,10,,n/a,n/a,n/a,2.60,0.68,n/a,n/a,"For metrics, refresh"
best speed plugin for wordpress,best speed plugin for wordpress​,n/a,n/a,0,10,,n/a,n/a,n/a,0.00,0.00,n/a,n/a,"For metrics, refresh"
best speed up plugin for wordpress,best speed up plugin for wordpress​,n/a,n/a,0,10,,n/a,n/a,n/a,0.00,0.00,n/a,n/a,"For metrics, refresh"
best staging plugins for wordpress,best staging plugins for wordpress​,n/a,n/a,0,10,,n/a,n/a,n/a,0.00,0.00,n/a,n/a,"For metrics, refresh"
best subscriber plugin for wordpress,best subscriber plugin for wordpress​,n/a,n/a,0,10,,n/a,n/a,n/a,3.90,1.00,n/a,n/a,"For metrics, refresh"
best subscription plugins for wordpress,best subscription plugins for wordpress​,n/a,n/a,0,10,,n/a,n/a,n/a,3.51,1.00,n/a,n/a,"For metrics, refresh"
best table plugins for wordpress,best table plugins for wordpress​,n/a,n/a,0,10,,n/a,n/a,n/a,1.61,0.11,n/a,n/a,"For metrics, refresh"
best tables plugin for wordpress,best tables plugin for wordpress​,n/a,n/a,0,10,,n/a,n/a,n/a,1.61,0.11,n/a,n/a,"For metrics, refresh"
best testimonial plugin for wordpress,best testimonial plugin for wordpress​,n/a,n/a,0,10,,n/a,n/a,n/a,3.05,0.51,n/a,n/a,"For metrics, refresh"
best testimonials plugin for wordpress,best testimonials plugin for wordpress​,n/a,n/a,0,10,,n/a,n/a,n/a,3.05,0.51,n/a,n/a,"For metrics, refresh"
best tiktok plugins for wordpress,best tiktok plugins for wordpress​,n/a,n/a,0,10,,n/a,n/a,n/a,0.00,0.00,n/a,n/a,"For metrics, refresh"
best translation plugin for wordpress,best translation plugin for wordpress​,n/a,n/a,0,10,,n/a,n/a,n/a,9.50,0.15,n/a,n/a,"For metrics, refresh"
best translator plugin for wordpress,best translator plugin for wordpress​,n/a,n/a,0,10,,n/a,n/a,n/a,9.50,0.15,n/a,n/a,"For metrics, refresh"
best tripadvisor plugin for wordpress,best tripadvisor plugin for wordpress​,n/a,n/a,0,10,,n/a,n/a,n/a,0.00,0.00,n/a,n/a,"For metrics, refresh"
best twitter feed plugin for wordpress,best twitter feed plugin for wordpress​,n/a,n/a,0,10,,n/a,n/a,n/a,0.00,0.14,n/a,n/a,"For metrics, refresh"
best under construction plugin for wordpress,best under construction plugin for wordpress​,n/a,n/a,0,10,,n/a,n/a,n/a,0.00,0.00,n/a,n/a,"For metrics, refresh"
best version control plugin for wordpress,best version control plugin for wordpress​,n/a,n/a,0,10,,n/a,n/a,n/a,0.00,0.00,n/a,n/a,"For metrics, refresh"
best video conferencing plugin for wordpress,best video conferencing plugin for wordpress​,n/a,n/a,0,10,,n/a,n/a,n/a,0.00,0.00,n/a,n/a,"For metrics, refresh"
best visitor counter plugins for wordpress,best visitor counter plugins for wordpress​,n/a,n/a,0,10,,n/a,n/a,n/a,0.00,0.33,n/a,n/a,"For metrics, refresh"
best voting plugins for wordpress,best voting plugins for wordpress​,n/a,n/a,0,10,,n/a,n/a,n/a,0.00,0.00,n/a,n/a,"For metrics, refresh"
best wallet plugin for wordpress,best wallet plugin for wordpress​,n/a,n/a,0,10,,n/a,n/a,n/a,0.00,0.00,n/a,n/a,"For metrics, refresh"
best watermark plugin for wordpress,best watermark plugin for wordpress​,n/a,n/a,0,10,,n/a,n/a,n/a,0.00,0.33,n/a,n/a,"For metrics, refresh"
best website plugins for wordpress,best website plugins for wordpress​,n/a,n/a,0,10,,n/a,n/a,n/a,0.00,0.00,n/a,n/a,"For metrics, refresh"
best website security plugin for wordpress,best website security plugin for wordpress​,n/a,n/a,0,10,,n/a,n/a,n/a,0.00,0.00,n/a,n/a,"For metrics, refresh"
best whatsapp chat plugin for wordpress,best whatsapp chat plugin for wordpress​,n/a,n/a,0,10,,n/a,n/a,n/a,0.00,0.00,n/a,n/a,"For metrics, refresh"
best wordpress automation plugins for marketing 2025 2026,best wordpress automation plugins for marketing 2025 2026​,n/a,n/a,0,10,,n/a,n/a,n/a,0.00,0.00,n/a,n/a,"For metrics, refresh"
best wordpress booking plugins for hair and beauty salons 2026,best wordpress booking plugins for hair and beauty salons 2026​,n/a,n/a,0,10,,n/a,n/a,n/a,0.00,0.00,n/a,n/a,"For metrics, refresh"
best wordpress calendar plugin for a library website,best wordpress calendar plugin for a library website​,n/a,n/a,0,10,,n/a,n/a,n/a,0.00,0.00,n/a,n/a,"For metrics, refresh"
best wordpress lms plugins for online courses 2026,best wordpress lms plugins for online courses 2026​,n/a,n/a,0,10,,n/a,n/a,n/a,0.00,0.00,n/a,n/a,"For metrics, refresh"
best wordpress plugin for adding code,best wordpress plugin for adding code​,n/a,n/a,0,10,,n/a,n/a,n/a,0.00,0.00,n/a,n/a,"For metrics, refresh"
best wordpress plugin for affiliate links,best wordpress plugin for affiliate links​,n/a,n/a,0,10,,n/a,n/a,n/a,0.00,0.00,n/a,n/a,"For metrics, refresh"
best wordpress plugin for ai visibility,best wordpress plugin for ai visibility​,n/a,n/a,0,10,,n/a,n/a,n/a,0.00,0.00,n/a,n/a,"For metrics, refresh"
best wordpress plugin for backup and restore,best wordpress plugin for backup and restore​,n/a,n/a,0,10,,n/a,n/a,n/a,0.43,0.89,n/a,n/a,"For metrics, refresh"
best wordpress plugin for cookies,best wordpress plugin for cookies​,n/a,n/a,0,10,,n/a,n/a,n/a,0.00,0.00,n/a,n/a,"For metrics, refresh"
best wordpress plugin for dropshipping,best wordpress plugin for dropshipping​,n/a,n/a,0,10,,n/a,n/a,n/a,0.00,0.00,n/a,n/a,"For metrics, refresh"
best wordpress plugin for instagram,best wordpress plugin for instagram​,n/a,n/a,0,10,,n/a,n/a,n/a,1.87,0.96,n/a,n/a,"For metrics, refresh"
best wordpress plugin for live chat,best wordpress plugin for live chat​,n/a,n/a,0,10,,n/a,n/a,n/a,0.00,1.00,n/a,n/a,"For metrics, refresh"
best wordpress plugin for mailchimp,best wordpress plugin for mailchimp​,n/a,n/a,0,10,,n/a,n/a,n/a,0.00,0.86,n/a,n/a,"For metrics, refresh"
best wordpress plugin for membership,best wordpress plugin for membership​,n/a,n/a,0,10,,n/a,n/a,n/a,4.91,0.25,n/a,n/a,"For metrics, refresh"
best wordpress plugin for page speed,best wordpress plugin for page speed​,n/a,n/a,0,10,,n/a,n/a,n/a,0.00,0.71,n/a,n/a,"For metrics, refresh"
best wordpress plugin for popup,best wordpress plugin for popup​,n/a,n/a,0,10,,n/a,n/a,n/a,0.00,0.00,n/a,n/a,"For metrics, refresh"
best wordpress plugin for selling services,best wordpress plugin for selling services​,n/a,n/a,0,10,,n/a,n/a,n/a,0.00,0.00,n/a,n/a,"For metrics, refresh"
best wordpress plugin for social sharing,best wordpress plugin for social sharing​,n/a,n/a,0,10,,n/a,n/a,n/a,0.00,0.25,n/a,n/a,"For metrics, refresh"
best wordpress plugin for speed,best wordpress plugin for speed​,n/a,n/a,0,10,,n/a,n/a,n/a,3.97,0.67,n/a,n/a,"For metrics, refresh"
best wordpress plugin for statistics,best wordpress plugin for statistics​,n/a,n/a,0,10,,n/a,n/a,n/a,0.00,0.00,n/a,n/a,"For metrics, refresh"
best wordpress plugin for table of contents,best wordpress plugin for table of contents​,n/a,n/a,0,10,,n/a,n/a,n/a,0.00,0.71,n/a,n/a,"For metrics, refresh"
best wordpress plugin for testimonials,best wordpress plugin for testimonials​,n/a,n/a,0,10,,n/a,n/a,n/a,0.00,0.00,n/a,n/a,"For metrics, refresh"
best wordpress plugins for affiliate marketing 2026,best wordpress plugins for affiliate marketing 2026​,n/a,n/a,0,10,,n/a,n/a,n/a,0.00,0.00,n/a,n/a,"For metrics, refresh"
best wordpress plugins for amazon affiliates,best wordpress plugins for amazon affiliates​,n/a,n/a,0,10,,n/a,n/a,n/a,1.96,0.55,n/a,n/a,"For metrics, refresh"
best wordpress plugins for announcements 2024,best wordpress plugins for announcements 2024​,n/a,n/a,0,10,,n/a,n/a,n/a,0.00,0.00,n/a,n/a,"For metrics, refresh"
best wordpress plugins for automated answer engine optimization 2025,best wordpress plugins for automated answer engine optimization 2025​,n/a,n/a,0,10,,n/a,n/a,n/a,0.00,0.00,n/a,n/a,"For metrics, refresh"
best wordpress plugins for backup,best wordpress plugins for backup​,n/a,n/a,0,10,,n/a,n/a,n/a,0.00,0.36,n/a,n/a,"For metrics, refresh"
best wordpress plugins for beginners,best wordpress plugins for beginners​,n/a,n/a,0,10,,n/a,n/a,n/a,0.00,0.33,n/a,n/a,"For metrics, refresh"
best wordpress plugins for blogs 2018,best wordpress plugins for blogs 2018​,n/a,n/a,0,10,,n/a,n/a,n/a,0.00,0.00,n/a,n/a,"For metrics, refresh"
best wordpress plugins for church websites,best wordpress plugins for church websites​,n/a,n/a,0,10,,n/a,n/a,n/a,0.00,0.00,n/a,n/a,"For metrics, refresh"
best wordpress plugins for dentists,best wordpress plugins for dentists​,n/a,n/a,0,10,,n/a,n/a,n/a,0.00,0.00,n/a,n/a,"For metrics, refresh"
best wordpress plugins for designers,best wordpress plugins for designers​,n/a,n/a,0,10,,n/a,n/a,n/a,0.00,0.14,n/a,n/a,"For metrics, refresh"
best wordpress plugins for donations,best wordpress plugins for donations​,n/a,n/a,0,10,,n/a,n/a,n/a,0.00,0.33,n/a,n/a,"For metrics, refresh"
best wordpress plugins for email subscription,best wordpress plugins for email subscription​,n/a,n/a,0,10,,n/a,n/a,n/a,0.00,0.86,n/a,n/a,"For metrics, refresh"
best wordpress plugins for lifestyle bloggers,best wordpress plugins for lifestyle bloggers​,n/a,n/a,0,10,,n/a,n/a,n/a,0.00,0.00,n/a,n/a,"For metrics, refresh"
best wordpress plugins for membership sites,best wordpress plugins for membership sites​,n/a,n/a,0,10,,n/a,n/a,n/a,0.00,0.00,n/a,n/a,"For metrics, refresh"
best wordpress plugins for multi author blogs,best wordpress plugins for multi author blogs​,n/a,n/a,0,10,,n/a,n/a,n/a,0.00,0.00,n/a,n/a,"For metrics, refresh"
best wordpress plugins for musicians,best wordpress plugins for musicians​,n/a,n/a,0,10,,n/a,n/a,n/a,0.00,0.00,n/a,n/a,"For metrics, refresh"
best wordpress plugins for news websites,best wordpress plugins for news websites​,n/a,n/a,0,10,,n/a,n/a,n/a,0.00,0.33,n/a,n/a,"For metrics, refresh"
best wordpress plugins for photo galleries,best wordpress plugins for photo galleries​,n/a,n/a,0,10,,n/a,n/a,n/a,0.00,0.00,n/a,n/a,"For metrics, refresh"
best wordpress plugins for posts,best wordpress plugins for posts​,n/a,n/a,0,10,,n/a,n/a,n/a,0.00,0.00,n/a,n/a,"For metrics, refresh"
best wordpress plugins for real estate,best wordpress plugins for real estate​,n/a,n/a,0,10,,n/a,n/a,n/a,0.00,0.09,n/a,n/a,"For metrics, refresh"
best wordpress plugins for seo 2026,best wordpress plugins for seo 2026​,n/a,n/a,0,10,,n/a,n/a,n/a,0.00,0.00,n/a,n/a,"For metrics, refresh"
best wordpress plugins for site speed,best wordpress plugins for site speed​,n/a,n/a,0,10,,n/a,n/a,n/a,0.00,0.00,n/a,n/a,"For metrics, refresh"
best wordpress plugins for social media,best wordpress plugins for social media​,n/a,n/a,0,10,,n/a,n/a,n/a,1.71,0.09,n/a,n/a,"For metrics, refresh"
best wordpress plugins for teachers,best wordpress plugins for teachers​,n/a,n/a,0,10,,n/a,n/a,n/a,0.00,0.00,n/a,n/a,"For metrics, refresh"
best wordpress plugins for travel agency,best wordpress plugins for travel agency​,n/a,n/a,0,10,,n/a,n/a,n/a,0.00,0.00,n/a,n/a,"For metrics, refresh"
best wordpress plugins for websites,best wordpress plugins for websites​,n/a,n/a,0,10,,n/a,n/a,n/a,2.20,0.83,n/a,n/a,"For metrics, refresh"
best wordpress plugins for wedding photographers,best wordpress plugins for wedding photographers​,n/a,n/a,0,10,,n/a,n/a,n/a,0.00,0.00,n/a,n/a,"For metrics, refresh"
best wordpress plugins for writers,best wordpress plugins for writers​,n/a,n/a,0,10,,n/a,n/a,n/a,0.00,0.14,n/a,n/a,"For metrics, refresh"
best wordpress plugins themes for wcag accessibility compliance,best wordpress plugins themes for wcag accessibility compliance​,n/a,n/a,0,10,,n/a,n/a,n/a,0.00,0.00,n/a,n/a,"For metrics, refresh"
best wordpress popup plugins for woocommerce 2025,best wordpress popup plugins for woocommerce 2025​,n/a,n/a,0,10,,n/a,n/a,n/a,0.00,0.00,n/a,n/a,"For metrics, refresh"
best+ecommerce+plugin+for+wordpress,best+ecommerce+plugin+for+wordpress​,n/a,n/a,0,10,,n/a,n/a,n/a,3.36,0.27,n/a,n/a,"For metrics, refresh"
for wordpress best internal linking plugin,for wordpress best internal linking plugin​,n/a,n/a,0,10,,n/a,n/a,n/a,0.00,0.00,n/a,n/a,"For metrics, refresh"
rank math seo best seo plugin for wordpress,rank math seo best seo plugin for wordpress​,n/a,n/a,0,10,,n/a,n/a,n/a,0.00,0.00,n/a,n/a,"For metrics, refresh"
the best backup plugin for wordpress,the best backup plugin for wordpress​,n/a,n/a,0,10,,n/a,n/a,n/a,0.00,0.00,n/a,n/a,"For metrics, refresh"
the best ecommerce plugin for wordpress,the best ecommerce plugin for wordpress​,n/a,n/a,0,10,,n/a,n/a,n/a,0.00,0.00,n/a,n/a,"For metrics, refresh"
the best gallery plugin for wordpress,the best gallery plugin for wordpress​,n/a,n/a,0,10,,n/a,n/a,n/a,0.00,0.00,n/a,n/a,"For metrics, refresh"
the best lms plugin for wordpress,the best lms plugin for wordpress​,n/a,n/a,0,10,,n/a,n/a,n/a,0.00,1.00,n/a,n/a,"For metrics, refresh"
the best membership plugin for wordpress,the best membership plugin for wordpress​,n/a,n/a,0,10,,n/a,n/a,n/a,0.00,0.00,n/a,n/a,"For metrics, refresh"
the best plugin for wordpress,the best plugin for wordpress​,n/a,n/a,0,10,,n/a,n/a,n/a,1.43,0.66,n/a,n/a,"For metrics, refresh"
the best portfolio plugin for wordpress,the best portfolio plugin for wordpress​,n/a,n/a,0,10,,n/a,n/a,n/a,0.00,0.33,n/a,n/a,"For metrics, refresh"
the best security plugin for wordpress,the best security plugin for wordpress​,n/a,n/a,0,10,,n/a,n/a,n/a,0.00,0.33,n/a,n/a,"For metrics, refresh"
the best seo plugin for wordpress 2021,the best seo plugin for wordpress 2021​,n/a,n/a,0,10,,n/a,n/a,n/a,0.00,0.00,n/a,n/a,"For metrics, refresh"
the best seo plugins for wordpress,the best seo plugins for wordpress​,n/a,n/a,0,10,,n/a,n/a,n/a,3.23,0.08,n/a,n/a,"For metrics, refresh"
the best social share plugin for wordpress,the best social share plugin for wordpress​,n/a,n/a,0,10,,n/a,n/a,n/a,0.00,0.00,n/a,n/a,"For metrics, refresh"
what are the best plugins for enhancing wordpress security,what are the best plugins for enhancing wordpress security​,n/a,n/a,0,10,,n/a,n/a,n/a,0.00,0.00,n/a,n/a,"For metrics, refresh"
what are the best wordpress plugins for image optimization,what are the best wordpress plugins for image optimization​,n/a,n/a,0,10,,n/a,n/a,n/a,0.00,0.00,n/a,n/a,"For metrics, refresh"
what is the best free cache plugin for wordpress,what is the best free cache plugin for wordpress​,n/a,n/a,0,10,,n/a,n/a,n/a,0.00,0.00,n/a,n/a,"For metrics, refresh"
what is the best google analytics plugin for wordpress,what is the best google analytics plugin for wordpress​,n/a,n/a,0,10,,n/a,n/a,n/a,0.00,0.00,n/a,n/a,"For metrics, refresh"
what is the best live chat plugin for wordpress,what is the best live chat plugin for wordpress​,n/a,n/a,0,10,,n/a,n/a,n/a,0.00,1.00,n/a,n/a,"For metrics, refresh"
which plugin is best for wordpress,which plugin is best for wordpress​,n/a,n/a,0,10,,n/a,n/a,n/a,0.00,0.50,n/a,n/a,"For metrics, refresh"
10 best scheduling plugins for wordpress,10 best scheduling plugins for wordpress​,n/a,n/a,0,0,,n/a,n/a,n/a,0.00,0.00,n/a,n/a,"For metrics, refresh"
10 best seo plugins for wordpress,10 best seo plugins for wordpress​,n/a,n/a,0,0,,n/a,n/a,n/a,0.00,0.00,n/a,n/a,"For metrics, refresh"
10 best social media plugins for wordpress,10 best social media plugins for wordpress​,n/a,n/a,0,0,,n/a,n/a,n/a,0.00,0.00,n/a,n/a,"For metrics, refresh"
10 best wordpress plugins for blogs,10 best wordpress plugins for blogs​,n/a,n/a,0,0,,n/a,n/a,n/a,0.00,0.00,n/a,n/a,"For metrics, refresh"
10+ best wordpress plugins for photographers,10+ best wordpress plugins for photographers​,n/a,n/a,0,0,,n/a,n/a,n/a,0.00,0.00,n/a,n/a,"For metrics, refresh"
11 best wordpress slider plugins for 2018 compared isitwp,11 best wordpress slider plugins for 2018 compared isitwp​,n/a,n/a,0,0,,n/a,n/a,n/a,0.00,0.00,n/a,n/a,"For metrics, refresh"
12 best contact form plugins for wordpress,12 best contact form plugins for wordpress​,n/a,n/a,0,0,,n/a,n/a,n/a,0.00,0.00,n/a,n/a,"For metrics, refresh"
12 best newsletter plugins for wordpress of all time,12 best newsletter plugins for wordpress of all time​,n/a,n/a,0,0,,n/a,n/a,n/a,0.00,0.00,n/a,n/a,"For metrics, refresh"
14 best featured image plugins and tutorials for wordpress,14 best featured image plugins and tutorials for wordpress​,n/a,n/a,0,0,,n/a,n/a,n/a,0.00,0.00,n/a,n/a,"For metrics, refresh"
15 best plugins for wordpress,15 best plugins for wordpress​,n/a,n/a,0,0,,n/a,n/a,n/a,0.00,0.00,n/a,n/a,"For metrics, refresh"
20 best free wordpress plugins for blogs,20 best free wordpress plugins for blogs​,n/a,n/a,0,0,,n/a,n/a,n/a,0.00,0.00,n/a,n/a,"For metrics, refresh"
2019 best gallery plugins for wordpress,2019 best gallery plugins for wordpress​,n/a,n/a,0,0,,n/a,n/a,n/a,0.00,0.00,n/a,n/a,"For metrics, refresh"
21 best seo plugins for wordpress,21 best seo plugins for wordpress​,n/a,n/a,0,0,,n/a,n/a,n/a,0.00,0.00,n/a,n/a,"For metrics, refresh"
25 of the best wordpress plugins for marketers,25 of the best wordpress plugins for marketers​,n/a,n/a,0,0,,n/a,n/a,n/a,0.00,0.00,n/a,n/a,"For metrics, refresh"
3 best contact form plugins for wordpress compared,3 best contact form plugins for wordpress compared​,n/a,n/a,0,0,,n/a,n/a,n/a,0.00,0.00,n/a,n/a,"For metrics, refresh"
4 best free wordpress plugins for startups 2024,4 best free wordpress plugins for startups 2024​,n/a,n/a,0,0,,n/a,n/a,n/a,0.00,0.00,n/a,n/a,"For metrics, refresh"
40 best wordpress plugins for ecommerce sites,40 best wordpress plugins for ecommerce sites​,n/a,n/a,0,0,,n/a,n/a,n/a,0.00,0.00,n/a,n/a,"For metrics, refresh"
5 best cache plugin for wordpress,5 best cache plugin for wordpress​,n/a,n/a,0,0,,n/a,n/a,n/a,0.00,0.00,n/a,n/a,"For metrics, refresh"
5 best cache plugins for wordpress,5 best cache plugins for wordpress​,n/a,n/a,0,0,,n/a,n/a,n/a,0.00,0.00,n/a,n/a,"For metrics, refresh"
5 best contact form plugins for wordpress compared,5 best contact form plugins for wordpress compared​,n/a,n/a,0,0,,n/a,n/a,n/a,0.00,0.00,n/a,n/a,"For metrics, refresh"
5 best contact form plugins for wordpress compared 2018 wpbeginner,5 best contact form plugins for wordpress compared 2018 wpbeginner​,n/a,n/a,0,0,,n/a,n/a,n/a,0.00,0.00,n/a,n/a,"For metrics, refresh"
5 best google analytics plugins for wordpress,5 best google analytics plugins for wordpress​,n/a,n/a,0,0,,n/a,n/a,n/a,0.00,0.00,n/a,n/a,"For metrics, refresh"
5 best popular posts plugins for wordpress,5 best popular posts plugins for wordpress​,n/a,n/a,0,0,,n/a,n/a,n/a,0.00,0.00,n/a,n/a,"For metrics, refresh"
5 best wordpress plugins for site speed,5 best wordpress plugins for site speed​,n/a,n/a,0,0,,n/a,n/a,n/a,0.00,0.00,n/a,n/a,"For metrics, refresh"
5 best wordpress plugins for your website,5 best wordpress plugins for your website​,n/a,n/a,0,0,,n/a,n/a,n/a,0.00,0.00,n/a,n/a,"For metrics, refresh"
6 best related posts plugins for wordpress blog websites 2018,6 best related posts plugins for wordpress blog websites 2018​,n/a,n/a,0,0,,n/a,n/a,n/a,0.00,0.00,n/a,n/a,"For metrics, refresh"
7 best free google maps plugins for wordpress,7 best free google maps plugins for wordpress​,n/a,n/a,0,0,,n/a,n/a,n/a,0.00,0.00,n/a,n/a,"For metrics, refresh"
7 best free google maps plugins for wordpress wpbeginnerwpbeginner,7 best free google maps plugins for wordpress wpbeginnerwpbeginner​,n/a,n/a,0,0,,n/a,n/a,n/a,0.00,0.00,n/a,n/a,"For metrics, refresh"
7 best wordpress security plugins for website protection,7 best wordpress security plugins for website protection​,n/a,n/a,0,0,,n/a,n/a,n/a,0.00,0.00,n/a,n/a,"For metrics, refresh"
7 best wordpress security plugins for website protection - wpbeginer,7 best wordpress security plugins for website protection - wpbeginer​,n/a,n/a,0,0,,n/a,n/a,n/a,0.00,0.00,n/a,n/a,"For metrics, refresh"
8 best live chat plugins for wordpress,8 best live chat plugins for wordpress​,n/a,n/a,0,0,,n/a,n/a,n/a,0.00,0.00,n/a,n/a,"For metrics, refresh"
8 best live chat plugins for wordpress 2018 themeislethemeisle,8 best live chat plugins for wordpress 2018 themeislethemeisle​,n/a,n/a,0,0,,n/a,n/a,n/a,0.00,0.00,n/a,n/a,"For metrics, refresh"
9 best audio player plugins for wordpress,9 best audio player plugins for wordpress​,n/a,n/a,0,0,,n/a,n/a,n/a,0.00,0.00,n/a,n/a,"For metrics, refresh"
9 best free pdf plugins for wordpress,9 best free pdf plugins for wordpress​,n/a,n/a,0,0,,n/a,n/a,n/a,0.00,0.00,n/a,n/a,"For metrics, refresh"
9 best heatmap tools and plugins for your wordpress site,9 best heatmap tools and plugins for your wordpress site​,n/a,n/a,0,0,,n/a,n/a,n/a,0.00,0.00,n/a,n/a,"For metrics, refresh"
9 best pdf plugins for wordpress,9 best pdf plugins for wordpress​,n/a,n/a,0,0,,n/a,n/a,n/a,0.00,0.00,n/a,n/a,"For metrics, refresh"
best 2 factor authentication plugin for wordpress,best 2 factor authentication plugin for wordpress​,n/a,n/a,0,0,,n/a,n/a,n/a,0.00,0.00,n/a,n/a,"For metrics, refresh"
best 2fa plugins for wordpress,best 2fa plugins for wordpress​,n/a,n/a,0,0,,n/a,n/a,n/a,0.00,0.00,n/a,n/a,"For metrics, refresh"
best 2fa plugins for wordpress 2026,best 2fa plugins for wordpress 2026​,n/a,n/a,0,0,,n/a,n/a,n/a,0.00,0.00,n/a,n/a,"For metrics, refresh"
best 301 redirect plugin for wordpress,best 301 redirect plugin for wordpress​,n/a,n/a,0,0,,n/a,n/a,n/a,0.00,0.00,n/a,n/a,"For metrics, refresh"
best 404 page plugin for wordpress,best 404 page plugin for wordpress​,n/a,n/a,0,0,,n/a,n/a,n/a,0.00,0.00,n/a,n/a,"For metrics, refresh"
best 404 plugin for wordpress,best 404 plugin for wordpress​,n/a,n/a,0,0,,n/a,n/a,n/a,0.00,0.00,n/a,n/a,"For metrics, refresh"
best 404 redirect plugin for wordpress,best 404 redirect plugin for wordpress​,n/a,n/a,0,0,,n/a,n/a,n/a,0.00,0.00,n/a,n/a,"For metrics, refresh"
best a/b testing plugins for wordpress,best a/b testing plugins for wordpress​,n/a,n/a,0,0,,n/a,n/a,n/a,0.00,0.00,n/a,n/a,"For metrics, refresh"
best ab split testing plugin for wordpress,best ab split testing plugin for wordpress​,n/a,n/a,0,0,,n/a,n/a,n/a,0.00,0.00,n/a,n/a,"For metrics, refresh"
best aboutme plugin for wordpress,best aboutme plugin for wordpress​,n/a,n/a,0,0,,n/a,n/a,n/a,0.00,0.00,n/a,n/a,"For metrics, refresh"
best accelerated mobile pages plugin for wordpress,best accelerated mobile pages plugin for wordpress​,n/a,n/a,0,0,,n/a,n/a,n/a,0.00,0.00,n/a,n/a,"For metrics, refresh"
best access control plugins for wordpress,best access control plugins for wordpress​,n/a,n/a,0,0,,n/a,n/a,n/a,0.00,0.00,n/a,n/a,"For metrics, refresh"
best accessibility plugins for wordpress,best accessibility plugins for wordpress​,n/a,n/a,0,0,,n/a,n/a,n/a,0.00,0.00,n/a,n/a,"For metrics, refresh"
best accommodation booking plugin for wordpress,best accommodation booking plugin for wordpress​,n/a,n/a,0,0,,n/a,n/a,n/a,0.00,0.00,n/a,n/a,"For metrics, refresh"
best accordian plugin for wordpress,best accordian plugin for wordpress​,n/a,n/a,0,0,,n/a,n/a,n/a,0.00,0.00,n/a,n/a,"For metrics, refresh"
best accordion menu plugin for wordpress,best accordion menu plugin for wordpress​,n/a,n/a,0,0,,n/a,n/a,n/a,0.00,0.00,n/a,n/a,"For metrics, refresh"
best account plugin for wordpress,best account plugin for wordpress​,n/a,n/a,0,0,,n/a,n/a,n/a,0.00,0.00,n/a,n/a,"For metrics, refresh"
best activecampaign plugin for wordpress,best activecampaign plugin for wordpress​,n/a,n/a,0,0,,n/a,n/a,n/a,0.00,0.00,n/a,n/a,"For metrics, refresh"
best ad display plugins for wordpress,best ad display plugins for wordpress​,n/a,n/a,0,0,,n/a,n/a,n/a,0.00,0.00,n/a,n/a,"For metrics, refresh"
best ad management plugins and solutions for wordpress,best ad management plugins and solutions for wordpress​,n/a,n/a,0,0,,n/a,n/a,n/a,0.00,0.00,n/a,n/a,"For metrics, refresh"
best ad management plugins for wordpress,best ad management plugins for wordpress​,n/a,n/a,0,0,,n/a,n/a,n/a,0.00,0.00,n/a,n/a,"For metrics, refresh"
best ad placement plugins for wordpress,best ad placement plugins for wordpress​,n/a,n/a,0,0,,n/a,n/a,n/a,0.00,0.00,n/a,n/a,"For metrics, refresh"
best ad plugin for wordpress 2015,best ad plugin for wordpress 2015​,n/a,n/a,0,0,,n/a,n/a,n/a,0.00,0.00,n/a,n/a,"For metrics, refresh"
best ad plugin for wordpress 2017,best ad plugin for wordpress 2017​,n/a,n/a,0,0,,n/a,n/a,n/a,0.00,0.00,n/a,n/a,"For metrics, refresh"
best ad plugins for wordpress,best ad plugins for wordpress​,n/a,n/a,0,0,,n/a,n/a,n/a,6.23,0.51,n/a,n/a,"For metrics, refresh"
best ad plugins for wordpress 2018,best ad plugins for wordpress 2018​,n/a,n/a,0,0,,n/a,n/a,n/a,0.00,0.00,n/a,n/a,"For metrics, refresh"
best adblocker plugins for wordpress,best adblocker plugins for wordpress​,n/a,n/a,0,0,,n/a,n/a,n/a,0.00,0.00,n/a,n/a,"For metrics, refresh"
best add plugin for wordpress,best add plugin for wordpress​,n/a,n/a,0,0,,n/a,n/a,n/a,0.00,0.00,n/a,n/a,"For metrics, refresh"
best ads plugin for wordpress,best ads plugin for wordpress​,n/a,n/a,0,0,,n/a,n/a,n/a,6.23,0.51,n/a,n/a,"For metrics, refresh"
best adsens plugin for wordpress free,best adsens plugin for wordpress free​,n/a,n/a,0,0,,n/a,n/a,n/a,0.00,0.00,n/a,n/a,"For metrics, refresh"
best adsense plugin for wordpress 2014,best adsense plugin for wordpress 2014​,n/a,n/a,0,0,,n/a,n/a,n/a,0.00,0.00,n/a,n/a,"For metrics, refresh"
best adsense plugin for wordpress 2015,best adsense plugin for wordpress 2015​,n/a,n/a,0,0,,n/a,n/a,n/a,0.00,0.00,n/a,n/a,"For metrics, refresh"
best adsense plugin for wordpress 2016,best adsense plugin for wordpress 2016​,n/a,n/a,0,0,,n/a,n/a,n/a,0.00,0.00,n/a,n/a,"For metrics, refresh"
best adsense plugin for wordpress 2017,best adsense plugin for wordpress 2017​,n/a,n/a,0,0,,n/a,n/a,n/a,0.00,0.00,n/a,n/a,"For metrics, refresh"
best adsense plugin for wordpress 2018,best adsense plugin for wordpress 2018​,n/a,n/a,0,0,,n/a,n/a,n/a,0.00,0.00,n/a,n/a,"For metrics, refresh"
best adsense plugin for wordpress 2019,best adsense plugin for wordpress 2019​,n/a,n/a,0,0,,n/a,n/a,n/a,0.00,0.00,n/a,n/a,"For metrics, refresh"
best adsense plugin for wordpress 2020,best adsense plugin for wordpress 2020​,n/a,n/a,0,0,,n/a,n/a,n/a,0.00,0.00,n/a,n/a,"For metrics, refresh"
best adsense plugin for wordpress wpbeginner,best adsense plugin for wordpress wpbeginner​,n/a,n/a,0,0,,n/a,n/a,n/a,0.00,0.00,n/a,n/a,"For metrics, refresh"
best adsense plugins for wordpress,best adsense plugins for wordpress​,n/a,n/a,0,0,,n/a,n/a,n/a,0.00,0.07,n/a,n/a,"For metrics, refresh"
best advanced editor plugin for wordpress,best advanced editor plugin for wordpress​,n/a,n/a,0,0,,n/a,n/a,n/a,0.00,0.00,n/a,n/a,"For metrics, refresh"
best advanced search plugins for wordpress,best advanced search plugins for wordpress​,n/a,n/a,0,0,,n/a,n/a,n/a,0.00,0.00,n/a,n/a,"For metrics, refresh"
best advertising plugin for wordpress,best advertising plugin for wordpress​,n/a,n/a,0,0,,n/a,n/a,n/a,6.23,0.51,n/a,n/a,"For metrics, refresh"
best advertising plugins for monetizing wordpress,best advertising plugins for monetizing wordpress​,n/a,n/a,0,0,,n/a,n/a,n/a,0.00,0.00,n/a,n/a,"For metrics, refresh"
best advertising plugins for monitizing wordpress,best advertising plugins for monitizing wordpress​,n/a,n/a,0,0,,n/a,n/a,n/a,0.00,0.00,n/a,n/a,"For metrics, refresh"
best affiliate disclosure plugin for wordpress,best affiliate disclosure plugin for wordpress​,n/a,n/a,0,0,,n/a,n/a,n/a,0.00,0.00,n/a,n/a,"For metrics, refresh"
best affiliate marketing plugin for wordpress free,best affiliate marketing plugin for wordpress free​,n/a,n/a,0,0,,n/a,n/a,n/a,0.00,0.00,n/a,n/a,"For metrics, refresh"
best affiliate plugin for wordpress 2019,best affiliate plugin for wordpress 2019​,n/a,n/a,0,0,,n/a,n/a,n/a,0.00,0.00,n/a,n/a,"For metrics, refresh"
best affiliate plugin for wordpress woocommerce,best affiliate plugin for wordpress woocommerce​,n/a,n/a,0,0,,n/a,n/a,n/a,0.00,0.00,n/a,n/a,"For metrics, refresh"
best affiliate product garb plugin for wordpress,best affiliate product garb plugin for wordpress​,n/a,n/a,0,0,,n/a,n/a,n/a,0.00,0.00,n/a,n/a,"For metrics, refresh"
best affiliate products plugin for wordpress,best affiliate products plugin for wordpress​,n/a,n/a,0,0,,n/a,n/a,n/a,0.00,0.00,n/a,n/a,"For metrics, refresh"
best afiliate plugin for wordpress,best afiliate plugin for wordpress​,n/a,n/a,0,0,,n/a,n/a,n/a,0.00,0.00,n/a,n/a,"For metrics, refresh"
best age gate plugin for wordpress,best age gate plugin for wordpress​,n/a,n/a,0,0,,n/a,n/a,n/a,0.00,0.00,n/a,n/a,"For metrics, refresh"
best ai chatbot plugins for wordpress,best ai chatbot plugins for wordpress​,n/a,n/a,0,0,,n/a,n/a,n/a,0.00,0.00,n/a,n/a,"For metrics, refresh"
best ai chatbot plugins for wordpress 2025,best ai chatbot plugins for wordpress 2025​,n/a,n/a,0,0,,n/a,n/a,n/a,0.00,0.00,n/a,n/a,"For metrics, refresh"
best ai for building wordpress plugins,best ai for building wordpress plugins​,n/a,n/a,0,0,,n/a,n/a,n/a,0.00,0.00,n/a,n/a,"For metrics, refresh"
best ai for custom wordpress development and plugin development,best ai for custom wordpress development and plugin development​,n/a,n/a,0,0,,n/a,n/a,n/a,0.00,0.00,n/a,n/a,"For metrics, refresh"
best ai for wordpress plugin development 2024,best ai for wordpress plugin development 2024​,n/a,n/a,0,0,,n/a,n/a,n/a,0.00,0.00,n/a,n/a,"For metrics, refresh"
best ai for wordpress plugin development 2025,best ai for wordpress plugin development 2025​,n/a,n/a,0,0,,n/a,n/a,n/a,0.00,0.00,n/a,n/a,"For metrics, refresh"
best ai for wordpress plugin development claude vs gpt,best ai for wordpress plugin development claude vs gpt​,n/a,n/a,0,0,,n/a,n/a,n/a,0.00,0.00,n/a,n/a,"For metrics, refresh"
best ai for wordpress plugin theme development,best ai for wordpress plugin theme development​,n/a,n/a,0,0,,n/a,n/a,n/a,0.00,0.00,n/a,n/a,"For metrics, refresh"
best ai image plugin for wordpress,best ai image plugin for wordpress​,n/a,n/a,0,0,,n/a,n/a,n/a,0.00,0.00,n/a,n/a,"For metrics, refresh"
best ai model for coding wordpress plugins themes,best ai model for coding wordpress plugins themes​,n/a,n/a,0,0,,n/a,n/a,n/a,0.00,0.00,n/a,n/a,"For metrics, refresh"
best ai model for coding wordpress plugins themes php,best ai model for coding wordpress plugins themes php​,n/a,n/a,0,0,,n/a,n/a,n/a,0.00,0.00,n/a,n/a,"For metrics, refresh"
best ai model for wordpress plugin development,best ai model for wordpress plugin development​,n/a,n/a,0,0,,n/a,n/a,n/a,0.00,0.00,n/a,n/a,"For metrics, refresh"
best ai plugin for wordpress 2025,best ai plugin for wordpress 2025​,n/a,n/a,0,0,,n/a,n/a,n/a,0.00,0.00,n/a,n/a,"For metrics, refresh"
best ai plugins for wordpress 2025,best ai plugins for wordpress 2025​,n/a,n/a,0,0,,n/a,n/a,n/a,0.00,0.00,n/a,n/a,"For metrics, refresh"
best ai plugins for wordpress 2026,best ai plugins for wordpress 2026​,n/a,n/a,0,0,,n/a,n/a,n/a,0.00,0.00,n/a,n/a,"For metrics, refresh"
best ai seo plugins for wordpress,best ai seo plugins for wordpress​,n/a,n/a,0,0,,n/a,n/a,n/a,0.00,0.00,n/a,n/a,"For metrics, refresh"
best ai writing plugin for wordpress 2025,best ai writing plugin for wordpress 2025​,n/a,n/a,0,0,,n/a,n/a,n/a,0.00,0.00,n/a,n/a,"For metrics, refresh"
best ai writing plugins for wordpress,best ai writing plugins for wordpress​,n/a,n/a,0,0,,n/a,n/a,n/a,0.00,0.00,n/a,n/a,"For metrics, refresh"
best algolia wordpress integration plugin for ecommerce 2025,best algolia wordpress integration plugin for ecommerce 2025​,n/a,n/a,0,0,,n/a,n/a,n/a,0.00,0.00,n/a,n/a,"For metrics, refresh"
best algolia wordpress integration plugin for ecommerce sites,best algolia wordpress integration plugin for ecommerce sites​,n/a,n/a,0,0,,n/a,n/a,n/a,0.00,0.00,n/a,n/a,"For metrics, refresh"
best algolia wordpress plugin for site search,best algolia wordpress plugin for site search​,n/a,n/a,0,0,,n/a,n/a,n/a,0.00,0.00,n/a,n/a,"For metrics, refresh"
best all-in-one plugin for managing wordpress projects,best all-in-one plugin for managing wordpress projects​,n/a,n/a,0,0,,n/a,n/a,n/a,0.00,0.00,n/a,n/a,"For metrics, refresh"
best allinone plugin for managing wordpress projects,best allinone plugin for managing wordpress projects​,n/a,n/a,0,0,,n/a,n/a,n/a,0.00,0.00,n/a,n/a,"For metrics, refresh"
best alumni plugin for wordpress,best alumni plugin for wordpress​,n/a,n/a,0,0,,n/a,n/a,n/a,0.00,0.00,n/a,n/a,"For metrics, refresh"
best amazon adsense plugin for wordpress,best amazon adsense plugin for wordpress​,n/a,n/a,0,0,,n/a,n/a,n/a,0.00,0.00,n/a,n/a,"For metrics, refresh"
best amazon affiliate links plugins for wordpress,best amazon affiliate links plugins for wordpress​,n/a,n/a,0,0,,n/a,n/a,n/a,0.00,0.00,n/a,n/a,"For metrics, refresh"
best amazon affiliate plugin to use for wordpress,best amazon affiliate plugin to use for wordpress​,n/a,n/a,0,0,,n/a,n/a,n/a,0.00,0.00,n/a,n/a,"For metrics, refresh"
best amazon affiliate plugins for wordpress,best amazon affiliate plugins for wordpress​,n/a,n/a,0,0,,n/a,n/a,n/a,1.99,0.55,n/a,n/a,"For metrics, refresh"
best amazon plugin for wordpress 2014,best amazon plugin for wordpress 2014​,n/a,n/a,0,0,,n/a,n/a,n/a,0.00,0.00,n/a,n/a,"For metrics, refresh"
best amazon plugin for wordpress 2015,best amazon plugin for wordpress 2015​,n/a,n/a,0,0,,n/a,n/a,n/a,0.00,0.00,n/a,n/a,"For metrics, refresh"
best amazon plugin for wordpress 2016,best amazon plugin for wordpress 2016​,n/a,n/a,0,0,,n/a,n/a,n/a,0.00,0.00,n/a,n/a,"For metrics, refresh"
best amazon plugin for wordpress 2017,best amazon plugin for wordpress 2017​,n/a,n/a,0,0,,n/a,n/a,n/a,0.00,0.00,n/a,n/a,"For metrics, refresh"
best amazon plugins for wordpress,best amazon plugins for wordpress​,n/a,n/a,0,0,,n/a,n/a,n/a,0.00,0.21,n/a,n/a,"For metrics, refresh"
best amazon s3 plugin for wordpress,best amazon s3 plugin for wordpress​,n/a,n/a,0,0,,n/a,n/a,n/a,0.00,0.00,n/a,n/a,"For metrics, refresh"
best amp plugin 2017 for wordpress,best amp plugin 2017 for wordpress​,n/a,n/a,0,0,,n/a,n/a,n/a,0.00,0.00,n/a,n/a,"For metrics, refresh"
best amp plugin for wordpress 2018,best amp plugin for wordpress 2018​,n/a,n/a,0,0,,n/a,n/a,n/a,0.00,0.00,n/a,n/a,"For metrics, refresh"
best amp plugin for wordpress 2019,best amp plugin for wordpress 2019​,n/a,n/a,0,0,,n/a,n/a,n/a,0.00,0.00,n/a,n/a,"For metrics, refresh"
best amp plugin for wordpress 2019 works with yoast,best amp plugin for wordpress 2019 works with yoast​,n/a,n/a,0,0,,n/a,n/a,n/a,0.00,0.00,n/a,n/a,"For metrics, refresh"
best amp plugin for wordpress 2020,best amp plugin for wordpress 2020​,n/a,n/a,0,0,,n/a,n/a,n/a,0.00,0.00,n/a,n/a,"For metrics, refresh"
best amp plugin for wordpress 2021,best amp plugin for wordpress 2021​,n/a,n/a,0,0,,n/a,n/a,n/a,0.00,0.00,n/a,n/a,"For metrics, refresh"
best amp plugin for wordpress website,best amp plugin for wordpress website​,n/a,n/a,0,0,,n/a,n/a,n/a,0.00,0.00,n/a,n/a,"For metrics, refresh"
best analytics plugin for wordpress 2015,best analytics plugin for wordpress 2015​,n/a,n/a,0,0,,n/a,n/a,n/a,0.00,0.00,n/a,n/a,"For metrics, refresh"
best analytics plugin for wordpress 2016,best analytics plugin for wordpress 2016​,n/a,n/a,0,0,,n/a,n/a,n/a,0.00,0.00,n/a,n/a,"For metrics, refresh"
best analytics plugin for wordpress 2017,best analytics plugin for wordpress 2017​,n/a,n/a,0,0,,n/a,n/a,n/a,0.00,0.00,n/a,n/a,"For metrics, refresh"
best analytics plugin for wordpress 2018,best analytics plugin for wordpress 2018​,n/a,n/a,0,0,,n/a,n/a,n/a,0.00,0.00,n/a,n/a,"For metrics, refresh"
best analytics plugin for wordpress 2019,best analytics plugin for wordpress 2019​,n/a,n/a,0,0,,n/a,n/a,n/a,0.00,0.00,n/a,n/a,"For metrics, refresh"
best analytics plugin for wordpress 2020,best analytics plugin for wordpress 2020​,n/a,n/a,0,0,,n/a,n/a,n/a,0.00,0.00,n/a,n/a,"For metrics, refresh"
best analyzer plugin for speed on wordpress,best analyzer plugin for speed on wordpress​,n/a,n/a,0,0,,n/a,n/a,n/a,0.00,0.00,n/a,n/a,"For metrics, refresh"
best and easy contact form plugin for wordpress free,best and easy contact form plugin for wordpress free​,n/a,n/a,0,0,,n/a,n/a,n/a,0.00,0.00,n/a,n/a,"For metrics, refresh"
best animation plugin for wordpress,best animation plugin for wordpress​,n/a,n/a,0,0,,n/a,n/a,n/a,0.00,0.24,n/a,n/a,"For metrics, refresh"
best anti hack and malware plugin for wordpress,best anti hack and malware plugin for wordpress​,n/a,n/a,0,0,,n/a,n/a,n/a,0.00,0.00,n/a,n/a,"For metrics, refresh"
best anti spam comment plugin for wordpress,best anti spam comment plugin for wordpress​,n/a,n/a,0,0,,n/a,n/a,n/a,0.00,0.00,n/a,n/a,"For metrics, refresh"
best anti spam plugins for wordpress,best anti spam plugins for wordpress​,n/a,n/a,0,0,,n/a,n/a,n/a,0.72,0.06,n/a,n/a,"For metrics, refresh"
best anti-malware plugin for wordpress,best anti-malware plugin for wordpress​,n/a,n/a,0,0,,n/a,n/a,n/a,0.00,0.00,n/a,n/a,"For metrics, refresh"
best anti-spam plugins for wordpress,best anti-spam plugins for wordpress​,n/a,n/a,0,0,,n/a,n/a,n/a,2.28,0.61,n/a,n/a,"For metrics, refresh"
best antispam plugins for wordpress,best antispam plugins for wordpress​,n/a,n/a,0,0,,n/a,n/a,n/a,0.00,0.00,n/a,n/a,"For metrics, refresh"
best antivirus plugin for wordpress free,best antivirus plugin for wordpress free​,n/a,n/a,0,0,,n/a,n/a,n/a,0.00,0.00,n/a,n/a,"For metrics, refresh"
best app banner plugins for wordpress,best app banner plugins for wordpress​,n/a,n/a,0,0,,n/a,n/a,n/a,0.00,0.00,n/a,n/a,"For metrics, refresh"
best appointment and booking plugin for wordpress directory site,best appointment and booking plugin for wordpress directory site​,n/a,n/a,0,0,,n/a,n/a,n/a,0.00,0.00,n/a,n/a,"For metrics, refresh"
best appointment and booking plugin for wordpress listing site,best appointment and booking plugin for wordpress listing site​,n/a,n/a,0,0,,n/a,n/a,n/a,0.00,0.00,n/a,n/a,"For metrics, refresh"
best appointment booking plugin for wordpress,best appointment booking plugin for wordpress​,n/a,n/a,0,0,,n/a,n/a,n/a,0.00,0.00,n/a,n/a,"For metrics, refresh"
best appointment booking plugins for wordpress,best appointment booking plugins for wordpress​,n/a,n/a,0,0,,n/a,n/a,n/a,0.00,0.00,n/a,n/a,"For metrics, refresh"
best appointment plugins for wordpress,best appointment plugins for wordpress​,n/a,n/a,0,0,,n/a,n/a,n/a,0.00,0.00,n/a,n/a,"For metrics, refresh"
best appointment scheduling plugin for wordpress sync with outlook,best appointment scheduling plugin for wordpress sync with outlook​,n/a,n/a,0,0,,n/a,n/a,n/a,0.00,0.00,n/a,n/a,"For metrics, refresh"
best appointment scheduling plugin for wordpress with outlook integration,best appointment scheduling plugin for wordpress with outlook integration​,n/a,n/a,0,0,,n/a,n/a,n/a,0.00,0.00,n/a,n/a,"For metrics, refresh"
best appointment setting plugin for wordpress 2017,best appointment setting plugin for wordpress 2017​,n/a,n/a,0,0,,n/a,n/a,n/a,0.00,0.00,n/a,n/a,"For metrics, refresh"
best ar plugin for wordpress,best ar plugin for wordpress​,n/a,n/a,0,0,,n/a,n/a,n/a,0.00,0.00,n/a,n/a,"For metrics, refresh"
best article plugin for wordpress,best article plugin for wordpress​,n/a,n/a,0,0,,n/a,n/a,n/a,0.00,0.00,n/a,n/a,"For metrics, refresh"
best article writing plugin for wordpress,best article writing plugin for wordpress​,n/a,n/a,0,0,,n/a,n/a,n/a,0.00,0.00,n/a,n/a,"For metrics, refresh"
best artist plugins for wordpress,best artist plugins for wordpress​,n/a,n/a,0,0,,n/a,n/a,n/a,0.00,0.00,n/a,n/a,"For metrics, refresh"
best auction plugin for wordpress,best auction plugin for wordpress​,n/a,n/a,0,0,,n/a,n/a,n/a,3.42,0.67,n/a,n/a,"For metrics, refresh"
best auction site plugin for wordpress,best auction site plugin for wordpress​,n/a,n/a,0,0,,n/a,n/a,n/a,0.00,0.00,n/a,n/a,"For metrics, refresh"
best auction website plugin for wordpress,best auction website plugin for wordpress​,n/a,n/a,0,0,,n/a,n/a,n/a,0.00,0.00,n/a,n/a,"For metrics, refresh"
best audio player plugins for wordpress,best audio player plugins for wordpress​,n/a,n/a,0,0,,n/a,n/a,n/a,0.00,0.00,n/a,n/a,"For metrics, refresh"
best audio plugin for wordpress 2018,best audio plugin for wordpress 2018​,n/a,n/a,0,0,,n/a,n/a,n/a,0.00,0.00,n/a,n/a,"For metrics, refresh"
best audio plugins for wordpress,best audio plugins for wordpress​,n/a,n/a,0,0,,n/a,n/a,n/a,0.00,0.00,n/a,n/a,"For metrics, refresh"
best audit plugin for wordpress,best audit plugin for wordpress​,n/a,n/a,0,0,,n/a,n/a,n/a,0.00,0.00,n/a,n/a,"For metrics, refresh"
best authentication plugin for wordpress,best authentication plugin for wordpress​,n/a,n/a,0,0,,n/a,n/a,n/a,0.00,0.00,n/a,n/a,"For metrics, refresh"
best author pro plugin for wordpress,best author pro plugin for wordpress​,n/a,n/a,0,0,,n/a,n/a,n/a,0.00,0.00,n/a,n/a,"For metrics, refresh"
best auto newsletter plugin for wordpress,best auto newsletter plugin for wordpress​,n/a,n/a,0,0,,n/a,n/a,n/a,0.00,0.00,n/a,n/a,"For metrics, refresh"
best auto post plugin for wordpress,best auto post plugin for wordpress​,n/a,n/a,0,0,,n/a,n/a,n/a,0.00,0.00,n/a,n/a,"For metrics, refresh"
best auto poster plugin for wordpress,best auto poster plugin for wordpress​,n/a,n/a,0,0,,n/a,n/a,n/a,0.00,0.00,n/a,n/a,"For metrics, refresh"
best auto save plugin for wordpress,best auto save plugin for wordpress​,n/a,n/a,0,0,,n/a,n/a,n/a,0.00,0.00,n/a,n/a,"For metrics, refresh"
best autoblogging plugins for wordpress,best autoblogging plugins for wordpress​,n/a,n/a,0,0,,n/a,n/a,n/a,0.00,0.39,n/a,n/a,"For metrics, refresh"
best automated backup plugin for wordpress,best automated backup plugin for wordpress​,n/a,n/a,0,0,,n/a,n/a,n/a,0.00,0.00,n/a,n/a,"For metrics, refresh"
best automatic backup plugin for wordpress,best automatic backup plugin for wordpress​,n/a,n/a,0,0,,n/a,n/a,n/a,0.00,0.00,n/a,n/a,"For metrics, refresh"
best automatic seo plugin for wordpress,best automatic seo plugin for wordpress​,n/a,n/a,0,0,,n/a,n/a,n/a,0.00,0.00,n/a,n/a,"For metrics, refresh"
best automatic translation plugin for wordpress,best automatic translation plugin for wordpress​,n/a,n/a,0,0,,n/a,n/a,n/a,0.00,0.00,n/a,n/a,"For metrics, refresh"
best autoresponder plugin for wordpress,best autoresponder plugin for wordpress​,n/a,n/a,0,0,,n/a,n/a,n/a,0.00,0.00,n/a,n/a,"For metrics, refresh"
best autosave plugin for wordpress,best autosave plugin for wordpress​,n/a,n/a,0,0,,n/a,n/a,n/a,0.00,0.00,n/a,n/a,"For metrics, refresh"
best avatar plugin for wordpress,best avatar plugin for wordpress​,n/a,n/a,0,0,,n/a,n/a,n/a,0.00,0.00,n/a,n/a,"For metrics, refresh"
best aweber plugin for wordpress,best aweber plugin for wordpress​,n/a,n/a,0,0,,n/a,n/a,n/a,0.00,0.00,n/a,n/a,"For metrics, refresh"
best b2b plugin for wordpress,best b2b plugin for wordpress​,n/a,n/a,0,0,,n/a,n/a,n/a,0.00,0.00,n/a,n/a,"For metrics, refresh"
best background image plugin for wordpress,best background image plugin for wordpress​,n/a,n/a,0,0,,n/a,n/a,n/a,0.00,0.00,n/a,n/a,"For metrics, refresh"
best background music plugin for wordpress,best background music plugin for wordpress​,n/a,n/a,0,0,,n/a,n/a,n/a,0.00,0.00,n/a,n/a,"For metrics, refresh"
best backlinks plugin for wordpress,best backlinks plugin for wordpress​,n/a,n/a,0,0,,n/a,n/a,n/a,0.00,0.00,n/a,n/a,"For metrics, refresh"
best backup plugin for wordpress 2018,best backup plugin for wordpress 2018​,n/a,n/a,0,0,,n/a,n/a,n/a,0.00,0.00,n/a,n/a,"For metrics, refresh"
best backup plugin for wordpress 2020,best backup plugin for wordpress 2020​,n/a,n/a,0,0,,n/a,n/a,n/a,0.00,0.00,n/a,n/a,"For metrics, refresh"
best backup plugin for wordpress bluehost,best backup plugin for wordpress bluehost​,n/a,n/a,0,0,,n/a,n/a,n/a,0.00,0.00,n/a,n/a,"For metrics, refresh"
best backup plugin for wordpress free,best backup plugin for wordpress free​,n/a,n/a,0,0,,n/a,n/a,n/a,1.56,0.14,n/a,n/a,"For metrics, refresh"
best backup plugin for wordpress multisite,best backup plugin for wordpress multisite​,n/a,n/a,0,0,,n/a,n/a,n/a,0.00,0.00,n/a,n/a,"For metrics, refresh"
best backup plugin for wordpress site,best backup plugin for wordpress site​,n/a,n/a,0,0,,n/a,n/a,n/a,0.00,0.00,n/a,n/a,"For metrics, refresh"
best backup plugin for your website on wordpress,best backup plugin for your website on wordpress​,n/a,n/a,0,0,,n/a,n/a,n/a,0.00,0.00,n/a,n/a,"For metrics, refresh"
best band ecommerce plugin for wordpress,best band ecommerce plugin for wordpress​,n/a,n/a,0,0,,n/a,n/a,n/a,0.00,0.00,n/a,n/a,"For metrics, refresh"
best banner ad inserter plugin for wordpress,best banner ad inserter plugin for wordpress​,n/a,n/a,0,0,,n/a,n/a,n/a,0.00,0.00,n/a,n/a,"For metrics, refresh"
best banner ad plugins for wordpress,best banner ad plugins for wordpress​,n/a,n/a,0,0,,n/a,n/a,n/a,0.00,0.00,n/a,n/a,"For metrics, refresh"