Select all keywords,Keyword,Intent,Relevance,Related %,Volume,Trend,Pot. Traffic,PKD %,KD %,CPC (USD),Com.,SERP Features,Results,Updated
best web hosting for wordpress,best web hosting for wordpress​,C,n/a,0,880,,n/a,n/a,56,1.74,0.43,+3,61.6M,1 month
best hosting for ecommerce,best hosting for ecommerce​,C,n/a,0,140,,n/a,n/a,36,2.19,0.08,+2,188,1 month
best web hosting for small business,best web hosting for small business​,C,n/a,0,140,,n/a,n/a,57,1.20,0.26,,181,1 month
best email hosting for small business,best email hosting for small business​,C,n/a,0,110,,n/a,n/a,49,0.91,0.99,,120,1 month
best hosting provider for wordpress,best hosting provider for wordpress​,C,n/a,0,110,,n/a,n/a,63,1.60,0.68,+2,121M,1 month
best web hosting provider for wordpress,best web hosting provider for wordpress​,C,n/a,0,110,,n/a,n/a,59,1.60,0.68,+4,129M,1 month
best host plant for sandalwood,best host plant for sandalwood​,n/a,n/a,0,90,,n/a,n/a,n/a,0.00,0.01,n/a,n/a,"For metrics, refresh"
best web hosting for ecommerce website,best web hosting for ecommerce website​,n/a,n/a,0,70,,n/a,n/a,n/a,0.86,0.08,n/a,n/a,"For metrics, refresh"
best website hosting for small business,best website hosting for small business​,n/a,n/a,0,70,,n/a,n/a,n/a,0.64,0.53,n/a,n/a,"For metrics, refresh"
best hosting company for ecommerce website,best hosting company for ecommerce website​,n/a,n/a,0,40,,n/a,n/a,n/a,0.86,0.08,n/a,n/a,"For metrics, refresh"
best hosting for multiple websites,best hosting for multiple websites​,n/a,n/a,0,40,,n/a,n/a,n/a,0.61,1.00,n/a,n/a,"For metrics, refresh"
best hosting platform for website,best hosting platform for website​,n/a,n/a,0,40,,n/a,n/a,n/a,0.97,0.84,n/a,n/a,"For metrics, refresh"
best web hosting for wordpress australia,best web hosting for wordpress australia​,n/a,n/a,0,40,,n/a,n/a,n/a,0.00,1.00,n/a,n/a,"For metrics, refresh"
best web hosting sites for nonprofits,best web hosting sites for nonprofits​,n/a,n/a,0,40,,n/a,n/a,n/a,0.00,0.33,n/a,n/a,"For metrics, refresh"
best affiliate programs for hosting,best affiliate programs for hosting​,n/a,n/a,0,30,,n/a,n/a,n/a,0.65,0.66,n/a,n/a,"For metrics, refresh"
best and cheapest hosting for wordpress,best and cheapest hosting for wordpress​,n/a,n/a,0,30,,n/a,n/a,n/a,0.00,0.00,n/a,n/a,"For metrics, refresh"
best cheap web hosting for wordpress,best cheap web hosting for wordpress​,n/a,n/a,0,30,,n/a,n/a,n/a,1.13,0.61,n/a,n/a,"For metrics, refresh"
best dedicated server hosting for games,best dedicated server hosting for games​,n/a,n/a,0,30,,n/a,n/a,n/a,0.00,0.33,n/a,n/a,"For metrics, refresh"
best free email hosting for small business,best free email hosting for small business​,n/a,n/a,0,30,,n/a,n/a,n/a,0.00,0.86,n/a,n/a,"For metrics, refresh"
best hosting for android app,best hosting for android app​,n/a,n/a,0,30,,n/a,n/a,n/a,0.00,0.54,n/a,n/a,"For metrics, refresh"
best hosting for asp net core,best hosting for asp net core​,n/a,n/a,0,30,,n/a,n/a,n/a,0.00,0.89,n/a,n/a,"For metrics, refresh"
best hosting for web designers,best hosting for web designers​,n/a,n/a,0,30,,n/a,n/a,n/a,0.00,0.00,n/a,n/a,"For metrics, refresh"
best hosting for wordpress ecommerce,best hosting for wordpress ecommerce​,n/a,n/a,0,30,,n/a,n/a,n/a,0.57,0.93,n/a,n/a,"For metrics, refresh"
best hosting platform for ecommerce,best hosting platform for ecommerce​,n/a,n/a,0,30,,n/a,n/a,n/a,0.00,0.90,n/a,n/a,"For metrics, refresh"
best hosting platform for wordpress,best hosting platform for wordpress​,n/a,n/a,0,30,,n/a,n/a,n/a,1.14,0.58,n/a,n/a,"For metrics, refresh"
best hosting server for wordpress,best hosting server for wordpress​,n/a,n/a,0,30,,n/a,n/a,n/a,0.00,0.79,n/a,n/a,"For metrics, refresh"
best hosting service for small business,best hosting service for small business​,n/a,n/a,0,30,,n/a,n/a,n/a,0.00,0.00,n/a,n/a,"For metrics, refresh"
best server os for web hosting,best server os for web hosting​,n/a,n/a,0,30,,n/a,n/a,n/a,0.00,0.07,n/a,n/a,"For metrics, refresh"
best way to host images for website,best way to host images for website​,n/a,n/a,0,30,,n/a,n/a,n/a,0.00,0.14,n/a,n/a,"For metrics, refresh"
best web hosting for multiple websites,best web hosting for multiple websites​,n/a,n/a,0,30,,n/a,n/a,n/a,0.61,1.00,n/a,n/a,"For metrics, refresh"
best web hosting for photographers,best web hosting for photographers​,n/a,n/a,0,30,,n/a,n/a,n/a,0.00,0.05,n/a,n/a,"For metrics, refresh"
best web hosting for small business uk,best web hosting for small business uk​,n/a,n/a,0,30,,n/a,n/a,n/a,0.00,1.00,n/a,n/a,"For metrics, refresh"
best web hosting for students,best web hosting for students​,n/a,n/a,0,30,,n/a,n/a,n/a,0.00,0.86,n/a,n/a,"For metrics, refresh"
best web hosting service for small business,best web hosting service for small business​,n/a,n/a,0,30,,n/a,n/a,n/a,1.72,0.68,n/a,n/a,"For metrics, refresh"
best website and email hosting for small business,best website and email hosting for small business​,n/a,n/a,0,30,,n/a,n/a,n/a,0.00,1.00,n/a,n/a,"For metrics, refresh"
best wordpress hosting for beginners,best wordpress hosting for beginners​,n/a,n/a,0,30,,n/a,n/a,n/a,0.00,0.00,n/a,n/a,"For metrics, refresh"
what is the best web hosting service for small business,what is the best web hosting service for small business​,n/a,n/a,0,30,,n/a,n/a,n/a,0.00,0.86,n/a,n/a,"For metrics, refresh"
best cheap hosting for wordpress,best cheap hosting for wordpress​,n/a,n/a,0,20,,n/a,n/a,n/a,1.13,0.61,n/a,n/a,"For metrics, refresh"
best cloud hosting for ecommerce,best cloud hosting for ecommerce​,n/a,n/a,0,20,,n/a,n/a,n/a,0.00,0.32,n/a,n/a,"For metrics, refresh"
best cloud hosting for saas,best cloud hosting for saas​,n/a,n/a,0,20,,n/a,n/a,n/a,0.00,0.33,n/a,n/a,"For metrics, refresh"
best cloud hosting for websites,best cloud hosting for websites​,n/a,n/a,0,20,,n/a,n/a,n/a,0.00,1.00,n/a,n/a,"For metrics, refresh"
best cloud hosting for wordpress,best cloud hosting for wordpress​,n/a,n/a,0,20,,n/a,n/a,n/a,1.14,0.46,n/a,n/a,"For metrics, refresh"
best cloud server hosting for small business,best cloud server hosting for small business​,n/a,n/a,0,20,,n/a,n/a,n/a,0.00,0.86,n/a,n/a,"For metrics, refresh"
best cpu for server hosting,best cpu for server hosting​,n/a,n/a,0,20,,n/a,n/a,n/a,0.00,0.59,n/a,n/a,"For metrics, refresh"
best domain hosting for small business,best domain hosting for small business​,n/a,n/a,0,20,,n/a,n/a,n/a,1.07,0.73,n/a,n/a,"For metrics, refresh"
best ecommerce hosting for small business,best ecommerce hosting for small business​,n/a,n/a,0,20,,n/a,n/a,n/a,0.66,0.84,n/a,n/a,"For metrics, refresh"
best email hosting for small business in india,best email hosting for small business in india​,n/a,n/a,0,20,,n/a,n/a,n/a,0.64,0.50,n/a,n/a,"For metrics, refresh"
best email hosting service for small business,best email hosting service for small business​,n/a,n/a,0,20,,n/a,n/a,n/a,1.16,0.66,n/a,n/a,"For metrics, refresh"
best free hosting and domain for wordpress,best free hosting and domain for wordpress​,n/a,n/a,0,20,,n/a,n/a,n/a,0.00,0.57,n/a,n/a,"For metrics, refresh"
best free hosting for wordpress,best free hosting for wordpress​,n/a,n/a,0,20,,n/a,n/a,n/a,0.59,0.44,n/a,n/a,"For metrics, refresh"
best free hosting sites for wordpress,best free hosting sites for wordpress​,n/a,n/a,0,20,,n/a,n/a,n/a,0.00,0.57,n/a,n/a,"For metrics, refresh"
best free web hosting for ecommerce,best free web hosting for ecommerce​,n/a,n/a,0,20,,n/a,n/a,n/a,0.00,0.43,n/a,n/a,"For metrics, refresh"
best free web hosting for small business,best free web hosting for small business​,n/a,n/a,0,20,,n/a,n/a,n/a,0.00,0.19,n/a,n/a,"For metrics, refresh"
best free web hosting for wordpress,best free web hosting for wordpress​,n/a,n/a,0,20,,n/a,n/a,n/a,0.00,0.00,n/a,n/a,"For metrics, refresh"
best free web hosting sites for small business,best free web hosting sites for small business​,n/a,n/a,0,20,,n/a,n/a,n/a,0.00,0.19,n/a,n/a,"For metrics, refresh"
best free website hosting for small business,best free website hosting for small business​,n/a,n/a,0,20,,n/a,n/a,n/a,0.00,0.19,n/a,n/a,"For metrics, refresh"
best gifts for party hosts,best gifts for party hosts​,n/a,n/a,0,20,,n/a,n/a,n/a,0.00,1.00,n/a,n/a,"For metrics, refresh"
best godaddy hosting plan for wordpress,best godaddy hosting plan for wordpress​,n/a,n/a,0,20,,n/a,n/a,n/a,0.00,0.33,n/a,n/a,"For metrics, refresh"
best host for wordpress reddit,best host for wordpress reddit​,n/a,n/a,0,20,,n/a,n/a,n/a,1.20,0.08,n/a,n/a,"For metrics, refresh"
best host for wordpress site,best host for wordpress site​,n/a,n/a,0,20,,n/a,n/a,n/a,1.49,0.64,n/a,n/a,"For metrics, refresh"
best host plant for sandalwood in india,best host plant for sandalwood in india​,n/a,n/a,0,20,,n/a,n/a,n/a,0.00,0.02,n/a,n/a,"For metrics, refresh"
best host tree for sandalwood in india,best host tree for sandalwood in india​,n/a,n/a,0,20,,n/a,n/a,n/a,0.00,0.07,n/a,n/a,"For metrics, refresh"
best hosting for affiliate marketing,best hosting for affiliate marketing​,n/a,n/a,0,20,,n/a,n/a,n/a,0.00,0.29,n/a,n/a,"For metrics, refresh"
best hosting for beginners,best hosting for beginners​,n/a,n/a,0,20,,n/a,n/a,n/a,0.78,0.06,n/a,n/a,"For metrics, refresh"
best hosting for ecommerce website,best hosting for ecommerce website​,n/a,n/a,0,20,,n/a,n/a,n/a,1.12,0.80,n/a,n/a,"For metrics, refresh"
best hosting for free,best hosting for free​,n/a,n/a,0,20,,n/a,n/a,n/a,0.00,0.29,n/a,n/a,"For metrics, refresh"
best hosting for high traffic,best hosting for high traffic​,n/a,n/a,0,20,,n/a,n/a,n/a,0.00,0.00,n/a,n/a,"For metrics, refresh"
best hosting for high traffic websites,best hosting for high traffic websites​,n/a,n/a,0,20,,n/a,n/a,n/a,0.92,0.52,n/a,n/a,"For metrics, refresh"
best hosting for indian websites,best hosting for indian websites​,n/a,n/a,0,20,,n/a,n/a,n/a,0.00,0.00,n/a,n/a,"For metrics, refresh"
best hosting for java web application,best hosting for java web application​,n/a,n/a,0,20,,n/a,n/a,n/a,0.00,1.00,n/a,n/a,"For metrics, refresh"
best hosting for large wordpress site,best hosting for large wordpress site​,n/a,n/a,0,20,,n/a,n/a,n/a,0.00,0.00,n/a,n/a,"For metrics, refresh"
best hosting for lms,best hosting for lms​,n/a,n/a,0,20,,n/a,n/a,n/a,0.00,0.43,n/a,n/a,"For metrics, refresh"
best hosting for magento 2,best hosting for magento 2​,n/a,n/a,0,20,,n/a,n/a,n/a,1.25,0.46,n/a,n/a,"For metrics, refresh"
best hosting for mobile apps,best hosting for mobile apps​,n/a,n/a,0,20,,n/a,n/a,n/a,0.00,0.79,n/a,n/a,"For metrics, refresh"
best hosting for movie site,best hosting for movie site​,n/a,n/a,0,20,,n/a,n/a,n/a,0.00,0.86,n/a,n/a,"For metrics, refresh"
best hosting for multiple domains,best hosting for multiple domains​,n/a,n/a,0,20,,n/a,n/a,n/a,0.00,0.93,n/a,n/a,"For metrics, refresh"
best hosting for news website,best hosting for news website​,n/a,n/a,0,20,,n/a,n/a,n/a,0.64,0.95,n/a,n/a,"For metrics, refresh"
best hosting for node js and mongodb,best hosting for node js and mongodb​,n/a,n/a,0,20,,n/a,n/a,n/a,0.67,0.71,n/a,n/a,"For metrics, refresh"
best hosting for online store,best hosting for online store​,n/a,n/a,0,20,,n/a,n/a,n/a,0.00,0.11,n/a,n/a,"For metrics, refresh"
best hosting for photographers,best hosting for photographers​,n/a,n/a,0,20,,n/a,n/a,n/a,0.00,0.05,n/a,n/a,"For metrics, refresh"
best hosting for php website,best hosting for php website​,n/a,n/a,0,20,,n/a,n/a,n/a,0.00,0.00,n/a,n/a,"For metrics, refresh"
best hosting for saas,best hosting for saas​,n/a,n/a,0,20,,n/a,n/a,n/a,0.69,0.63,n/a,n/a,"For metrics, refresh"
best hosting for seo,best hosting for seo​,n/a,n/a,0,20,,n/a,n/a,n/a,1.10,0.16,n/a,n/a,"For metrics, refresh"
best hosting for small business,best hosting for small business​,n/a,n/a,0,20,,n/a,n/a,n/a,0.96,0.33,n/a,n/a,"For metrics, refresh"
best hosting for social networking website,best hosting for social networking website​,n/a,n/a,0,20,,n/a,n/a,n/a,0.00,0.00,n/a,n/a,"For metrics, refresh"
best hosting for static sites,best hosting for static sites​,n/a,n/a,0,20,,n/a,n/a,n/a,0.00,0.51,n/a,n/a,"For metrics, refresh"
best hosting for streaming video,best hosting for streaming video​,n/a,n/a,0,20,,n/a,n/a,n/a,0.00,0.00,n/a,n/a,"For metrics, refresh"
best hosting for usa,best hosting for usa​,n/a,n/a,0,20,,n/a,n/a,n/a,1.64,0.89,n/a,n/a,"For metrics, refresh"
best hosting for video streaming,best hosting for video streaming​,n/a,n/a,0,20,,n/a,n/a,n/a,0.00,0.93,n/a,n/a,"For metrics, refresh"
best hosting for woocommerce reddit,best hosting for woocommerce reddit​,n/a,n/a,0,20,,n/a,n/a,n/a,0.00,0.43,n/a,n/a,"For metrics, refresh"
best hosting for wordpress blog,best hosting for wordpress blog​,n/a,n/a,0,20,,n/a,n/a,n/a,0.00,0.00,n/a,n/a,"For metrics, refresh"
best hosting for wordpress org,best hosting for wordpress org​,n/a,n/a,0,20,,n/a,n/a,n/a,0.00,0.00,n/a,n/a,"For metrics, refresh"
best hosting for wordpress woocommerce,best hosting for wordpress woocommerce​,n/a,n/a,0,20,,n/a,n/a,n/a,1.81,0.38,n/a,n/a,"For metrics, refresh"
best hosting in india for wordpress,best hosting in india for wordpress​,n/a,n/a,0,20,,n/a,n/a,n/a,0.92,0.79,n/a,n/a,"For metrics, refresh"
best hosting plan for ecommerce website,best hosting plan for ecommerce website​,n/a,n/a,0,20,,n/a,n/a,n/a,0.88,0.84,n/a,n/a,"For metrics, refresh"
best hosting plan for website,best hosting plan for website​,n/a,n/a,0,20,,n/a,n/a,n/a,0.99,0.88,n/a,n/a,"For metrics, refresh"
best hosting plan for wordpress,best hosting plan for wordpress​,n/a,n/a,0,20,,n/a,n/a,n/a,1.33,0.94,n/a,n/a,"For metrics, refresh"
best hosting plans for multiple websites,best hosting plans for multiple websites​,n/a,n/a,0,20,,n/a,n/a,n/a,0.00,0.00,n/a,n/a,"For metrics, refresh"
best hosting provider for ecommerce,best hosting provider for ecommerce​,n/a,n/a,0,20,,n/a,n/a,n/a,0.00,0.91,n/a,n/a,"For metrics, refresh"
best hosting provider for wordpress in india,best hosting provider for wordpress in india​,n/a,n/a,0,20,,n/a,n/a,n/a,0.00,0.86,n/a,n/a,"For metrics, refresh"
best hosting service for ecommerce,best hosting service for ecommerce​,n/a,n/a,0,20,,n/a,n/a,n/a,0.92,0.59,n/a,n/a,"For metrics, refresh"
best hosting service for wordpress,best hosting service for wordpress​,n/a,n/a,0,20,,n/a,n/a,n/a,2.20,0.68,n/a,n/a,"For metrics, refresh"
best hosting sites for wordpress,best hosting sites for wordpress​,n/a,n/a,0,20,,n/a,n/a,n/a,1.49,0.64,n/a,n/a,"For metrics, refresh"
best linux distro for server hosting,best linux distro for server hosting​,n/a,n/a,0,20,,n/a,n/a,n/a,0.00,0.14,n/a,n/a,"For metrics, refresh"
best linux for server hosting,best linux for server hosting​,n/a,n/a,0,20,,n/a,n/a,n/a,1.09,0.47,n/a,n/a,"For metrics, refresh"
best linux for web hosting,best linux for web hosting​,n/a,n/a,0,20,,n/a,n/a,n/a,0.00,0.00,n/a,n/a,"For metrics, refresh"
best operating system for web hosting,best operating system for web hosting​,n/a,n/a,0,20,,n/a,n/a,n/a,0.00,0.00,n/a,n/a,"For metrics, refresh"
best os for server hosting,best os for server hosting​,n/a,n/a,0,20,,n/a,n/a,n/a,0.00,0.07,n/a,n/a,"For metrics, refresh"
best router for hosting server,best router for hosting server​,n/a,n/a,0,20,,n/a,n/a,n/a,0.00,0.74,n/a,n/a,"For metrics, refresh"
best server configuration for web hosting,best server configuration for web hosting​,n/a,n/a,0,20,,n/a,n/a,n/a,0.41,0.86,n/a,n/a,"For metrics, refresh"
best server for website hosting,best server for website hosting​,n/a,n/a,0,20,,n/a,n/a,n/a,0.95,0.82,n/a,n/a,"For metrics, refresh"
best servers for web hosting,best servers for web hosting​,n/a,n/a,0,20,,n/a,n/a,n/a,0.95,0.82,n/a,n/a,"For metrics, refresh"
best shared hosting for wordpress,best shared hosting for wordpress​,n/a,n/a,0,20,,n/a,n/a,n/a,0.64,0.86,n/a,n/a,"For metrics, refresh"
best sites for hosting website,best sites for hosting website​,n/a,n/a,0,20,,n/a,n/a,n/a,0.00,0.00,n/a,n/a,"For metrics, refresh"
best sites for portfolio hosting,best sites for portfolio hosting​,n/a,n/a,0,20,,n/a,n/a,n/a,0.00,0.00,n/a,n/a,"For metrics, refresh"
best uk web hosting for wordpress,best uk web hosting for wordpress​,n/a,n/a,0,20,,n/a,n/a,n/a,1.52,0.33,n/a,n/a,"For metrics, refresh"
best video hosting for online courses,best video hosting for online courses​,n/a,n/a,0,20,,n/a,n/a,n/a,0.00,0.07,n/a,n/a,"For metrics, refresh"
best video hosting for wordpress,best video hosting for wordpress​,n/a,n/a,0,20,,n/a,n/a,n/a,0.00,0.00,n/a,n/a,"For metrics, refresh"
best vps hosting for wordpress,best vps hosting for wordpress​,n/a,n/a,0,20,,n/a,n/a,n/a,1.01,0.67,n/a,n/a,"For metrics, refresh"
best way to host a website for free,best way to host a website for free​,n/a,n/a,0,20,,n/a,n/a,n/a,0.64,0.54,n/a,n/a,"For metrics, refresh"
best web design and hosting for small business,best web design and hosting for small business​,n/a,n/a,0,20,,n/a,n/a,n/a,0.63,0.63,n/a,n/a,"For metrics, refresh"
best web domain hosting for small business,best web domain hosting for small business​,n/a,n/a,0,20,,n/a,n/a,n/a,0.53,0.64,n/a,n/a,"For metrics, refresh"
best web hosting for affiliate marketing,best web hosting for affiliate marketing​,n/a,n/a,0,20,,n/a,n/a,n/a,0.00,0.00,n/a,n/a,"For metrics, refresh"
best web hosting for artists,best web hosting for artists​,n/a,n/a,0,20,,n/a,n/a,n/a,0.00,0.33,n/a,n/a,"For metrics, refresh"
best web hosting for beginners,best web hosting for beginners​,n/a,n/a,0,20,,n/a,n/a,n/a,0.78,0.06,n/a,n/a,"For metrics, refresh"
best web hosting for blog,best web hosting for blog​,n/a,n/a,0,20,,n/a,n/a,n/a,1.28,0.33,n/a,n/a,"For metrics, refresh"
best web hosting for developers,best web hosting for developers​,n/a,n/a,0,20,,n/a,n/a,n/a,0.00,0.00,n/a,n/a,"For metrics, refresh"
best web hosting for google adsense,best web hosting for google adsense​,n/a,n/a,0,20,,n/a,n/a,n/a,0.00,0.00,n/a,n/a,"For metrics, refresh"
best web hosting for joomla,best web hosting for joomla​,n/a,n/a,0,20,,n/a,n/a,n/a,0.00,0.00,n/a,n/a,"For metrics, refresh"
best web hosting for magento,best web hosting for magento​,n/a,n/a,0,20,,n/a,n/a,n/a,1.30,0.60,n/a,n/a,"For metrics, refresh"
best web hosting for musicians,best web hosting for musicians​,n/a,n/a,0,20,,n/a,n/a,n/a,0.00,0.36,n/a,n/a,"For metrics, refresh"
best web hosting for portfolio,best web hosting for portfolio​,n/a,n/a,0,20,,n/a,n/a,n/a,0.00,0.71,n/a,n/a,"For metrics, refresh"
best web hosting for seo,best web hosting for seo​,n/a,n/a,0,20,,n/a,n/a,n/a,1.10,0.16,n/a,n/a,"For metrics, refresh"
best web hosting for small business ecommerce,best web hosting for small business ecommerce​,n/a,n/a,0,20,,n/a,n/a,n/a,0.00,0.67,n/a,n/a,"For metrics, refresh"
best web hosting for small business in india,best web hosting for small business in india​,n/a,n/a,0,20,,n/a,n/a,n/a,0.70,1.00,n/a,n/a,"For metrics, refresh"
best web hosting for startups,best web hosting for startups​,n/a,n/a,0,20,,n/a,n/a,n/a,0.00,0.41,n/a,n/a,"For metrics, refresh"
best web hosting for video streaming,best web hosting for video streaming​,n/a,n/a,0,20,,n/a,n/a,n/a,0.00,0.93,n/a,n/a,"For metrics, refresh"
best web hosting for web designers,best web hosting for web designers​,n/a,n/a,0,20,,n/a,n/a,n/a,0.00,0.00,n/a,n/a,"For metrics, refresh"
best web hosting for web developers,best web hosting for web developers​,n/a,n/a,0,20,,n/a,n/a,n/a,0.00,0.93,n/a,n/a,"For metrics, refresh"
best web hosting for woocommerce,best web hosting for woocommerce​,n/a,n/a,0,20,,n/a,n/a,n/a,0.95,0.54,n/a,n/a,"For metrics, refresh"
best web hosting for wordpress blogs,best web hosting for wordpress blogs​,n/a,n/a,0,20,,n/a,n/a,n/a,0.00,0.00,n/a,n/a,"For metrics, refresh"
best web hosting for wordpress in india,best web hosting for wordpress in india​,n/a,n/a,0,20,,n/a,n/a,n/a,1.84,0.88,n/a,n/a,"For metrics, refresh"
best web hosting for wordpress india,best web hosting for wordpress india​,n/a,n/a,0,20,,n/a,n/a,n/a,0.00,1.00,n/a,n/a,"For metrics, refresh"
best web hosting service for beginners,best web hosting service for beginners​,n/a,n/a,0,20,,n/a,n/a,n/a,0.78,0.06,n/a,n/a,"For metrics, refresh"
best web hosting services for wordpress,best web hosting services for wordpress​,n/a,n/a,0,20,,n/a,n/a,n/a,1.31,0.89,n/a,n/a,"For metrics, refresh"
best web hosting sites for beginners,best web hosting sites for beginners​,n/a,n/a,0,20,,n/a,n/a,n/a,0.78,0.06,n/a,n/a,"For metrics, refresh"
best website builder and hosting for small business,best website builder and hosting for small business​,n/a,n/a,0,20,,n/a,n/a,n/a,1.18,0.86,n/a,n/a,"For metrics, refresh"
best website design and hosting for small business,best website design and hosting for small business​,n/a,n/a,0,20,,n/a,n/a,n/a,0.63,0.63,n/a,n/a,"For metrics, refresh"
best website host for online store,best website host for online store​,n/a,n/a,0,20,,n/a,n/a,n/a,0.00,0.11,n/a,n/a,"For metrics, refresh"
best website hosting for musicians,best website hosting for musicians​,n/a,n/a,0,20,,n/a,n/a,n/a,0.00,0.00,n/a,n/a,"For metrics, refresh"
best website hosting for wordpress,best website hosting for wordpress​,n/a,n/a,0,20,,n/a,n/a,n/a,1.67,0.76,n/a,n/a,"For metrics, refresh"
best wordpress hosting for agencies,best wordpress hosting for agencies​,n/a,n/a,0,20,,n/a,n/a,n/a,0.21,0.52,n/a,n/a,"For metrics, refresh"
best wordpress hosting for small business,best wordpress hosting for small business​,n/a,n/a,0,20,,n/a,n/a,n/a,0.00,0.86,n/a,n/a,"For metrics, refresh"
thanks for being the best host,thanks for being the best host​,n/a,n/a,0,20,,n/a,n/a,n/a,0.00,0.33,n/a,n/a,"For metrics, refresh"
the best hosting for wordpress,the best hosting for wordpress​,n/a,n/a,0,20,,n/a,n/a,n/a,0.00,0.00,n/a,n/a,"For metrics, refresh"
the best website hosting for small business,the best website hosting for small business​,n/a,n/a,0,20,,n/a,n/a,n/a,0.00,0.86,n/a,n/a,"For metrics, refresh"
what is the best free web hosting for wordpress,what is the best free web hosting for wordpress​,n/a,n/a,0,20,,n/a,n/a,n/a,0.00,0.86,n/a,n/a,"For metrics, refresh"
what is the best hosting site for wordpress,what is the best hosting site for wordpress​,n/a,n/a,0,20,,n/a,n/a,n/a,0.00,0.93,n/a,n/a,"For metrics, refresh"
what is the best web hosting site for small business,what is the best web hosting site for small business​,n/a,n/a,0,20,,n/a,n/a,n/a,0.00,0.86,n/a,n/a,"For metrics, refresh"
which hosting is best for blog,which hosting is best for blog​,n/a,n/a,0,20,,n/a,n/a,n/a,0.00,0.43,n/a,n/a,"For metrics, refresh"
which hosting is best for blogging,which hosting is best for blogging​,n/a,n/a,0,20,,n/a,n/a,n/a,0.00,0.43,n/a,n/a,"For metrics, refresh"
which hosting is best for seo,which hosting is best for seo​,n/a,n/a,0,20,,n/a,n/a,n/a,0.00,0.50,n/a,n/a,"For metrics, refresh"
which hosting is best for website,which hosting is best for website​,n/a,n/a,0,20,,n/a,n/a,n/a,0.75,0.60,n/a,n/a,"For metrics, refresh"
which hosting is best for wordpress,which hosting is best for wordpress​,n/a,n/a,0,20,,n/a,n/a,n/a,0.92,0.84,n/a,n/a,"For metrics, refresh"
which is best for web hosting,which is best for web hosting​,n/a,n/a,0,20,,n/a,n/a,n/a,0.00,0.86,n/a,n/a,"For metrics, refresh"
which is the best host plant for sandalwood,which is the best host plant for sandalwood​,n/a,n/a,0,20,,n/a,n/a,n/a,0.00,0.01,n/a,n/a,"For metrics, refresh"
which server is best for web hosting,which server is best for web hosting​,n/a,n/a,0,20,,n/a,n/a,n/a,0.53,0.91,n/a,n/a,"For metrics, refresh"
which web hosting is best for small businesses,which web hosting is best for small businesses​,n/a,n/a,0,20,,n/a,n/a,n/a,0.81,0.89,n/a,n/a,"For metrics, refresh"
which web hosting is best for wordpress,which web hosting is best for wordpress​,n/a,n/a,0,20,,n/a,n/a,n/a,0.92,0.84,n/a,n/a,"For metrics, refresh"
best australian web hosting for small business,best australian web hosting for small business​,n/a,n/a,0,10,,n/a,n/a,n/a,0.00,0.00,n/a,n/a,"For metrics, refresh"
best cdn for video hosting,best cdn for video hosting​,n/a,n/a,0,10,,n/a,n/a,n/a,0.00,0.93,n/a,n/a,"For metrics, refresh"
best cloud hosting for mobile apps,best cloud hosting for mobile apps​,n/a,n/a,0,10,,n/a,n/a,n/a,0.00,0.00,n/a,n/a,"For metrics, refresh"
best cloud hosting for startups,best cloud hosting for startups​,n/a,n/a,0,10,,n/a,n/a,n/a,1.33,0.39,n/a,n/a,"For metrics, refresh"
best dedicated hosting for wordpress,best dedicated hosting for wordpress​,n/a,n/a,0,10,,n/a,n/a,n/a,0.00,0.00,n/a,n/a,"For metrics, refresh"
best domain hosting for blogs,best domain hosting for blogs​,n/a,n/a,0,10,,n/a,n/a,n/a,0.00,0.00,n/a,n/a,"For metrics, refresh"
best domain hosting for wordpress,best domain hosting for wordpress​,n/a,n/a,0,10,,n/a,n/a,n/a,1.01,0.67,n/a,n/a,"For metrics, refresh"
best email and website hosting for small business,best email and website hosting for small business​,n/a,n/a,0,10,,n/a,n/a,n/a,0.00,0.00,n/a,n/a,"For metrics, refresh"
best for wordpress hosting,best for wordpress hosting​,n/a,n/a,0,10,,n/a,n/a,n/a,0.00,0.86,n/a,n/a,"For metrics, refresh"
best free website builder and hosting for small business,best free website builder and hosting for small business​,n/a,n/a,0,10,,n/a,n/a,n/a,0.00,0.00,n/a,n/a,"For metrics, refresh"
best host for wordpress org,best host for wordpress org​,n/a,n/a,0,10,,n/a,n/a,n/a,0.00,0.00,n/a,n/a,"For metrics, refresh"
best host plants for butterflies,best host plants for butterflies​,n/a,n/a,0,10,,n/a,n/a,n/a,0.00,0.00,n/a,n/a,"For metrics, refresh"
best hosting companies for small business,best hosting companies for small business​,n/a,n/a,0,10,,n/a,n/a,n/a,0.00,0.00,n/a,n/a,"For metrics, refresh"
best hosting company for wordpress,best hosting company for wordpress​,n/a,n/a,0,10,,n/a,n/a,n/a,1.53,0.71,n/a,n/a,"For metrics, refresh"
best hosting for 1 million traffic,best hosting for 1 million traffic​,n/a,n/a,0,10,,n/a,n/a,n/a,0.00,0.00,n/a,n/a,"For metrics, refresh"
best hosting for developers,best hosting for developers​,n/a,n/a,0,10,,n/a,n/a,n/a,0.00,0.00,n/a,n/a,"For metrics, refresh"
best hosting for ecommerce website india,best hosting for ecommerce website india​,n/a,n/a,0,10,,n/a,n/a,n/a,0.74,0.59,n/a,n/a,"For metrics, refresh"
best hosting for freelance web designers,best hosting for freelance web designers​,n/a,n/a,0,10,,n/a,n/a,n/a,0.00,0.33,n/a,n/a,"For metrics, refresh"
best hosting for laravel projects,best hosting for laravel projects​,n/a,n/a,0,10,,n/a,n/a,n/a,0.00,0.86,n/a,n/a,"For metrics, refresh"
best hosting for multiple wordpress sites,best hosting for multiple wordpress sites​,n/a,n/a,0,10,,n/a,n/a,n/a,0.00,0.00,n/a,n/a,"For metrics, refresh"
best hosting for musicians,best hosting for musicians​,n/a,n/a,0,10,,n/a,n/a,n/a,0.00,0.00,n/a,n/a,"For metrics, refresh"
best hosting for python django,best hosting for python django​,n/a,n/a,0,10,,n/a,n/a,n/a,0.00,0.00,n/a,n/a,"For metrics, refresh"
best hosting for startups,best hosting for startups​,n/a,n/a,0,10,,n/a,n/a,n/a,0.00,0.00,n/a,n/a,"For metrics, refresh"
best hosting for vps,best hosting for vps​,n/a,n/a,0,10,,n/a,n/a,n/a,0.00,0.86,n/a,n/a,"For metrics, refresh"
best hosting for web application,best hosting for web application​,n/a,n/a,0,10,,n/a,n/a,n/a,0.00,0.00,n/a,n/a,"For metrics, refresh"
best hosting options for wordpress,best hosting options for wordpress​,n/a,n/a,0,10,,n/a,n/a,n/a,0.00,0.00,n/a,n/a,"For metrics, refresh"
best hosting server for ecommerce,best hosting server for ecommerce​,n/a,n/a,0,10,,n/a,n/a,n/a,0.00,0.00,n/a,n/a,"For metrics, refresh"
best hosting service for django,best hosting service for django​,n/a,n/a,0,10,,n/a,n/a,n/a,0.00,0.00,n/a,n/a,"For metrics, refresh"
best hosting sites for photographers,best hosting sites for photographers​,n/a,n/a,0,10,,n/a,n/a,n/a,0.00,0.05,n/a,n/a,"For metrics, refresh"
best hosting sites for small business,best hosting sites for small business​,n/a,n/a,0,10,,n/a,n/a,n/a,0.00,0.14,n/a,n/a,"For metrics, refresh"
best hosting sites for web developers,best hosting sites for web developers​,n/a,n/a,0,10,,n/a,n/a,n/a,0.00,0.00,n/a,n/a,"For metrics, refresh"
best hosting solutions for wordpress,best hosting solutions for wordpress​,n/a,n/a,0,10,,n/a,n/a,n/a,0.00,0.00,n/a,n/a,"For metrics, refresh"
best introduction for hosting an event,best introduction for hosting an event​,n/a,n/a,0,10,,n/a,n/a,n/a,0.00,0.00,n/a,n/a,"For metrics, refresh"
best linux distro for virtualbox host,best linux distro for virtualbox host​,n/a,n/a,0,10,,n/a,n/a,n/a,0.00,0.00,n/a,n/a,"For metrics, refresh"
best linux os for web hosting,best linux os for web hosting​,n/a,n/a,0,10,,n/a,n/a,n/a,0.00,0.33,n/a,n/a,"For metrics, refresh"
best linux server for web hosting,best linux server for web hosting​,n/a,n/a,0,10,,n/a,n/a,n/a,1.09,0.47,n/a,n/a,"For metrics, refresh"
best linux server os for web hosting,best linux server os for web hosting​,n/a,n/a,0,10,,n/a,n/a,n/a,0.00,0.00,n/a,n/a,"For metrics, refresh"
best os for web hosting,best os for web hosting​,n/a,n/a,0,10,,n/a,n/a,n/a,0.00,0.00,n/a,n/a,"For metrics, refresh"
best place for web hosting,best place for web hosting​,n/a,n/a,0,10,,n/a,n/a,n/a,0.98,0.84,n/a,n/a,"For metrics, refresh"
best reseller hosting for web designers,best reseller hosting for web designers​,n/a,n/a,0,10,,n/a,n/a,n/a,0.00,0.00,n/a,n/a,"For metrics, refresh"
best travel host agency for beginners,best travel host agency for beginners​,n/a,n/a,0,10,,n/a,n/a,n/a,0.00,0.43,n/a,n/a,"For metrics, refresh"
best value for money web hosting,best value for money web hosting​,n/a,n/a,0,10,,n/a,n/a,n/a,0.00,0.07,n/a,n/a,"For metrics, refresh"
best vps hosting for ddos,best vps hosting for ddos​,n/a,n/a,0,10,,n/a,n/a,n/a,0.00,0.00,n/a,n/a,"For metrics, refresh"
best vps hosting for ecommerce,best vps hosting for ecommerce​,n/a,n/a,0,10,,n/a,n/a,n/a,0.00,1.00,n/a,n/a,"For metrics, refresh"
best vps hosting for game servers,best vps hosting for game servers​,n/a,n/a,0,10,,n/a,n/a,n/a,0.00,0.00,n/a,n/a,"For metrics, refresh"
best web hosting companies for wordpress,best web hosting companies for wordpress​,n/a,n/a,0,10,,n/a,n/a,n/a,0.00,0.00,n/a,n/a,"For metrics, refresh"
best web hosting for agencies,best web hosting for agencies​,n/a,n/a,0,10,,n/a,n/a,n/a,0.00,0.00,n/a,n/a,"For metrics, refresh"
best web hosting for big business,best web hosting for big business​,n/a,n/a,0,10,,n/a,n/a,n/a,0.00,0.93,n/a,n/a,"For metrics, refresh"
best web hosting for business,best web hosting for business​,n/a,n/a,0,10,,n/a,n/a,n/a,0.76,0.43,n/a,n/a,"For metrics, refresh"
best web hosting for developer portfolio,best web hosting for developer portfolio​,n/a,n/a,0,10,,n/a,n/a,n/a,0.00,0.00,n/a,n/a,"For metrics, refresh"
best web hosting for django,best web hosting for django​,n/a,n/a,0,10,,n/a,n/a,n/a,0.83,0.67,n/a,n/a,"For metrics, refresh"
best web hosting for dropshipping,best web hosting for dropshipping​,n/a,n/a,0,10,,n/a,n/a,n/a,0.00,0.71,n/a,n/a,"For metrics, refresh"
best web hosting for ecommerce,best web hosting for ecommerce​,n/a,n/a,0,10,,n/a,n/a,n/a,0.81,0.23,n/a,n/a,"For metrics, refresh"
best web hosting for freelancers,best web hosting for freelancers​,n/a,n/a,0,10,,n/a,n/a,n/a,0.00,0.00,n/a,n/a,"For metrics, refresh"
best web hosting for high traffic,best web hosting for high traffic​,n/a,n/a,0,10,,n/a,n/a,n/a,0.00,0.00,n/a,n/a,"For metrics, refresh"
best web hosting for html,best web hosting for html​,n/a,n/a,0,10,,n/a,n/a,n/a,0.00,1.00,n/a,n/a,"For metrics, refresh"
best web hosting for python,best web hosting for python​,n/a,n/a,0,10,,n/a,n/a,n/a,0.00,1.00,n/a,n/a,"For metrics, refresh"
best web hosting for wordpress reddit,best web hosting for wordpress reddit​,n/a,n/a,0,10,,n/a,n/a,n/a,0.00,0.00,n/a,n/a,"For metrics, refresh"
best web hosting service for ecommerce,best web hosting service for ecommerce​,n/a,n/a,0,10,,n/a,n/a,n/a,0.00,0.00,n/a,n/a,"For metrics, refresh"
best web hosting services for developers,best web hosting services for developers​,n/a,n/a,0,10,,n/a,n/a,n/a,0.00,0.00,n/a,n/a,"For metrics, refresh"
best website for domain and hosting,best website for domain and hosting​,n/a,n/a,0,10,,n/a,n/a,n/a,0.00,0.00,n/a,n/a,"For metrics, refresh"
best website hosting for nonprofits,best website hosting for nonprofits​,n/a,n/a,0,10,,n/a,n/a,n/a,0.00,0.00,n/a,n/a,"For metrics, refresh"
best website hosting for photographers,best website hosting for photographers​,n/a,n/a,0,10,,n/a,n/a,n/a,0.00,0.00,n/a,n/a,"For metrics, refresh"
best website hosting for seo,best website hosting for seo​,n/a,n/a,0,10,,n/a,n/a,n/a,0.00,0.00,n/a,n/a,"For metrics, refresh"
best wordpress hosting for developers,best wordpress hosting for developers​,n/a,n/a,0,10,,n/a,n/a,n/a,0.00,0.33,n/a,n/a,"For metrics, refresh"
best wordpress hosting for high traffic,best wordpress hosting for high traffic​,n/a,n/a,0,10,,n/a,n/a,n/a,1.09,0.62,n/a,n/a,"For metrics, refresh"
best wordpress hosting for seo,best wordpress hosting for seo​,n/a,n/a,0,10,,n/a,n/a,n/a,0.00,0.00,n/a,n/a,"For metrics, refresh"
golden petal award for best host,golden petal award for best host​,n/a,n/a,0,10,,n/a,n/a,n/a,0.00,0.33,n/a,n/a,"For metrics, refresh"
mtv movie & tv award for best host,mtv movie & tv award for best host​,n/a,n/a,0,10,,n/a,n/a,n/a,0.00,0.33,n/a,n/a,"For metrics, refresh"
the best web hosting for wordpress,the best web hosting for wordpress​,n/a,n/a,0,10,,n/a,n/a,n/a,0.00,0.00,n/a,n/a,"For metrics, refresh"
what is the best hosting for wordpress,what is the best hosting for wordpress​,n/a,n/a,0,10,,n/a,n/a,n/a,0.00,0.93,n/a,n/a,"For metrics, refresh"
what is the best web hosting for wordpress,what is the best web hosting for wordpress​,n/a,n/a,0,10,,n/a,n/a,n/a,0.00,0.00,n/a,n/a,"For metrics, refresh"
what is the best web hosting service for wordpress,what is the best web hosting service for wordpress​,n/a,n/a,0,10,,n/a,n/a,n/a,0.00,1.00,n/a,n/a,"For metrics, refresh"
which hosting is best for ecommerce website,which hosting is best for ecommerce website​,n/a,n/a,0,10,,n/a,n/a,n/a,0.69,0.80,n/a,n/a,"For metrics, refresh"
which hosting service is best for wordpress,which hosting service is best for wordpress​,n/a,n/a,0,10,,n/a,n/a,n/a,0.92,0.84,n/a,n/a,"For metrics, refresh"
1&1 ionos best for overall cloud hosting,1&1 ionos best for overall cloud hosting​,n/a,n/a,0,0,,n/a,n/a,n/a,0.00,0.00,n/a,n/a,"For metrics, refresh"
10 best review site for web hosting business,10 best review site for web hosting business​,n/a,n/a,0,0,,n/a,n/a,n/a,0.00,0.00,n/a,n/a,"For metrics, refresh"
2019 best managed magento hosting for greater performance,2019 best managed magento hosting for greater performance​,n/a,n/a,0,0,,n/a,n/a,n/a,0.00,0.00,n/a,n/a,"For metrics, refresh"
4 best email hosting services for your custom domain,4 best email hosting services for your custom domain​,n/a,n/a,0,0,,n/a,n/a,n/a,0.00,0.00,n/a,n/a,"For metrics, refresh"
5 best github alternatives for hosting your source code,5 best github alternatives for hosting your source code​,n/a,n/a,0,0,,n/a,n/a,n/a,0.00,0.00,n/a,n/a,"For metrics, refresh"
5 best site for hosting,5 best site for hosting​,n/a,n/a,0,0,,n/a,n/a,n/a,0.00,0.00,n/a,n/a,"For metrics, refresh"
a2 hosting best for customer service,a2 hosting best for customer service​,n/a,n/a,0,0,,n/a,n/a,n/a,0.00,0.00,n/a,n/a,"For metrics, refresh"
a2 hosting best web hosting for blog,a2 hosting best web hosting for blog​,n/a,n/a,0,0,,n/a,n/a,n/a,0.00,0.00,n/a,n/a,"For metrics, refresh"
ad free best domain hosting for free,ad free best domain hosting for free​,n/a,n/a,0,0,,n/a,n/a,n/a,0.00,0.00,n/a,n/a,"For metrics, refresh"
amazon is the best company for cloud hosting,amazon is the best company for cloud hosting​,n/a,n/a,0,0,,n/a,n/a,n/a,0.00,0.00,n/a,n/a,"For metrics, refresh"
app service vs virtual machine which is best for host,app service vs virtual machine which is best for host​,n/a,n/a,0,0,,n/a,n/a,n/a,0.00,0.00,n/a,n/a,"For metrics, refresh"
award for best host,award for best host​,n/a,n/a,0,0,,n/a,n/a,n/a,0.00,0.00,n/a,n/a,"For metrics, refresh"
best 10 hosting ever for magento,best 10 hosting ever for magento​,n/a,n/a,0,0,,n/a,n/a,n/a,0.00,0.00,n/a,n/a,"For metrics, refresh"
best 24 7 minecraft server hosting for free,best 24 7 minecraft server hosting for free​,n/a,n/a,0,0,,n/a,n/a,n/a,0.00,0.00,n/a,n/a,"For metrics, refresh"
best 3 cloud hosting providers for wordpress,best 3 cloud hosting providers for wordpress​,n/a,n/a,0,0,,n/a,n/a,n/a,0.00,0.00,n/a,n/a,"For metrics, refresh"
best adblock host list for spotify,best adblock host list for spotify​,n/a,n/a,0,0,,n/a,n/a,n/a,0.00,0.00,n/a,n/a,"For metrics, refresh"
best adblock host list for spotify for blockada,best adblock host list for spotify for blockada​,n/a,n/a,0,0,,n/a,n/a,n/a,0.00,0.00,n/a,n/a,"For metrics, refresh"
best adsense alternative for free hosting,best adsense alternative for free hosting​,n/a,n/a,0,0,,n/a,n/a,n/a,0.00,0.00,n/a,n/a,"For metrics, refresh"
best adult web hosting for wordpress,best adult web hosting for wordpress​,n/a,n/a,0,0,,n/a,n/a,n/a,0.00,0.00,n/a,n/a,"For metrics, refresh"
best affiliate for hosting,best affiliate for hosting​,n/a,n/a,0,0,,n/a,n/a,n/a,0.00,0.00,n/a,n/a,"For metrics, refresh"
best affiliate marketing programs for hosting,best affiliate marketing programs for hosting​,n/a,n/a,0,0,,n/a,n/a,n/a,0.00,0.00,n/a,n/a,"For metrics, refresh"
best affiliet for hosting and domain,best affiliet for hosting and domain​,n/a,n/a,0,0,,n/a,n/a,n/a,0.00,0.00,n/a,n/a,"For metrics, refresh"
best alternative for mediafire file host,best alternative for mediafire file host​,n/a,n/a,0,0,,n/a,n/a,n/a,0.00,0.00,n/a,n/a,"For metrics, refresh"
best ancquering dailouges for hosting event,best ancquering dailouges for hosting event​,n/a,n/a,0,0,,n/a,n/a,n/a,0.00,0.00,n/a,n/a,"For metrics, refresh"
best and cheap hosting platform for wordpress in india,best and cheap hosting platform for wordpress in india​,n/a,n/a,0,0,,n/a,n/a,n/a,0.00,0.00,n/a,n/a,"For metrics, refresh"
best and cheap hosting platform for wordpress in india shoutmeloud,best and cheap hosting platform for wordpress in india shoutmeloud​,n/a,n/a,0,0,,n/a,n/a,n/a,0.00,0.00,n/a,n/a,"For metrics, refresh"
best and cheap hosting provider for wordpress,best and cheap hosting provider for wordpress​,n/a,n/a,0,0,,n/a,n/a,n/a,0.00,0.00,n/a,n/a,"For metrics, refresh"
best and cheap web hosting for india,best and cheap web hosting for india​,n/a,n/a,0,0,,n/a,n/a,n/a,0.00,0.00,n/a,n/a,"For metrics, refresh"
best and cheap web hosting for your blog or website,best and cheap web hosting for your blog or website​,n/a,n/a,0,0,,n/a,n/a,n/a,0.00,0.00,n/a,n/a,"For metrics, refresh"
best and cheapest domain hosting in india for college website,best and cheapest domain hosting in india for college website​,n/a,n/a,0,0,,n/a,n/a,n/a,0.00,0.00,n/a,n/a,"For metrics, refresh"
best and cheapest hosting for wordpress india,best and cheapest hosting for wordpress india​,n/a,n/a,0,0,,n/a,n/a,n/a,0.00,0.00,n/a,n/a,"For metrics, refresh"
best and fast hosting for wordpress,best and fast hosting for wordpress​,n/a,n/a,0,0,,n/a,n/a,n/a,0.00,0.00,n/a,n/a,"For metrics, refresh"
best and low cost site for web hosting,best and low cost site for web hosting​,n/a,n/a,0,0,,n/a,n/a,n/a,0.00,0.00,n/a,n/a,"For metrics, refresh"
best android apps hosting platform for mobile,best android apps hosting platform for mobile​,n/a,n/a,0,0,,n/a,n/a,n/a,0.00,0.00,n/a,n/a,"For metrics, refresh"
best android hosts for pc,best android hosts for pc​,n/a,n/a,0,0,,n/a,n/a,n/a,0.00,0.00,n/a,n/a,"For metrics, refresh"
best anti ban host file for pubg,best anti ban host file for pubg​,n/a,n/a,0,0,,n/a,n/a,n/a,0.00,0.00,n/a,n/a,"For metrics, refresh"
best antivirus for web hosting,best antivirus for web hosting​,n/a,n/a,0,0,,n/a,n/a,n/a,0.00,0.00,n/a,n/a,"For metrics, refresh"
best app for hosting guest in bangalore,best app for hosting guest in bangalore​,n/a,n/a,0,0,,n/a,n/a,n/a,0.00,0.00,n/a,n/a,"For metrics, refresh"
best application for video hosting,best application for video hosting​,n/a,n/a,0,0,,n/a,n/a,n/a,0.00,0.00,n/a,n/a,"For metrics, refresh"
best apps for hosting tourist in bangalore,best apps for hosting tourist in bangalore​,n/a,n/a,0,0,,n/a,n/a,n/a,0.00,0.00,n/a,n/a,"For metrics, refresh"
best aproch for cloud hosting,best aproch for cloud hosting​,n/a,n/a,0,0,,n/a,n/a,n/a,0.00,0.00,n/a,n/a,"For metrics, refresh"
best attire for college event hosting,best attire for college event hosting​,n/a,n/a,0,0,,n/a,n/a,n/a,0.00,0.00,n/a,n/a,"For metrics, refresh"
best attire for college girl host,best attire for college girl host​,n/a,n/a,0,0,,n/a,n/a,n/a,0.00,0.00,n/a,n/a,"For metrics, refresh"
best backend web language technology use for linux server hosting,best backend web language technology use for linux server hosting​,n/a,n/a,0,0,,n/a,n/a,n/a,0.00,0.00,n/a,n/a,"For metrics, refresh"
best billing automation for domain and hosting,best billing automation for domain and hosting​,n/a,n/a,0,0,,n/a,n/a,n/a,0.00,0.00,n/a,n/a,"For metrics, refresh"
best blog host for making money,best blog host for making money​,n/a,n/a,0,0,,n/a,n/a,n/a,0.00,0.00,n/a,n/a,"For metrics, refresh"
best blog hosting sites for artists,best blog hosting sites for artists​,n/a,n/a,0,0,,n/a,n/a,n/a,0.00,0.00,n/a,n/a,"For metrics, refresh"
best blog hosting sites for beginners,best blog hosting sites for beginners​,n/a,n/a,0,0,,n/a,n/a,n/a,0.00,0.00,n/a,n/a,"For metrics, refresh"
best blog hosting sites for making money,best blog hosting sites for making money​,n/a,n/a,0,0,,n/a,n/a,n/a,0.00,0.00,n/a,n/a,"For metrics, refresh"
best blog hosting sites for photographers,best blog hosting sites for photographers​,n/a,n/a,0,0,,n/a,n/a,n/a,0.00,0.00,n/a,n/a,"For metrics, refresh"
best blog templates for self-hosting,best blog templates for self-hosting​,n/a,n/a,0,0,,n/a,n/a,n/a,0.00,0.00,n/a,n/a,"For metrics, refresh"
best blog templates for self-hosting free,best blog templates for self-hosting free​,n/a,n/a,0,0,,n/a,n/a,n/a,0.00,0.00,n/a,n/a,"For metrics, refresh"
best blogging app for windows shared hosting,best blogging app for windows shared hosting​,n/a,n/a,0,0,,n/a,n/a,n/a,0.00,0.00,n/a,n/a,"For metrics, refresh"
best blogging hosts for wordpress,best blogging hosts for wordpress​,n/a,n/a,0,0,,n/a,n/a,n/a,0.00,0.00,n/a,n/a,"For metrics, refresh"
best budget site hosting for ngo,best budget site hosting for ngo​,n/a,n/a,0,0,,n/a,n/a,n/a,0.00,0.00,n/a,n/a,"For metrics, refresh"
best cdn for image hosting,best cdn for image hosting​,n/a,n/a,0,0,,n/a,n/a,n/a,0.00,0.00,n/a,n/a,"For metrics, refresh"
best cdn host for videos,best cdn host for videos​,n/a,n/a,0,0,,n/a,n/a,n/a,0.00,0.00,n/a,n/a,"For metrics, refresh"
best cheap and trusted hosting for india,best cheap and trusted hosting for india​,n/a,n/a,0,0,,n/a,n/a,n/a,0.00,0.00,n/a,n/a,"For metrics, refresh"
best cheap cloud hosting for wordpress india,best cheap cloud hosting for wordpress india​,n/a,n/a,0,0,,n/a,n/a,n/a,0.00,0.00,n/a,n/a,"For metrics, refresh"
best cheap hosting for blog,best cheap hosting for blog​,n/a,n/a,0,0,,n/a,n/a,n/a,0.00,0.00,n/a,n/a,"For metrics, refresh"
best cheap hosting for high traffic wordpress sites,best cheap hosting for high traffic wordpress sites​,n/a,n/a,0,0,,n/a,n/a,n/a,0.00,0.00,n/a,n/a,"For metrics, refresh"
best cheap hosting for vlog,best cheap hosting for vlog​,n/a,n/a,0,0,,n/a,n/a,n/a,0.00,0.00,n/a,n/a,"For metrics, refresh"
best cheap hosting for wordpress for india,best cheap hosting for wordpress for india​,n/a,n/a,0,0,,n/a,n/a,n/a,0.00,0.00,n/a,n/a,"For metrics, refresh"
best cheap hosting for wordpress india,best cheap hosting for wordpress india​,n/a,n/a,0,0,,n/a,n/a,n/a,0.00,0.00,n/a,n/a,"For metrics, refresh"
best cheap hosting for wordpress new basic,best cheap hosting for wordpress new basic​,n/a,n/a,0,0,,n/a,n/a,n/a,0.00,0.00,n/a,n/a,"For metrics, refresh"
best cheap shared hosting for begginers 2017,best cheap shared hosting for begginers 2017​,n/a,n/a,0,0,,n/a,n/a,n/a,0.00,0.00,n/a,n/a,"For metrics, refresh"
best cheap shared hosting for blog,best cheap shared hosting for blog​,n/a,n/a,0,0,,n/a,n/a,n/a,0.00,0.00,n/a,n/a,"For metrics, refresh"
best cheap web hosting in india for august,best cheap web hosting in india for august​,n/a,n/a,0,0,,n/a,n/a,n/a,0.00,0.00,n/a,n/a,"For metrics, refresh"
best cheap web hosting in india for august 2018,best cheap web hosting in india for august 2018​,n/a,n/a,0,0,,n/a,n/a,n/a,0.00,0.00,n/a,n/a,"For metrics, refresh"
best cheap website hosting at 30 per month for wordpress,best cheap website hosting at 30 per month for wordpress​,n/a,n/a,0,0,,n/a,n/a,n/a,0.00,0.00,n/a,n/a,"For metrics, refresh"
best cheapest hosting plan for asp.net,best cheapest hosting plan for asp.net​,n/a,n/a,0,0,,n/a,n/a,n/a,0.00,0.00,n/a,n/a,"For metrics, refresh"
best cheapest website host and domain for india,best cheapest website host and domain for india​,n/a,n/a,0,0,,n/a,n/a,n/a,0.00,0.00,n/a,n/a,"For metrics, refresh"
best cheep hosting for adult sites,best cheep hosting for adult sites​,n/a,n/a,0,0,,n/a,n/a,n/a,0.00,0.00,n/a,n/a,"For metrics, refresh"
best church website hosting for wordpress,best church website hosting for wordpress​,n/a,n/a,0,0,,n/a,n/a,n/a,0.00,0.00,n/a,n/a,"For metrics, refresh"
best city for hosting,best city for hosting​,n/a,n/a,0,0,,n/a,n/a,n/a,0.00,0.00,n/a,n/a,"For metrics, refresh"
best cloud for web hosting,best cloud for web hosting​,n/a,n/a,0,0,,n/a,n/a,n/a,0.00,0.00,n/a,n/a,"For metrics, refresh"
best cloud host for wordpress multisite,best cloud host for wordpress multisite​,n/a,n/a,0,0,,n/a,n/a,n/a,0.00,0.00,n/a,n/a,"For metrics, refresh"
best cloud hosting companies for small business,best cloud hosting companies for small business​,n/a,n/a,0,0,,n/a,n/a,n/a,0.00,0.00,n/a,n/a,"For metrics, refresh"
best cloud hosting for advanced php in india,best cloud hosting for advanced php in india​,n/a,n/a,0,0,,n/a,n/a,n/a,0.00,0.00,n/a,n/a,"For metrics, refresh"
best cloud hosting for android apps,best cloud hosting for android apps​,n/a,n/a,0,0,,n/a,n/a,n/a,0.00,0.00,n/a,n/a,"For metrics, refresh"
best cloud hosting for asp net,best cloud hosting for asp net​,n/a,n/a,0,0,,n/a,n/a,n/a,0.00,0.00,n/a,n/a,"For metrics, refresh"
best cloud hosting for developers,best cloud hosting for developers​,n/a,n/a,0,0,,n/a,n/a,n/a,0.00,0.00,n/a,n/a,"For metrics, refresh"
best cloud hosting for ecommerce in india,best cloud hosting for ecommerce in india​,n/a,n/a,0,0,,n/a,n/a,n/a,0.00,0.00,n/a,n/a,"For metrics, refresh"
best cloud hosting for java,best cloud hosting for java​,n/a,n/a,0,0,,n/a,n/a,n/a,0.00,0.00,n/a,n/a,"For metrics, refresh"
best cloud hosting for laravel,best cloud hosting for laravel​,n/a,n/a,0,0,,n/a,n/a,n/a,0.00,0.00,n/a,n/a,"For metrics, refresh"
best cloud hosting for laravel with server in india,best cloud hosting for laravel with server in india​,n/a,n/a,0,0,,n/a,n/a,n/a,0.00,0.00,n/a,n/a,"For metrics, refresh"
best cloud hosting for multiple hosting,best cloud hosting for multiple hosting​,n/a,n/a,0,0,,n/a,n/a,n/a,0.00,0.00,n/a,n/a,"For metrics, refresh"
best cloud hosting for small business,best cloud hosting for small business​,n/a,n/a,0,0,,n/a,n/a,n/a,0.00,0.00,n/a,n/a,"For metrics, refresh"
best cloud hosting for sql server,best cloud hosting for sql server​,n/a,n/a,0,0,,n/a,n/a,n/a,0.00,0.00,n/a,n/a,"For metrics, refresh"
best cloud hosting for startups in india,best cloud hosting for startups in india​,n/a,n/a,0,0,,n/a,n/a,n/a,0.00,0.00,n/a,n/a,"For metrics, refresh"
best cloud hosting for video,best cloud hosting for video​,n/a,n/a,0,0,,n/a,n/a,n/a,0.00,0.00,n/a,n/a,"For metrics, refresh"
best cloud hosting for wordpress sites,best cloud hosting for wordpress sites​,n/a,n/a,0,0,,n/a,n/a,n/a,0.00,0.00,n/a,n/a,"For metrics, refresh"
best cloud hosting providers for social networking website,best cloud hosting providers for social networking website​,n/a,n/a,0,0,,n/a,n/a,n/a,0.00,0.00,n/a,n/a,"For metrics, refresh"
best cloud hosting providers for wordpress,best cloud hosting providers for wordpress​,n/a,n/a,0,0,,n/a,n/a,n/a,0.00,0.00,n/a,n/a,"For metrics, refresh"
best cloud server for website hosting,best cloud server for website hosting​,n/a,n/a,0,0,,n/a,n/a,n/a,0.00,0.00,n/a,n/a,"For metrics, refresh"
best cloud server hosting for java applications,best cloud server hosting for java applications​,n/a,n/a,0,0,,n/a,n/a,n/a,0.00,0.00,n/a,n/a,"For metrics, refresh"
best cloud service for website hosting,best cloud service for website hosting​,n/a,n/a,0,0,,n/a,n/a,n/a,0.00,0.00,n/a,n/a,"For metrics, refresh"
best cloud storage for website hosting,best cloud storage for website hosting​,n/a,n/a,0,0,,n/a,n/a,n/a,0.00,0.00,n/a,n/a,"For metrics, refresh"
best clouds for hosting websites,best clouds for hosting websites​,n/a,n/a,0,0,,n/a,n/a,n/a,0.00,0.00,n/a,n/a,"For metrics, refresh"
best commenting system for wordpress self hosted,best commenting system for wordpress self hosted​,n/a,n/a,0,0,,n/a,n/a,n/a,0.00,0.00,n/a,n/a,"For metrics, refresh"
best commission paying for web hosting affiliate program,best commission paying for web hosting affiliate program​,n/a,n/a,0,0,,n/a,n/a,n/a,0.00,0.00,n/a,n/a,"For metrics, refresh"
best company for email hosting,best company for email hosting​,n/a,n/a,0,0,,n/a,n/a,n/a,0.00,0.00,n/a,n/a,"For metrics, refresh"
best company for window service hosting,best company for window service hosting​,n/a,n/a,0,0,,n/a,n/a,n/a,0.00,0.00,n/a,n/a,"For metrics, refresh"
best company for windows service hosting,best company for windows service hosting​,n/a,n/a,0,0,,n/a,n/a,n/a,0.00,0.00,n/a,n/a,"For metrics, refresh"
best competitors for hosting web development with digitalmarketing in australia,best competitors for hosting web development with digitalmarketing in australia​,n/a,n/a,0,0,,n/a,n/a,n/a,0.00,0.00,n/a,n/a,"For metrics, refresh"
best configuration for magento 2 hosting,best configuration for magento 2 hosting​,n/a,n/a,0,0,,n/a,n/a,n/a,0.00,0.00,n/a,n/a,"For metrics, refresh"
best control panel for.whmcs hosting,best control panel for.whmcs hosting​,n/a,n/a,0,0,,n/a,n/a,n/a,0.00,0.00,n/a,n/a,"For metrics, refresh"
best countires for website hosting privacy,best countires for website hosting privacy​,n/a,n/a,0,0,,n/a,n/a,n/a,0.00,0.00,n/a,n/a,"For metrics, refresh"
best cpanel hosting for free,best cpanel hosting for free​,n/a,n/a,0,0,,n/a,n/a,n/a,0.00,0.00,n/a,n/a,"For metrics, refresh"
best cpu for hosting webhosting talk,best cpu for hosting webhosting talk​,n/a,n/a,0,0,,n/a,n/a,n/a,0.00,0.00,n/a,n/a,"For metrics, refresh"
best cpu for wordpress hosting webhosting talk,best cpu for wordpress hosting webhosting talk​,n/a,n/a,0,0,,n/a,n/a,n/a,0.00,0.00,n/a,n/a,"For metrics, refresh"
best customized domain hosting for beginners,best customized domain hosting for beginners​,n/a,n/a,0,0,,n/a,n/a,n/a,0.00,0.00,n/a,n/a,"For metrics, refresh"
best datacenter for godaddy web hosting,best datacenter for godaddy web hosting​,n/a,n/a,0,0,,n/a,n/a,n/a,0.00,0.00,n/a,n/a,"For metrics, refresh"
best dedicated hosting for gaming,best dedicated hosting for gaming​,n/a,n/a,0,0,,n/a,n/a,n/a,0.00,0.00,n/a,n/a,"For metrics, refresh"
best dedicated hosting for wordpress big sites,best dedicated hosting for wordpress big sites​,n/a,n/a,0,0,,n/a,n/a,n/a,0.00,0.00,n/a,n/a,"For metrics, refresh"
best dedicated hosting server for e-commerce in india,best dedicated hosting server for e-commerce in india​,n/a,n/a,0,0,,n/a,n/a,n/a,0.00,0.00,n/a,n/a,"For metrics, refresh"
best dedicated server hosting for gaming,best dedicated server hosting for gaming​,n/a,n/a,0,0,,n/a,n/a,n/a,0.00,0.00,n/a,n/a,"For metrics, refresh"
best dedicated server hosting for magento,best dedicated server hosting for magento​,n/a,n/a,0,0,,n/a,n/a,n/a,0.00,0.00,n/a,n/a,"For metrics, refresh"
best dedicated server hosting for magento 2,best dedicated server hosting for magento 2​,n/a,n/a,0,0,,n/a,n/a,n/a,0.00,0.00,n/a,n/a,"For metrics, refresh"
best discount coupons for wordpress hosting package,best discount coupons for wordpress hosting package​,n/a,n/a,0,0,,n/a,n/a,n/a,0.00,0.00,n/a,n/a,"For metrics, refresh"
best discounts for wordpress hosting package,best discounts for wordpress hosting package​,n/a,n/a,0,0,,n/a,n/a,n/a,0.00,0.00,n/a,n/a,"For metrics, refresh"
best display ads for cloud hosting,best display ads for cloud hosting​,n/a,n/a,0,0,,n/a,n/a,n/a,0.00,0.00,n/a,n/a,"For metrics, refresh"
best dns host for india,best dns host for india​,n/a,n/a,0,0,,n/a,n/a,n/a,0.00,0.00,n/a,n/a,"For metrics, refresh"
best dns server for web hosting,best dns server for web hosting​,n/a,n/a,0,0,,n/a,n/a,n/a,0.00,0.00,n/a,n/a,"For metrics, refresh"
best domain and hosting for blog writing,best domain and hosting for blog writing​,n/a,n/a,0,0,,n/a,n/a,n/a,0.00,0.00,n/a,n/a,"For metrics, refresh"
best domain and hosting for wordpress,best domain and hosting for wordpress​,n/a,n/a,0,0,,n/a,n/a,n/a,0.00,0.00,n/a,n/a,"For metrics, refresh"
best domain and hosting services for free,best domain and hosting services for free​,n/a,n/a,0,0,,n/a,n/a,n/a,0.00,0.00,n/a,n/a,"For metrics, refresh"
best domain name and web hosting servies for indian customers,best domain name and web hosting servies for indian customers​,n/a,n/a,0,0,,n/a,n/a,n/a,0.00,0.00,n/a,n/a,"For metrics, refresh"
best domain name for hosting business,best domain name for hosting business​,n/a,n/a,0,0,,n/a,n/a,n/a,0.00,0.00,n/a,n/a,"For metrics, refresh"
best domain website hosting for php,best domain website hosting for php​,n/a,n/a,0,0,,n/a,n/a,n/a,0.00,0.00,n/a,n/a,"For metrics, refresh"
best dress to host concert for man,best dress to host concert for man​,n/a,n/a,0,0,,n/a,n/a,n/a,0.00,0.00,n/a,n/a,"For metrics, refresh"
best dresses for lady to host a show,best dresses for lady to host a show​,n/a,n/a,0,0,,n/a,n/a,n/a,0.00,0.00,n/a,n/a,"For metrics, refresh"
best drupal hosting for 2017 5 minute installation,best drupal hosting for 2017 5 minute installation​,n/a,n/a,0,0,,n/a,n/a,n/a,0.00,0.00,n/a,n/a,"For metrics, refresh"
best e-commerce hosting solutions for india,best e-commerce hosting solutions for india​,n/a,n/a,0,0,,n/a,n/a,n/a,0.00,0.00,n/a,n/a,"For metrics, refresh"
best eco hosting for several sites,best eco hosting for several sites​,n/a,n/a,0,0,,n/a,n/a,n/a,0.00,0.00,n/a,n/a,"For metrics, refresh"
best ecommerce platform for a2 hosting,best ecommerce platform for a2 hosting​,n/a,n/a,0,0,,n/a,n/a,n/a,0.00,0.00,n/a,n/a,"For metrics, refresh"
best ecommerce platform for web hosting,best ecommerce platform for web hosting​,n/a,n/a,0,0,,n/a,n/a,n/a,0.00,0.00,n/a,n/a,"For metrics, refresh"
best educational pricing for web hosting using wordpress,best educational pricing for web hosting using wordpress​,n/a,n/a,0,0,,n/a,n/a,n/a,0.00,0.00,n/a,n/a,"For metrics, refresh"
best email client for cpanel hosting,best email client for cpanel hosting​,n/a,n/a,0,0,,n/a,n/a,n/a,0.00,0.00,n/a,n/a,"For metrics, refresh"
best email hosting for shopify,best email hosting for shopify​,n/a,n/a,0,0,,n/a,n/a,n/a,0.00,0.00,n/a,n/a,"For metrics, refresh"
best email hosting for small business 2013,best email hosting for small business 2013​,n/a,n/a,0,0,,n/a,n/a,n/a,0.00,0.00,n/a,n/a,"For metrics, refresh"
best email hosting for small business 2015,best email hosting for small business 2015​,n/a,n/a,0,0,,n/a,n/a,n/a,0.00,0.00,n/a,n/a,"For metrics, refresh"
best email hosting for small business 2016,best email hosting for small business 2016​,n/a,n/a,0,0,,n/a,n/a,n/a,0.00,0.00,n/a,n/a,"For metrics, refresh"
best email hosting for small business 2017,best email hosting for small business 2017​,n/a,n/a,0,0,,n/a,n/a,n/a,0.00,0.00,n/a,n/a,"For metrics, refresh"
best email hosting for small business australia,best email hosting for small business australia​,n/a,n/a,0,0,,n/a,n/a,n/a,0.00,0.00,n/a,n/a,"For metrics, refresh"
best email hosting for small business canada,best email hosting for small business canada​,n/a,n/a,0,0,,n/a,n/a,n/a,0.00,0.00,n/a,n/a,"For metrics, refresh"
best email hosting for small business in uae,best email hosting for small business in uae​,n/a,n/a,0,0,,n/a,n/a,n/a,0.00,0.00,n/a,n/a,"For metrics, refresh"
best email hosting for small business india,best email hosting for small business india​,n/a,n/a,0,0,,n/a,n/a,n/a,0.00,0.00,n/a,n/a,"For metrics, refresh"
best email hosting for small business indoa,best email hosting for small business indoa​,n/a,n/a,0,0,,n/a,n/a,n/a,0.00,0.00,n/a,n/a,"For metrics, refresh"
best email hosting for small business uk,best email hosting for small business uk​,n/a,n/a,0,0,,n/a,n/a,n/a,0.00,0.00,n/a,n/a,"For metrics, refresh"
best email hosting for startups,best email hosting for startups​,n/a,n/a,0,0,,n/a,n/a,n/a,0.00,0.00,n/a,n/a,"For metrics, refresh"
best email hosting for wordpress,best email hosting for wordpress​,n/a,n/a,0,0,,n/a,n/a,n/a,0.00,0.00,n/a,n/a,"For metrics, refresh"
best email hosting service for domain,best email hosting service for domain​,n/a,n/a,0,0,,n/a,n/a,n/a,0.00,0.00,n/a,n/a,"For metrics, refresh"
best email hosting service for startups,best email hosting service for startups​,n/a,n/a,0,0,,n/a,n/a,n/a,0.00,0.00,n/a,n/a,"For metrics, refresh"
best file host for streaming,best file host for streaming​,n/a,n/a,0,0,,n/a,n/a,n/a,0.00,0.00,n/a,n/a,"For metrics, refresh"
best file hosting and sharing for web free,best file hosting and sharing for web free​,n/a,n/a,0,0,,n/a,n/a,n/a,0.00,0.00,n/a,n/a,"For metrics, refresh"
best file hosting for churches,best file hosting for churches​,n/a,n/a,0,0,,n/a,n/a,n/a,0.00,0.00,n/a,n/a,"For metrics, refresh"
best file hosting for programmers,best file hosting for programmers​,n/a,n/a,0,0,,n/a,n/a,n/a,0.00,0.00,n/a,n/a,"For metrics, refresh"
best file hosting for woocommerce,best file hosting for woocommerce​,n/a,n/a,0,0,,n/a,n/a,n/a,0.00,0.00,n/a,n/a,"For metrics, refresh"
best file hosting site for downloading,best file hosting site for downloading​,n/a,n/a,0,0,,n/a,n/a,n/a,0.00,0.00,n/a,n/a,"For metrics, refresh"
best file hosting site for femdom comics,best file hosting site for femdom comics​,n/a,n/a,0,0,,n/a,n/a,n/a,0.00,0.00,n/a,n/a,"For metrics, refresh"
best file hosting site for feminization comics,best file hosting site for feminization comics​,n/a,n/a,0,0,,n/a,n/a,n/a,0.00,0.00,n/a,n/a,"For metrics, refresh"
best file hosting site for free users,best file hosting site for free users​,n/a,n/a,0,0,,n/a,n/a,n/a,0.00,0.00,n/a,n/a,"For metrics, refresh"
best file hosting site for movies,best file hosting site for movies​,n/a,n/a,0,0,,n/a,n/a,n/a,0.00,0.00,n/a,n/a,"For metrics, refresh"
best file manager for sentora web hosting,best file manager for sentora web hosting​,n/a,n/a,0,0,,n/a,n/a,n/a,0.00,0.00,n/a,n/a,"For metrics, refresh"
best for web hosting india,best for web hosting india​,n/a,n/a,0,0,,n/a,n/a,n/a,0.00,0.00,n/a,n/a,"For metrics, refresh"
best free and paid hosting for wordpress,best free and paid hosting for wordpress​,n/a,n/a,0,0,,n/a,n/a,n/a,0.00,0.00,n/a,n/a,"For metrics, refresh"
best free domain with hosting for ecommerce,best free domain with hosting for ecommerce​,n/a,n/a,0,0,,n/a,n/a,n/a,0.00,0.00,n/a,n/a,"For metrics, refresh"
best free email hosting 2016 for small business,best free email hosting 2016 for small business​,n/a,n/a,0,0,,n/a,n/a,n/a,0.00,0.00,n/a,n/a,"For metrics, refresh"
best free email hosting for business,best free email hosting for business​,n/a,n/a,0,0,,n/a,n/a,n/a,0.00,0.00,n/a,n/a,"For metrics, refresh"
best free email hosting for my domain,best free email hosting for my domain​,n/a,n/a,0,0,,n/a,n/a,n/a,0.00,0.00,n/a,n/a,"For metrics, refresh"
best free email hosting for your domain,best free email hosting for your domain​,n/a,n/a,0,0,,n/a,n/a,n/a,0.00,0.00,n/a,n/a,"For metrics, refresh"
best free host for website quora,best free host for website quora​,n/a,n/a,0,0,,n/a,n/a,n/a,0.00,0.00,n/a,n/a,"For metrics, refresh"
best free host for wordpress quora,best free host for wordpress quora​,n/a,n/a,0,0,,n/a,n/a,n/a,0.00,0.00,n/a,n/a,"For metrics, refresh"
best free hosting control panel for ubuntu,best free hosting control panel for ubuntu​,n/a,n/a,0,0,,n/a,n/a,n/a,0.00,0.00,n/a,n/a,"For metrics, refresh"
best free hosting for b,best free hosting for b​,n/a,n/a,0,0,,n/a,n/a,n/a,0.00,0.00,n/a,n/a,"For metrics, refresh"
best free hosting for email,best free hosting for email​,n/a,n/a,0,0,,n/a,n/a,n/a,0.00,0.00,n/a,n/a,"For metrics, refresh"
best free hosting for java web application,best free hosting for java web application​,n/a,n/a,0,0,,n/a,n/a,n/a,0.00,0.00,n/a,n/a,"For metrics, refresh"
best free hosting for life,best free hosting for life​,n/a,n/a,0,0,,n/a,n/a,n/a,0.00,0.00,n/a,n/a,"For metrics, refresh"
best free hosting for opencart,best free hosting for opencart​,n/a,n/a,0,0,,n/a,n/a,n/a,0.00,0.00,n/a,n/a,"For metrics, refresh"
best free hosting for phishing,best free hosting for phishing​,n/a,n/a,0,0,,n/a,n/a,n/a,0.00,0.00,n/a,n/a,"For metrics, refresh"
best free hosting for php,best free hosting for php​,n/a,n/a,0,0,,n/a,n/a,n/a,0.00,0.00,n/a,n/a,"For metrics, refresh"
best free hosting for podcasts,best free hosting for podcasts​,n/a,n/a,0,0,,n/a,n/a,n/a,0.00,0.00,n/a,n/a,"For metrics, refresh"
best free hosting for testing react app,best free hosting for testing react app​,n/a,n/a,0,0,,n/a,n/a,n/a,0.00,0.00,n/a,n/a,"For metrics, refresh"
best free hosting for wordpress 2014,best free hosting for wordpress 2014​,n/a,n/a,0,0,,n/a,n/a,n/a,0.00,0.00,n/a,n/a,"For metrics, refresh"
best free hosting for wordpress 2015,best free hosting for wordpress 2015​,n/a,n/a,0,0,,n/a,n/a,n/a,0.00,0.00,n/a,n/a,"For metrics, refresh"
best free hosting for wordpress 2016,best free hosting for wordpress 2016​,n/a,n/a,0,0,,n/a,n/a,n/a,0.00,0.00,n/a,n/a,"For metrics, refresh"
best free hosting for wordpress 2017,best free hosting for wordpress 2017​,n/a,n/a,0,0,,n/a,n/a,n/a,0.00,0.00,n/a,n/a,"For metrics, refresh"
best free hosting for wordpress 2018,best free hosting for wordpress 2018​,n/a,n/a,0,0,,n/a,n/a,n/a,0.00,0.00,n/a,n/a,"For metrics, refresh"
best free hosting for wordpress 2019,best free hosting for wordpress 2019​,n/a,n/a,0,0,,n/a,n/a,n/a,0.00,0.00,n/a,n/a,"For metrics, refresh"
best free hosting for wordpress 2020,best free hosting for wordpress 2020​,n/a,n/a,0,0,,n/a,n/a,n/a,0.00,0.00,n/a,n/a,"For metrics, refresh"
best free hosting for wordpress quora,best free hosting for wordpress quora​,n/a,n/a,0,0,,n/a,n/a,n/a,0.00,0.00,n/a,n/a,"For metrics, refresh"
best free hosting for wordpress with addons domain,best free hosting for wordpress with addons domain​,n/a,n/a,0,0,,n/a,n/a,n/a,0.00,0.00,n/a,n/a,"For metrics, refresh"
best free hosting for wordpress with maximum storage,best free hosting for wordpress with maximum storage​,n/a,n/a,0,0,,n/a,n/a,n/a,0.00,0.00,n/a,n/a,"For metrics, refresh"
best free hosting sites for asp.net,best free hosting sites for asp.net​,n/a,n/a,0,0,,n/a,n/a,n/a,0.00,0.00,n/a,n/a,"For metrics, refresh"
best free hosting sites for beginners,best free hosting sites for beginners​,n/a,n/a,0,0,,n/a,n/a,n/a,0.00,0.00,n/a,n/a,"For metrics, refresh"
best free hosting sites for django app,best free hosting sites for django app​,n/a,n/a,0,0,,n/a,n/a,n/a,0.00,0.00,n/a,n/a,"For metrics, refresh"
best free hosting sites for phishing,best free hosting sites for phishing​,n/a,n/a,0,0,,n/a,n/a,n/a,0.00,0.00,n/a,n/a,"For metrics, refresh"
best free hosting sites for students,best free hosting sites for students​,n/a,n/a,0,0,,n/a,n/a,n/a,0.00,0.00,n/a,n/a,"For metrics, refresh"
best free hosting sites for wordpressgo,best free hosting sites for wordpressgo​,n/a,n/a,0,0,,n/a,n/a,n/a,0.00,0.00,n/a,n/a,"For metrics, refresh"
best free hosting sites with cpanel for tk,best free hosting sites with cpanel for tk​,n/a,n/a,0,0,,n/a,n/a,n/a,0.00,0.00,n/a,n/a,"For metrics, refresh"
best free hosts for wordpress,best free hosts for wordpress​,n/a,n/a,0,0,,n/a,n/a,n/a,0.00,0.00,n/a,n/a,"For metrics, refresh"
best free image hosting for ebay,best free image hosting for ebay​,n/a,n/a,0,0,,n/a,n/a,n/a,0.00,0.00,n/a,n/a,"For metrics, refresh"
best free image hosting for forums,best free image hosting for forums​,n/a,n/a,0,0,,n/a,n/a,n/a,0.00,0.00,n/a,n/a,"For metrics, refresh"
best free image hosting site for ebay,best free image hosting site for ebay​,n/a,n/a,0,0,,n/a,n/a,n/a,0.00,0.00,n/a,n/a,"For metrics, refresh"
best free internet host for wordpress,best free internet host for wordpress​,n/a,n/a,0,0,,n/a,n/a,n/a,0.00,0.00,n/a,n/a,"For metrics, refresh"
best free internet radio hosting for resellers,best free internet radio hosting for resellers​,n/a,n/a,0,0,,n/a,n/a,n/a,0.00,0.00,n/a,n/a,"For metrics, refresh"
best free plan for sql database hosting stackoverflow,best free plan for sql database hosting stackoverflow​,n/a,n/a,0,0,,n/a,n/a,n/a,0.00,0.00,n/a,n/a,"For metrics, refresh"
best free real time game hosting server for game development,best free real time game hosting server for game development​,n/a,n/a,0,0,,n/a,n/a,n/a,0.00,0.00,n/a,n/a,"For metrics, refresh"
best free real time game hosting servers for game development,best free real time game hosting servers for game development​,n/a,n/a,0,0,,n/a,n/a,n/a,0.00,0.00,n/a,n/a,"For metrics, refresh"
best free sites for web hosting videos porn,best free sites for web hosting videos porn​,n/a,n/a,0,0,,n/a,n/a,n/a,0.00,0.00,n/a,n/a,"For metrics, refresh"
best free web host for blog,best free web host for blog​,n/a,n/a,0,0,,n/a,n/a,n/a,0.00,0.00,n/a,n/a,"For metrics, refresh"
best free web hosting for blogs,best free web hosting for blogs​,n/a,n/a,0,0,,n/a,n/a,n/a,0.00,0.00,n/a,n/a,"For metrics, refresh"
best free web hosting for developers,best free web hosting for developers​,n/a,n/a,0,0,,n/a,n/a,n/a,0.00,0.00,n/a,n/a,"For metrics, refresh"
best free web hosting for ecommerce india,best free web hosting for ecommerce india​,n/a,n/a,0,0,,n/a,n/a,n/a,0.00,0.00,n/a,n/a,"For metrics, refresh"
best free web hosting for google adsense,best free web hosting for google adsense​,n/a,n/a,0,0,,n/a,n/a,n/a,0.00,0.00,n/a,n/a,"For metrics, refresh"
best free web hosting for html,best free web hosting for html​,n/a,n/a,0,0,,n/a,n/a,n/a,0.00,0.00,n/a,n/a,"For metrics, refresh"
best free web hosting for testing,best free web hosting for testing​,n/a,n/a,0,0,,n/a,n/a,n/a,0.00,0.00,n/a,n/a,"For metrics, refresh"
best free web hosting for trial,best free web hosting for trial​,n/a,n/a,0,0,,n/a,n/a,n/a,0.00,0.00,n/a,n/a,"For metrics, refresh"
best free web hosting service for wordpress,best free web hosting service for wordpress​,n/a,n/a,0,0,,n/a,n/a,n/a,0.00,0.00,n/a,n/a,"For metrics, refresh"
best free web hosting site for asp,best free web hosting site for asp​,n/a,n/a,0,0,,n/a,n/a,n/a,0.00,0.00,n/a,n/a,"For metrics, refresh"
best free web hosting site for asp net,best free web hosting site for asp net​,n/a,n/a,0,0,,n/a,n/a,n/a,0.00,0.00,n/a,n/a,"For metrics, refresh"
best free web hosting site for lifetime,best free web hosting site for lifetime​,n/a,n/a,0,0,,n/a,n/a,n/a,0.00,0.00,n/a,n/a,"For metrics, refresh"
best free web hosting sites for phishing,best free web hosting sites for phishing​,n/a,n/a,0,0,,n/a,n/a,n/a,0.00,0.00,n/a,n/a,"For metrics, refresh"
best free web hosting sites for photographers,best free web hosting sites for photographers​,n/a,n/a,0,0,,n/a,n/a,n/a,0.00,0.00,n/a,n/a,"For metrics, refresh"
best free website hosting for affiliate marketing,best free website hosting for affiliate marketing​,n/a,n/a,0,0,,n/a,n/a,n/a,0.00,0.00,n/a,n/a,"For metrics, refresh"
best free website hosting for artists,best free website hosting for artists​,n/a,n/a,0,0,,n/a,n/a,n/a,0.00,0.00,n/a,n/a,"For metrics, refresh"
best free website hosting for photographers,best free website hosting for photographers​,n/a,n/a,0,0,,n/a,n/a,n/a,0.00,0.00,n/a,n/a,"For metrics, refresh"
best free website hosting for wordpress,best free website hosting for wordpress​,n/a,n/a,0,0,,n/a,n/a,n/a,0.00,0.00,n/a,n/a,"For metrics, refresh"
best free websites for pdf to host and read,best free websites for pdf to host and read​,n/a,n/a,0,0,,n/a,n/a,n/a,0.00,0.00,n/a,n/a,"For metrics, refresh"
best ftp hosting for spamming free,best ftp hosting for spamming free​,n/a,n/a,0,0,,n/a,n/a,n/a,0.00,0.00,n/a,n/a,"For metrics, refresh"
best games to host servers for,best games to host servers for​,n/a,n/a,0,0,,n/a,n/a,n/a,0.00,0.00,n/a,n/a,"For metrics, refresh"
best gifts for host family,best gifts for host family​,n/a,n/a,0,0,,n/a,n/a,n/a,0.00,0.00,n/a,n/a,"For metrics, refresh"
best godaddy hosting plan for first time user,best godaddy hosting plan for first time user​,n/a,n/a,0,0,,n/a,n/a,n/a,0.00,0.00,n/a,n/a,"For metrics, refresh"
best godaddy plesk shared hostings settings for wordpress,best godaddy plesk shared hostings settings for wordpress​,n/a,n/a,0,0,,n/a,n/a,n/a,0.00,0.00,n/a,n/a,"For metrics, refresh"
best high speed server hosting for streaming,best high speed server hosting for streaming​,n/a,n/a,0,0,,n/a,n/a,n/a,0.00,0.00,n/a,n/a,"For metrics, refresh"
best host agency for new travel agents,best host agency for new travel agents​,n/a,n/a,0,0,,n/a,n/a,n/a,0.00,0.00,n/a,n/a,"For metrics, refresh"
best host file for pubg mobile,best host file for pubg mobile​,n/a,n/a,0,0,,n/a,n/a,n/a,0.00,0.00,n/a,n/a,"For metrics, refresh"
best host for 2 player multiplayer ios,best host for 2 player multiplayer ios​,n/a,n/a,0,0,,n/a,n/a,n/a,0.00,0.00,n/a,n/a,"For metrics, refresh"
best host for a dropshipping wordpress webpage,best host for a dropshipping wordpress webpage​,n/a,n/a,0,0,,n/a,n/a,n/a,0.00,0.00,n/a,n/a,"For metrics, refresh"
best host for a wordpress website,best host for a wordpress website​,n/a,n/a,0,0,,n/a,n/a,n/a,0.00,0.00,n/a,n/a,"For metrics, refresh"
best host for big business,best host for big business​,n/a,n/a,0,0,,n/a,n/a,n/a,0.00,0.00,n/a,n/a,"For metrics, refresh"
best host for big bussiness,best host for big bussiness​,n/a,n/a,0,0,,n/a,n/a,n/a,0.00,0.00,n/a,n/a,"For metrics, refresh"
best host for blog reddit,best host for blog reddit​,n/a,n/a,0,0,,n/a,n/a,n/a,0.00,0.00,n/a,n/a,"For metrics, refresh"
best host for blogs india,best host for blogs india​,n/a,n/a,0,0,,n/a,n/a,n/a,0.00,0.00,n/a,n/a,"For metrics, refresh"
best host for community website,best host for community website​,n/a,n/a,0,0,,n/a,n/a,n/a,0.00,0.00,n/a,n/a,"For metrics, refresh"
best host for dns,best host for dns​,n/a,n/a,0,0,,n/a,n/a,n/a,0.00,0.00,n/a,n/a,"For metrics, refresh"
best host for domain hosting,best host for domain hosting​,n/a,n/a,0,0,,n/a,n/a,n/a,0.00,0.00,n/a,n/a,"For metrics, refresh"
best host for domain name wordpress,best host for domain name wordpress​,n/a,n/a,0,0,,n/a,n/a,n/a,0.00,0.00,n/a,n/a,"For metrics, refresh"
best host for food blog,best host for food blog​,n/a,n/a,0,0,,n/a,n/a,n/a,0.00,0.00,n/a,n/a,"For metrics, refresh"
best host for high traffic store wordpress,best host for high traffic store wordpress​,n/a,n/a,0,0,,n/a,n/a,n/a,0.00,0.00,n/a,n/a,"For metrics, refresh"
best host for multiple wordpress,best host for multiple wordpress​,n/a,n/a,0,0,,n/a,n/a,n/a,0.00,0.00,n/a,n/a,"For metrics, refresh"
best host for multiple wordpress blogs,best host for multiple wordpress blogs​,n/a,n/a,0,0,,n/a,n/a,n/a,0.00,0.00,n/a,n/a,"For metrics, refresh"
best host for multiple wordpress sites,best host for multiple wordpress sites​,n/a,n/a,0,0,,n/a,n/a,n/a,0.00,0.00,n/a,n/a,"For metrics, refresh"
best host for node js application,best host for node js application​,n/a,n/a,0,0,,n/a,n/a,n/a,0.00,0.00,n/a,n/a,"For metrics, refresh"
best host for pubg hack,best host for pubg hack​,n/a,n/a,0,0,,n/a,n/a,n/a,0.00,0.00,n/a,n/a,"For metrics, refresh"
best host for travel blog,best host for travel blog​,n/a,n/a,0,0,,n/a,n/a,n/a,0.00,0.00,n/a,n/a,"For metrics, refresh"
best host for virtualbox,best host for virtualbox​,n/a,n/a,0,0,,n/a,n/a,n/a,0.00,0.00,n/a,n/a,"For metrics, refresh"
best host for web apps with unlimited bandwidth,best host for web apps with unlimited bandwidth​,n/a,n/a,0,0,,n/a,n/a,n/a,0.00,0.00,n/a,n/a,"For metrics, refresh"
best host for wordpress 2018,best host for wordpress 2018​,n/a,n/a,0,0,,n/a,n/a,n/a,0.00,0.00,n/a,n/a,"For metrics, refresh"
best host for wordpress india,best host for wordpress india​,n/a,n/a,0,0,,n/a,n/a,n/a,0.00,0.00,n/a,n/a,"For metrics, refresh"
best host for wordpress siteall hosts for wp,best host for wordpress siteall hosts for wp​,n/a,n/a,0,0,,n/a,n/a,n/a,0.00,0.00,n/a,n/a,"For metrics, refresh"
best host for wordpress.org in china,best host for wordpress.org in china​,n/a,n/a,0,0,,n/a,n/a,n/a,0.00,0.00,n/a,n/a,"For metrics, refresh"
best host for wrodpress.org,best host for wrodpress.org​,n/a,n/a,0,0,,n/a,n/a,n/a,0.00,0.00,n/a,n/a,"For metrics, refresh"
best host for your website,best host for your website​,n/a,n/a,0,0,,n/a,n/a,n/a,0.00,0.00,n/a,n/a,"For metrics, refresh"
best host os for testing ansible,best host os for testing ansible​,n/a,n/a,0,0,,n/a,n/a,n/a,0.00,0.00,n/a,n/a,"For metrics, refresh"
best host os for vmware,best host os for vmware​,n/a,n/a,0,0,,n/a,n/a,n/a,0.00,0.00,n/a,n/a,"For metrics, refresh"
best host plants for sandalwood plants,best host plants for sandalwood plants​,n/a,n/a,0,0,,n/a,n/a,n/a,0.00,0.00,n/a,n/a,"For metrics, refresh"
best host provider for java website,best host provider for java website​,n/a,n/a,0,0,,n/a,n/a,n/a,0.00,0.00,n/a,n/a,"For metrics, refresh"
best host providers for wordpress,best host providers for wordpress​,n/a,n/a,0,0,,n/a,n/a,n/a,0.00,0.00,n/a,n/a,"For metrics, refresh"
best host server for javascript,best host server for javascript​,n/a,n/a,0,0,,n/a,n/a,n/a,0.00,0.00,n/a,n/a,"For metrics, refresh"
best host server for website,best host server for website​,n/a,n/a,0,0,,n/a,n/a,n/a,0.00,0.00,n/a,n/a,"For metrics, refresh"
best host shrubs for sandalwood,best host shrubs for sandalwood​,n/a,n/a,0,0,,n/a,n/a,n/a,0.00,0.00,n/a,n/a,"For metrics, refresh"
best host site for windows server,best host site for windows server​,n/a,n/a,0,0,,n/a,n/a,n/a,0.00,0.00,n/a,n/a,"For metrics, refresh"
best host to launch blog for free,best host to launch blog for free​,n/a,n/a,0,0,,n/a,n/a,n/a,0.00,0.00,n/a,n/a,"For metrics, refresh"
best host travel agency for beginners,best host travel agency for beginners​,n/a,n/a,0,0,,n/a,n/a,n/a,0.00,0.00,n/a,n/a,"For metrics, refresh"
best host travel agency for beginners 2017,best host travel agency for beginners 2017​,n/a,n/a,0,0,,n/a,n/a,n/a,0.00,0.00,n/a,n/a,"For metrics, refresh"
best host travel agency for beginners 2018,best host travel agency for beginners 2018​,n/a,n/a,0,0,,n/a,n/a,n/a,0.00,0.00,n/a,n/a,"For metrics, refresh"
best host travel agency for beginners 2019,best host travel agency for beginners 2019​,n/a,n/a,0,0,,n/a,n/a,n/a,0.00,0.00,n/a,n/a,"For metrics, refresh"
best host travel agency for beginners india,best host travel agency for beginners india​,n/a,n/a,0,0,,n/a,n/a,n/a,0.00,0.00,n/a,n/a,"For metrics, refresh"
best host travel agency for new agents in india,best host travel agency for new agents in india​,n/a,n/a,0,0,,n/a,n/a,n/a,0.00,0.00,n/a,n/a,"For metrics, refresh"
best host trees for sandalwood,best host trees for sandalwood​,n/a,n/a,0,0,,n/a,n/a,n/a,0.00,0.00,n/a,n/a,"For metrics, refresh"
best host website for fb phishing,best host website for fb phishing​,n/a,n/a,0,0,,n/a,n/a,n/a,0.00,0.00,n/a,n/a,"For metrics, refresh"
best hosted email solution for small business,best hosted email solution for small business​,n/a,n/a,0,0,,n/a,n/a,n/a,0.00,0.00,n/a,n/a,"For metrics, refresh"
best hosted pbx for small business,best hosted pbx for small business​,n/a,n/a,0,0,,n/a,n/a,n/a,0.00,0.00,n/a,n/a,"For metrics, refresh"
best hosted voip for small business,best hosted voip for small business​,n/a,n/a,0,0,,n/a,n/a,n/a,0.00,0.00,n/a,n/a,"For metrics, refresh"
best hosting and domain plan in india for beginners,best hosting and domain plan in india for beginners​,n/a,n/a,0,0,,n/a,n/a,n/a,0.00,0.00,n/a,n/a,"For metrics, refresh"
best hosting companies for social networks,best hosting companies for social networks​,n/a,n/a,0,0,,n/a,n/a,n/a,0.00,0.00,n/a,n/a,"For metrics, refresh"
best hosting companies for wordpress blogs,best hosting companies for wordpress blogs​,n/a,n/a,0,0,,n/a,n/a,n/a,0.00,0.00,n/a,n/a,"For metrics, refresh"
best hosting companies in jaipur for job,best hosting companies in jaipur for job​,n/a,n/a,0,0,,n/a,n/a,n/a,0.00,0.00,n/a,n/a,"For metrics, refresh"
best hosting company for buddypress,best hosting company for buddypress​,n/a,n/a,0,0,,n/a,n/a,n/a,0.00,0.00,n/a,n/a,"For metrics, refresh"
best hosting company for ecommerce website india,best hosting company for ecommerce website india​,n/a,n/a,0,0,,n/a,n/a,n/a,0.00,0.00,n/a,n/a,"For metrics, refresh"
best hosting company for magento,best hosting company for magento​,n/a,n/a,0,0,,n/a,n/a,n/a,0.00,0.00,n/a,n/a,"For metrics, refresh"
best hosting company for multiple domains,best hosting company for multiple domains​,n/a,n/a,0,0,,n/a,n/a,n/a,0.00,0.00,n/a,n/a,"For metrics, refresh"
best hosting company for single domain,best hosting company for single domain​,n/a,n/a,0,0,,n/a,n/a,n/a,0.00,0.00,n/a,n/a,"For metrics, refresh"
best hosting company for wordpress site,best hosting company for wordpress site​,n/a,n/a,0,0,,n/a,n/a,n/a,0.00,0.00,n/a,n/a,"For metrics, refresh"
best hosting configruation for e commerce website,best hosting configruation for e commerce website​,n/a,n/a,0,0,,n/a,n/a,n/a,0.00,0.00,n/a,n/a,"For metrics, refresh"
best hosting configuration for interspire setup,best hosting configuration for interspire setup​,n/a,n/a,0,0,,n/a,n/a,n/a,0.00,0.00,n/a,n/a,"For metrics, refresh"
best hosting configuration for studdio websites,best hosting configuration for studdio websites​,n/a,n/a,0,0,,n/a,n/a,n/a,0.00,0.00,n/a,n/a,"For metrics, refresh"
best hosting control panel for linux,best hosting control panel for linux​,n/a,n/a,0,0,,n/a,n/a,n/a,0.00,0.00,n/a,n/a,"For metrics, refresh"
best hosting deals for multiple wordpress sites,best hosting deals for multiple wordpress sites​,n/a,n/a,0,0,,n/a,n/a,n/a,0.00,0.00,n/a,n/a,"For metrics, refresh"
best hosting domains for free,best hosting domains for free​,n/a,n/a,0,0,,n/a,n/a,n/a,0.00,0.00,n/a,n/a,"For metrics, refresh"
best hosting ever for magento,best hosting ever for magento​,n/a,n/a,0,0,,n/a,n/a,n/a,0.00,0.00,n/a,n/a,"For metrics, refresh"
best hosting for 1 million visitors,best hosting for 1 million visitors​,n/a,n/a,0,0,,n/a,n/a,n/a,0.00,0.00,n/a,n/a,"For metrics, refresh"
best hosting for 100 simultaneous connections,best hosting for 100 simultaneous connections​,n/a,n/a,0,0,,n/a,n/a,n/a,0.00,0.00,n/a,n/a,"For metrics, refresh"
best hosting for 150k traffic per day,best hosting for 150k traffic per day​,n/a,n/a,0,0,,n/a,n/a,n/a,0.00,0.00,n/a,n/a,"For metrics, refresh"
best hosting for 2019,best hosting for 2019​,n/a,n/a,0,0,,n/a,n/a,n/a,0.00,0.00,n/a,n/a,"For metrics, refresh"
best hosting for 20k visitors daily,best hosting for 20k visitors daily​,n/a,n/a,0,0,,n/a,n/a,n/a,0.00,0.00,n/a,n/a,"For metrics, refresh"
best hosting for 3cx,best hosting for 3cx​,n/a,n/a,0,0,,n/a,n/a,n/a,0.00,0.00,n/a,n/a,"For metrics, refresh"
best hosting for 5000 traffic,best hosting for 5000 traffic​,n/a,n/a,0,0,,n/a,n/a,n/a,0.00,0.00,n/a,n/a,"For metrics, refresh"
best hosting for a community website,best hosting for a community website​,n/a,n/a,0,0,,n/a,n/a,n/a,0.00,0.00,n/a,n/a,"For metrics, refresh"
best hosting for a larvel site,best hosting for a larvel site​,n/a,n/a,0,0,,n/a,n/a,n/a,0.00,0.00,n/a,n/a,"For metrics, refresh"
best hosting for a wordpress blog,best hosting for a wordpress blog​,n/a,n/a,0,0,,n/a,n/a,n/a,0.00,0.00,n/a,n/a,"For metrics, refresh"
best hosting for adult site,best hosting for adult site​,n/a,n/a,0,0,,n/a,n/a,n/a,0.00,0.00,n/a,n/a,"For metrics, refresh"
best hosting for adult video wordpress,best hosting for adult video wordpress​,n/a,n/a,0,0,,n/a,n/a,n/a,0.00,0.00,n/a,n/a,"For metrics, refresh"
best hosting for adult website,best hosting for adult website​,n/a,n/a,0,0,,n/a,n/a,n/a,0.00,0.00,n/a,n/a,"For metrics, refresh"
best hosting for affiliate websitte,best hosting for affiliate websitte​,n/a,n/a,0,0,,n/a,n/a,n/a,0.00,0.00,n/a,n/a,"For metrics, refresh"
best hosting for affiliet marketing,best hosting for affiliet marketing​,n/a,n/a,0,0,,n/a,n/a,n/a,0.00,0.00,n/a,n/a,"For metrics, refresh"
best hosting for agency site,best hosting for agency site​,n/a,n/a,0,0,,n/a,n/a,n/a,0.00,0.00,n/a,n/a,"For metrics, refresh"
best hosting for amazon affiliate,best hosting for amazon affiliate​,n/a,n/a,0,0,,n/a,n/a,n/a,0.00,0.00,n/a,n/a,"For metrics, refresh"
best hosting for android,best hosting for android​,n/a,n/a,0,0,,n/a,n/a,n/a,0.00,0.00,n/a,n/a,"For metrics, refresh"
best hosting for android mysql php,best hosting for android mysql php​,n/a,n/a,0,0,,n/a,n/a,n/a,0.00,0.00,n/a,n/a,"For metrics, refresh"
best hosting for angular application,best hosting for angular application​,n/a,n/a,0,0,,n/a,n/a,n/a,0.00,0.00,n/a,n/a,"For metrics, refresh"
best hosting for angular7 application,best hosting for angular7 application​,n/a,n/a,0,0,,n/a,n/a,n/a,0.00,0.00,n/a,n/a,"For metrics, refresh"
best hosting for aphp site,best hosting for aphp site​,n/a,n/a,0,0,,n/a,n/a,n/a,0.00,0.00,n/a,n/a,"For metrics, refresh"
best hosting for asp net mvc,best hosting for asp net mvc​,n/a,n/a,0,0,,n/a,n/a,n/a,0.00,0.00,n/a,n/a,"For metrics, refresh"
best hosting for bed and breakfast wordpress site,best hosting for bed and breakfast wordpress site​,n/a,n/a,0,0,,n/a,n/a,n/a,0.00,0.00,n/a,n/a,"For metrics, refresh"
best hosting for beginner,best hosting for beginner​,n/a,n/a,0,0,,n/a,n/a,n/a,0.00,0.00,n/a,n/a,"For metrics, refresh"
best hosting for beginners in india,best hosting for beginners in india​,n/a,n/a,0,0,,n/a,n/a,n/a,0.00,0.00,n/a,n/a,"For metrics, refresh"
best hosting for blog 2017,best hosting for blog 2017​,n/a,n/a,0,0,,n/a,n/a,n/a,0.00,0.00,n/a,n/a,"For metrics, refresh"
best hosting for bloging,best hosting for bloging​,n/a,n/a,0,0,,n/a,n/a,n/a,0.00,0.00,n/a,n/a,"For metrics, refresh"
best hosting for bootstrap,best hosting for bootstrap​,n/a,n/a,0,0,,n/a,n/a,n/a,0.00,0.00,n/a,n/a,"For metrics, refresh"
best hosting for botmakers,best hosting for botmakers​,n/a,n/a,0,0,,n/a,n/a,n/a,0.00,0.00,n/a,n/a,"For metrics, refresh"
best hosting for budget,best hosting for budget​,n/a,n/a,0,0,,n/a,n/a,n/a,0.00,0.00,n/a,n/a,"For metrics, refresh"
best hosting for business purpose,best hosting for business purpose​,n/a,n/a,0,0,,n/a,n/a,n/a,0.00,0.00,n/a,n/a,"For metrics, refresh"
best hosting for canada,best hosting for canada​,n/a,n/a,0,0,,n/a,n/a,n/a,0.00,0.00,n/a,n/a,"For metrics, refresh"
best hosting for cheap wordpress,best hosting for cheap wordpress​,n/a,n/a,0,0,,n/a,n/a,n/a,0.00,0.00,n/a,n/a,"For metrics, refresh"
best hosting for chinese sites,best hosting for chinese sites​,n/a,n/a,0,0,,n/a,n/a,n/a,0.00,0.00,n/a,n/a,"For metrics, refresh"
best hosting for classified ads websites in wordpress,best hosting for classified ads websites in wordpress​,n/a,n/a,0,0,,n/a,n/a,n/a,0.00,0.00,n/a,n/a,"For metrics, refresh"
best hosting for classified site,best hosting for classified site​,n/a,n/a,0,0,,n/a,n/a,n/a,0.00,0.00,n/a,n/a,"For metrics, refresh"
best hosting for codeigniter,best hosting for codeigniter​,n/a,n/a,0,0,,n/a,n/a,n/a,0.00,0.00,n/a,n/a,"For metrics, refresh"
best hosting for codeigniter ecommerce,best hosting for codeigniter ecommerce​,n/a,n/a,0,0,,n/a,n/a,n/a,0.00,0.00,n/a,n/a,"For metrics, refresh"
best hosting for coupon website,best hosting for coupon website​,n/a,n/a,0,0,,n/a,n/a,n/a,0.00,0.00,n/a,n/a,"For metrics, refresh"
best hosting for cpa,best hosting for cpa​,n/a,n/a,0,0,,n/a,n/a,n/a,0.00,0.00,n/a,n/a,"For metrics, refresh"
best hosting for designers,best hosting for designers​,n/a,n/a,0,0,,n/a,n/a,n/a,0.00,0.00,n/a,n/a,"For metrics, refresh"
best hosting for developers reddit,best hosting for developers reddit​,n/a,n/a,0,0,,n/a,n/a,n/a,0.00,0.00,n/a,n/a,"For metrics, refresh"
best hosting for divi theme,best hosting for divi theme​,n/a,n/a,0,0,,n/a,n/a,n/a,0.00,0.00,n/a,n/a,"For metrics, refresh"
best hosting for django web app,best hosting for django web app​,n/a,n/a,0,0,,n/a,n/a,n/a,0.00,0.00,n/a,n/a,"For metrics, refresh"
best hosting for docker,best hosting for docker​,n/a,n/a,0,0,,n/a,n/a,n/a,0.00,0.00,n/a,n/a,"For metrics, refresh"
best hosting for dropshipping,best hosting for dropshipping​,n/a,n/a,0,0,,n/a,n/a,n/a,0.00,0.00,n/a,n/a,"For metrics, refresh"
best hosting for drupal 8,best hosting for drupal 8​,n/a,n/a,0,0,,n/a,n/a,n/a,0.00,0.00,n/a,n/a,"For metrics, refresh"
best hosting for drupal websites,best hosting for drupal websites​,n/a,n/a,0,0,,n/a,n/a,n/a,0.00,0.00,n/a,n/a,"For metrics, refresh"
best hosting for dynamic websites,best hosting for dynamic websites​,n/a,n/a,0,0,,n/a,n/a,n/a,0.00,0.00,n/a,n/a,"For metrics, refresh"
best hosting for e commerce startup,best hosting for e commerce startup​,n/a,n/a,0,0,,n/a,n/a,n/a,0.00,0.00,n/a,n/a,"For metrics, refresh"
best hosting for ecommerce asp.net,best hosting for ecommerce asp.net​,n/a,n/a,0,0,,n/a,n/a,n/a,0.00,0.00,n/a,n/a,"For metrics, refresh"
best hosting for ecommerce in india,best hosting for ecommerce in india​,n/a,n/a,0,0,,n/a,n/a,n/a,0.00,0.00,n/a,n/a,"For metrics, refresh"
best hosting for ecommerce india,best hosting for ecommerce india​,n/a,n/a,0,0,,n/a,n/a,n/a,0.00,0.00,n/a,n/a,"For metrics, refresh"
best hosting for ecommerce site having 10k visit montly,best hosting for ecommerce site having 10k visit montly​,n/a,n/a,0,0,,n/a,n/a,n/a,0.00,0.00,n/a,n/a,"For metrics, refresh"
best hosting for ecommerce site having 300 visit daily,best hosting for ecommerce site having 300 visit daily​,n/a,n/a,0,0,,n/a,n/a,n/a,0.00,0.00,n/a,n/a,"For metrics, refresh"
best hosting for ecommerce startups,best hosting for ecommerce startups​,n/a,n/a,0,0,,n/a,n/a,n/a,0.00,0.00,n/a,n/a,"For metrics, refresh"
best hosting for ecommerce website india 2019,best hosting for ecommerce website india 2019​,n/a,n/a,0,0,,n/a,n/a,n/a,0.00,0.00,n/a,n/a,"For metrics, refresh"
best hosting for ecommerce website pricing,best hosting for ecommerce website pricing​,n/a,n/a,0,0,,n/a,n/a,n/a,0.00,0.00,n/a,n/a,"For metrics, refresh"
best hosting for education hindi,best hosting for education hindi​,n/a,n/a,0,0,,n/a,n/a,n/a,0.00,0.00,n/a,n/a,"For metrics, refresh"
best hosting for email marketing,best hosting for email marketing​,n/a,n/a,0,0,,n/a,n/a,n/a,0.00,0.00,n/a,n/a,"For metrics, refresh"
best hosting for europe,best hosting for europe​,n/a,n/a,0,0,,n/a,n/a,n/a,0.00,0.00,n/a,n/a,"For metrics, refresh"
best hosting for event blogging,best hosting for event blogging​,n/a,n/a,0,0,,n/a,n/a,n/a,0.00,0.00,n/a,n/a,"For metrics, refresh"
best hosting for fast wordpress,best hosting for fast wordpress​,n/a,n/a,0,0,,n/a,n/a,n/a,0.00,0.00,n/a,n/a,"For metrics, refresh"
best hosting for fast wordpress quora,best hosting for fast wordpress quora​,n/a,n/a,0,0,,n/a,n/a,n/a,0.00,0.00,n/a,n/a,"For metrics, refresh"
best hosting for file sharing,best hosting for file sharing​,n/a,n/a,0,0,,n/a,n/a,n/a,0.00,0.00,n/a,n/a,"For metrics, refresh"
best hosting for ftp,best hosting for ftp​,n/a,n/a,0,0,,n/a,n/a,n/a,0.00,0.00,n/a,n/a,"For metrics, refresh"
best hosting for games,best hosting for games​,n/a,n/a,0,0,,n/a,n/a,n/a,0.00,0.00,n/a,n/a,"For metrics, refresh"
best hosting for golang,best hosting for golang​,n/a,n/a,0,0,,n/a,n/a,n/a,0.00,0.00,n/a,n/a,"For metrics, refresh"
best hosting for heavy traffic website,best hosting for heavy traffic website​,n/a,n/a,0,0,,n/a,n/a,n/a,0.00,0.00,n/a,n/a,"For metrics, refresh"
best hosting for high bandwidth website,best hosting for high bandwidth website​,n/a,n/a,0,0,,n/a,n/a,n/a,0.00,0.00,n/a,n/a,"For metrics, refresh"
best hosting for high traffic sites,best hosting for high traffic sites​,n/a,n/a,0,0,,n/a,n/a,n/a,0.00,0.00,n/a,n/a,"For metrics, refresh"
best hosting for high traffic websites shoutmeloud,best hosting for high traffic websites shoutmeloud​,n/a,n/a,0,0,,n/a,n/a,n/a,0.00,0.00,n/a,n/a,"For metrics, refresh"
best hosting for high traffic wordpress,best hosting for high traffic wordpress​,n/a,n/a,0,0,,n/a,n/a,n/a,0.00,0.00,n/a,n/a,"For metrics, refresh"
best hosting for high traffic wordpress sites,best hosting for high traffic wordpress sites​,n/a,n/a,0,0,,n/a,n/a,n/a,0.00,0.00,n/a,n/a,"For metrics, refresh"
best hosting for hosting large number of accounts,best hosting for hosting large number of accounts​,n/a,n/a,0,0,,n/a,n/a,n/a,0.00,0.00,n/a,n/a,"For metrics, refresh"
best hosting for india with server speed,best hosting for india with server speed​,n/a,n/a,0,0,,n/a,n/a,n/a,0.00,0.00,n/a,n/a,"For metrics, refresh"
best hosting for india with server speed test,best hosting for india with server speed test​,n/a,n/a,0,0,,n/a,n/a,n/a,0.00,0.00,n/a,n/a,"For metrics, refresh"
best hosting for internation site from india,best hosting for internation site from india​,n/a,n/a,0,0,,n/a,n/a,n/a,0.00,0.00,n/a,n/a,"For metrics, refresh"
best hosting for interspire setup,best hosting for interspire setup​,n/a,n/a,0,0,,n/a,n/a,n/a,0.00,0.00,n/a,n/a,"For metrics, refresh"
best hosting for java or tomcat,best hosting for java or tomcat​,n/a,n/a,0,0,,n/a,n/a,n/a,0.00,0.00,n/a,n/a,"For metrics, refresh"
best hosting for java or tomcate,best hosting for java or tomcate​,n/a,n/a,0,0,,n/a,n/a,n/a,0.00,0.00,n/a,n/a,"For metrics, refresh"
best hosting for laravel uk,best hosting for laravel uk​,n/a,n/a,0,0,,n/a,n/a,n/a,0.00,0.00,n/a,n/a,"For metrics, refresh"
best hosting for large database,best hosting for large database​,n/a,n/a,0,0,,n/a,n/a,n/a,0.00,0.00,n/a,n/a,"For metrics, refresh"
best hosting for large wordpress site in india,best hosting for large wordpress site in india​,n/a,n/a,0,0,,n/a,n/a,n/a,0.00,0.00,n/a,n/a,"For metrics, refresh"
best hosting for large wordpress site nginx or apache,best hosting for large wordpress site nginx or apache​,n/a,n/a,0,0,,n/a,n/a,n/a,0.00,0.00,n/a,n/a,"For metrics, refresh"
best hosting for larvel,best hosting for larvel​,n/a,n/a,0,0,,n/a,n/a,n/a,0.00,0.00,n/a,n/a,"For metrics, refresh"
best hosting for local shop,best hosting for local shop​,n/a,n/a,0,0,,n/a,n/a,n/a,0.00,0.00,n/a,n/a,"For metrics, refresh"
best hosting for magento 2 india,best hosting for magento 2 india​,n/a,n/a,0,0,,n/a,n/a,n/a,0.00,0.00,n/a,n/a,"For metrics, refresh"
best hosting for magento 500 products,best hosting for magento 500 products​,n/a,n/a,0,0,,n/a,n/a,n/a,0.00,0.00,n/a,n/a,"For metrics, refresh"
best hosting for magento colorlib,best hosting for magento colorlib​,n/a,n/a,0,0,,n/a,n/a,n/a,0.00,0.00,n/a,n/a,"For metrics, refresh"
best hosting for magento ecommerce,best hosting for magento ecommerce​,n/a,n/a,0,0,,n/a,n/a,n/a,0.00,0.00,n/a,n/a,"For metrics, refresh"
best hosting for magento in india,best hosting for magento in india​,n/a,n/a,0,0,,n/a,n/a,n/a,0.00,0.00,n/a,n/a,"For metrics, refresh"
best hosting for magetno 2,best hosting for magetno 2​,n/a,n/a,0,0,,n/a,n/a,n/a,0.00,0.00,n/a,n/a,"For metrics, refresh"
best hosting for managed wordpress,best hosting for managed wordpress​,n/a,n/a,0,0,,n/a,n/a,n/a,0.00,0.00,n/a,n/a,"For metrics, refresh"
best hosting for mean stack,best hosting for mean stack​,n/a,n/a,0,0,,n/a,n/a,n/a,0.00,0.00,n/a,n/a,"For metrics, refresh"
best hosting for megento,best hosting for megento​,n/a,n/a,0,0,,n/a,n/a,n/a,0.00,0.00,n/a,n/a,"For metrics, refresh"
best hosting for membership sites,best hosting for membership sites​,n/a,n/a,0,0,,n/a,n/a,n/a,0.00,0.00,n/a,n/a,"For metrics, refresh"
best hosting for millions of visitors a day,best hosting for millions of visitors a day​,n/a,n/a,0,0,,n/a,n/a,n/a,0.00,0.00,n/a,n/a,"For metrics, refresh"
best hosting for multi vender,best hosting for multi vender​,n/a,n/a,0,0,,n/a,n/a,n/a,0.00,0.00,n/a,n/a,"For metrics, refresh"
best hosting for multiple websites quora,best hosting for multiple websites quora​,n/a,n/a,0,0,,n/a,n/a,n/a,0.00,0.00,n/a,n/a,"For metrics, refresh"
best hosting for new bloggers,best hosting for new bloggers​,n/a,n/a,0,0,,n/a,n/a,n/a,0.00,0.00,n/a,n/a,"For metrics, refresh"
best hosting for new small business,best hosting for new small business​,n/a,n/a,0,0,,n/a,n/a,n/a,0.00,0.00,n/a,n/a,"For metrics, refresh"
best hosting for news portal,best hosting for news portal​,n/a,n/a,0,0,,n/a,n/a,n/a,0.00,0.00,n/a,n/a,"For metrics, refresh"
best hosting for newspaper website,best hosting for newspaper website​,n/a,n/a,0,0,,n/a,n/a,n/a,0.00,0.00,n/a,n/a,"For metrics, refresh"
best hosting for node js application,best hosting for node js application​,n/a,n/a,0,0,,n/a,n/a,n/a,0.00,0.00,n/a,n/a,"For metrics, refresh"
best hosting for nopcommerce,best hosting for nopcommerce​,n/a,n/a,0,0,,n/a,n/a,n/a,0.00,0.00,n/a,n/a,"For metrics, refresh"
best hosting for online pharmacy,best hosting for online pharmacy​,n/a,n/a,0,0,,n/a,n/a,n/a,0.00,0.00,n/a,n/a,"For metrics, refresh"
best hosting for php multiuser,best hosting for php multiuser​,n/a,n/a,0,0,,n/a,n/a,n/a,0.00,0.00,n/a,n/a,"For metrics, refresh"
best hosting for phpbb,best hosting for phpbb​,n/a,n/a,0,0,,n/a,n/a,n/a,0.00,0.00,n/a,n/a,"For metrics, refresh"
best hosting for plesk,best hosting for plesk​,n/a,n/a,0,0,,n/a,n/a,n/a,0.00,0.00,n/a,n/a,"For metrics, refresh"
best hosting for porn,best hosting for porn​,n/a,n/a,0,0,,n/a,n/a,n/a,0.00,0.00,n/a,n/a,"For metrics, refresh"
best hosting for porn site blogspot,best hosting for porn site blogspot​,n/a,n/a,0,0,,n/a,n/a,n/a,0.00,0.00,n/a,n/a,"For metrics, refresh"
best hosting for porn site blogspot pic,best hosting for porn site blogspot pic​,n/a,n/a,0,0,,n/a,n/a,n/a,0.00,0.00,n/a,n/a,"For metrics, refresh"
best hosting for prestashop ecommerce startups,best hosting for prestashop ecommerce startups​,n/a,n/a,0,0,,n/a,n/a,n/a,0.00,0.00,n/a,n/a,"For metrics, refresh"
best hosting for python dyjango,best hosting for python dyjango​,n/a,n/a,0,0,,n/a,n/a,n/a,0.00,0.00,n/a,n/a,"For metrics, refresh"
best hosting for react,best hosting for react​,n/a,n/a,0,0,,n/a,n/a,n/a,0.00,0.00,n/a,n/a,"For metrics, refresh"
best hosting for react ecommerace,best hosting for react ecommerace​,n/a,n/a,0,0,,n/a,n/a,n/a,0.00,0.00,n/a,n/a,"For metrics, refresh"
best hosting for react node js,best hosting for react node js​,n/a,n/a,0,0,,n/a,n/a,n/a,0.00,0.00,n/a,n/a,"For metrics, refresh"
best hosting for real time mobile application server,best hosting for real time mobile application server​,n/a,n/a,0,0,,n/a,n/a,n/a,0.00,0.00,n/a,n/a,"For metrics, refresh"
best hosting for ruby on rails india,best hosting for ruby on rails india​,n/a,n/a,0,0,,n/a,n/a,n/a,0.00,0.00,n/a,n/a,"For metrics, refresh"
best hosting for server,best hosting for server​,n/a,n/a,0,0,,n/a,n/a,n/a,0.00,0.00,n/a,n/a,"For metrics, refresh"
best hosting for shopping cart,best hosting for shopping cart​,n/a,n/a,0,0,,n/a,n/a,n/a,0.00,0.00,n/a,n/a,"For metrics, refresh"
best hosting for siberiancms,best hosting for siberiancms​,n/a,n/a,0,0,,n/a,n/a,n/a,0.00,0.00,n/a,n/a,"For metrics, refresh"
best hosting for singing,best hosting for singing​,n/a,n/a,0,0,,n/a,n/a,n/a,0.00,0.00,n/a,n/a,"For metrics, refresh"
best hosting for single domain,best hosting for single domain​,n/a,n/a,0,0,,n/a,n/a,n/a,0.00,0.00,n/a,n/a,"For metrics, refresh"
best hosting for site speed,best hosting for site speed​,n/a,n/a,0,0,,n/a,n/a,n/a,0.00,0.00,n/a,n/a,"For metrics, refresh"
best hosting for social media network,best hosting for social media network​,n/a,n/a,0,0,,n/a,n/a,n/a,0.00,0.00,n/a,n/a,"For metrics, refresh"
best hosting for social network,best hosting for social network​,n/a,n/a,0,0,,n/a,n/a,n/a,0.00,0.00,n/a,n/a,"For metrics, refresh"
best hosting for social network websites,best hosting for social network websites​,n/a,n/a,0,0,,n/a,n/a,n/a,0.00,0.00,n/a,n/a,"For metrics, refresh"
best hosting for social networking sites,best hosting for social networking sites​,n/a,n/a,0,0,,n/a,n/a,n/a,0.00,0.00,n/a,n/a,"For metrics, refresh"
best hosting for socialnetwork websites,best hosting for socialnetwork websites​,n/a,n/a,0,0,,n/a,n/a,n/a,0.00,0.00,n/a,n/a,"For metrics, refresh"
best hosting for socket.io,best hosting for socket.io​,n/a,n/a,0,0,,n/a,n/a,n/a,0.00,0.00,n/a,n/a,"For metrics, refresh"
best hosting for spamming,best hosting for spamming​,n/a,n/a,0,0,,n/a,n/a,n/a,0.00,0.00,n/a,n/a,"For metrics, refresh"
best hosting for storing videos,best hosting for storing videos​,n/a,n/a,0,0,,n/a,n/a,n/a,0.00,0.00,n/a,n/a,"For metrics, refresh"
best hosting for streaming,best hosting for streaming​,n/a,n/a,0,0,,n/a,n/a,n/a,0.00,0.00,n/a,n/a,"For metrics, refresh"
best hosting for test server,best hosting for test server​,n/a,n/a,0,0,,n/a,n/a,n/a,0.00,0.00,n/a,n/a,"For metrics, refresh"
best hosting for the blog,best hosting for the blog​,n/a,n/a,0,0,,n/a,n/a,n/a,0.00,0.00,n/a,n/a,"For metrics, refresh"
best hosting for the blog india,best hosting for the blog india​,n/a,n/a,0,0,,n/a,n/a,n/a,0.00,0.00,n/a,n/a,"For metrics, refresh"
best hosting for the blog uptime 100,best hosting for the blog uptime 100​,n/a,n/a,0,0,,n/a,n/a,n/a,0.00,0.00,n/a,n/a,"For metrics, refresh"
best hosting for tk domian,best hosting for tk domian​,n/a,n/a,0,0,,n/a,n/a,n/a,0.00,0.00,n/a,n/a,"For metrics, refresh"
best hosting for traffic,best hosting for traffic​,n/a,n/a,0,0,,n/a,n/a,n/a,0.00,0.00,n/a,n/a,"For metrics, refresh"
best hosting for umbraco,best hosting for umbraco​,n/a,n/a,0,0,,n/a,n/a,n/a,0.00,0.00,n/a,n/a,"For metrics, refresh"
best hosting for unlimited domains,best hosting for unlimited domains​,n/a,n/a,0,0,,n/a,n/a,n/a,0.00,0.00,n/a,n/a,"For metrics, refresh"
best hosting for unlimited sites,best hosting for unlimited sites​,n/a,n/a,0,0,,n/a,n/a,n/a,0.00,0.00,n/a,n/a,"For metrics, refresh"
best hosting for unlimites sited,best hosting for unlimites sited​,n/a,n/a,0,0,,n/a,n/a,n/a,0.00,0.00,n/a,n/a,"For metrics, refresh"
best hosting for uploading molvie,best hosting for uploading molvie​,n/a,n/a,0,0,,n/a,n/a,n/a,0.00,0.00,n/a,n/a,"For metrics, refresh"
best hosting for us websites,best hosting for us websites​,n/a,n/a,0,0,,n/a,n/a,n/a,0.00,0.00,n/a,n/a,"For metrics, refresh"
best hosting for usa traffic,best hosting for usa traffic​,n/a,n/a,0,0,,n/a,n/a,n/a,0.00,0.00,n/a,n/a,"For metrics, refresh"
best hosting for video status app,best hosting for video status app​,n/a,n/a,0,0,,n/a,n/a,n/a,0.00,0.00,n/a,n/a,"For metrics, refresh"
best hosting for vps in usa,best hosting for vps in usa​,n/a,n/a,0,0,,n/a,n/a,n/a,0.00,0.00,n/a,n/a,"For metrics, refresh"
best hosting for web development company,best hosting for web development company​,n/a,n/a,0,0,,n/a,n/a,n/a,0.00,0.00,n/a,n/a,"For metrics, refresh"
best hosting for website hosting,best hosting for website hosting​,n/a,n/a,0,0,,n/a,n/a,n/a,0.00,0.00,n/a,n/a,"For metrics, refresh"
best hosting for woocomerce website india,best hosting for woocomerce website india​,n/a,n/a,0,0,,n/a,n/a,n/a,0.00,0.00,n/a,n/a,"For metrics, refresh"
best hosting for woocommerce site,best hosting for woocommerce site​,n/a,n/a,0,0,,n/a,n/a,n/a,0.00,0.00,n/a,n/a,"For metrics, refresh"
best hosting for woocommmerce,best hosting for woocommmerce​,n/a,n/a,0,0,,n/a,n/a,n/a,0.00,0.00,n/a,n/a,"For metrics, refresh"
best hosting for woocommmerce in india,best hosting for woocommmerce in india​,n/a,n/a,0,0,,n/a,n/a,n/a,0.00,0.00,n/a,n/a,"For metrics, refresh"
best hosting for wordpress 2014,best hosting for wordpress 2014​,n/a,n/a,0,0,,n/a,n/a,n/a,0.00,0.00,n/a,n/a,"For metrics, refresh"
best hosting for wordpress 2017 small business,best hosting for wordpress 2017 small business​,n/a,n/a,0,0,,n/a,n/a,n/a,0.00,0.00,n/a,n/a,"For metrics, refresh"
best hosting for wordpress 2018,best hosting for wordpress 2018​,n/a,n/a,0,0,,n/a,n/a,n/a,0.00,0.00,n/a,n/a,"For metrics, refresh"
best hosting for wordpress 2018 reddit,best hosting for wordpress 2018 reddit​,n/a,n/a,0,0,,n/a,n/a,n/a,0.00,0.00,n/a,n/a,"For metrics, refresh"
best hosting for wordpress 2019,best hosting for wordpress 2019​,n/a,n/a,0,0,,n/a,n/a,n/a,0.00,0.00,n/a,n/a,"For metrics, refresh"
best hosting for wordpress 2020,best hosting for wordpress 2020​,n/a,n/a,0,0,,n/a,n/a,n/a,0.00,0.00,n/a,n/a,"For metrics, refresh"
best hosting for wordpress addon domains,best hosting for wordpress addon domains​,n/a,n/a,0,0,,n/a,n/a,n/a,0.00,0.00,n/a,n/a,"For metrics, refresh"
best hosting for wordpress benchmark,best hosting for wordpress benchmark​,n/a,n/a,0,0,,n/a,n/a,n/a,0.00,0.00,n/a,n/a,"For metrics, refresh"
best hosting for wordpress blog sites,best hosting for wordpress blog sites​,n/a,n/a,0,0,,n/a,n/a,n/a,0.00,0.00,n/a,n/a,"For metrics, refresh"
best hosting for wordpress community website india,best hosting for wordpress community website india​,n/a,n/a,0,0,,n/a,n/a,n/a,0.00,0.00,n/a,n/a,"For metrics, refresh"
best hosting for wordpress cracked,best hosting for wordpress cracked​,n/a,n/a,0,0,,n/a,n/a,n/a,0.00,0.00,n/a,n/a,"For metrics, refresh"
best hosting for wordpress ecommerce sites,best hosting for wordpress ecommerce sites​,n/a,n/a,0,0,,n/a,n/a,n/a,0.00,0.00,n/a,n/a,"For metrics, refresh"
best hosting for wordpress google vs azure,best hosting for wordpress google vs azure​,n/a,n/a,0,0,,n/a,n/a,n/a,0.00,0.00,n/a,n/a,"For metrics, refresh"
best hosting for wordpress marketplace site,best hosting for wordpress marketplace site​,n/a,n/a,0,0,,n/a,n/a,n/a,0.00,0.00,n/a,n/a,"For metrics, refresh"
best hosting for wordpress microsoft,best hosting for wordpress microsoft​,n/a,n/a,0,0,,n/a,n/a,n/a,0.00,0.00,n/a,n/a,"For metrics, refresh"
best hosting for wordpress millions of visitors,best hosting for wordpress millions of visitors​,n/a,n/a,0,0,,n/a,n/a,n/a,0.00,0.00,n/a,n/a,"For metrics, refresh"
best hosting for wordpress niche website,best hosting for wordpress niche website​,n/a,n/a,0,0,,n/a,n/a,n/a,0.00,0.00,n/a,n/a,"For metrics, refresh"
best hosting for wordpress quora,best hosting for wordpress quora​,n/a,n/a,0,0,,n/a,n/a,n/a,0.00,0.00,n/a,n/a,"For metrics, refresh"
best hosting for wordpress secure,best hosting for wordpress secure​,n/a,n/a,0,0,,n/a,n/a,n/a,0.00,0.00,n/a,n/a,"For metrics, refresh"
best hosting for wordpress shared vs managed wordpress hosting,best hosting for wordpress shared vs managed wordpress hosting​,n/a,n/a,0,0,,n/a,n/a,n/a,0.00,0.00,n/a,n/a,"For metrics, refresh"
best hosting for wordpress site india,best hosting for wordpress site india​,n/a,n/a,0,0,,n/a,n/a,n/a,0.00,0.00,n/a,n/a,"For metrics, refresh"
best hosting for wordpress site india yearly,best hosting for wordpress site india yearly​,n/a,n/a,0,0,,n/a,n/a,n/a,0.00,0.00,n/a,n/a,"For metrics, refresh"
best hosting for wordpress speed,best hosting for wordpress speed​,n/a,n/a,0,0,,n/a,n/a,n/a,0.00,0.00,n/a,n/a,"For metrics, refresh"
best hosting for wordpress uptime,best hosting for wordpress uptime​,n/a,n/a,0,0,,n/a,n/a,n/a,0.00,0.00,n/a,n/a,"For metrics, refresh"
best hosting for wordpress usa,best hosting for wordpress usa​,n/a,n/a,0,0,,n/a,n/a,n/a,0.00,0.00,n/a,n/a,"For metrics, refresh"
best hosting for wordpress webmasters,best hosting for wordpress webmasters​,n/a,n/a,0,0,,n/a,n/a,n/a,0.00,0.00,n/a,n/a,"For metrics, refresh"
best hosting for wordpress with unlimited addon domains,best hosting for wordpress with unlimited addon domains​,n/a,n/a,0,0,,n/a,n/a,n/a,0.00,0.00,n/a,n/a,"For metrics, refresh"
best hosting for wordpress woocommerce india,best hosting for wordpress woocommerce india​,n/a,n/a,0,0,,n/a,n/a,n/a,0.00,0.00,n/a,n/a,"For metrics, refresh"
best hosting for wordpress.org quora,best hosting for wordpress.org quora​,n/a,n/a,0,0,,n/a,n/a,n/a,0.00,0.00,n/a,n/a,"For metrics, refresh"
best hosting for wp multisite,best hosting for wp multisite​,n/a,n/a,0,0,,n/a,n/a,n/a,0.00,0.00,n/a,n/a,"For metrics, refresh"
best hosting for wp multiuser,best hosting for wp multiuser​,n/a,n/a,0,0,,n/a,n/a,n/a,0.00,0.00,n/a,n/a,"For metrics, refresh"
best hosting in hindi for morning school assembly,best hosting in hindi for morning school assembly​,n/a,n/a,0,0,,n/a,n/a,n/a,0.00,0.00,n/a,n/a,"For metrics, refresh"
best hosting in india for beginners,best hosting in india for beginners​,n/a,n/a,0,0,,n/a,n/a,n/a,0.00,0.00,n/a,n/a,"For metrics, refresh"
best hosting lines for cultural nights,best hosting lines for cultural nights​,n/a,n/a,0,0,,n/a,n/a,n/a,0.00,0.00,n/a,n/a,"For metrics, refresh"
best hosting lines for cultural nights in hindi,best hosting lines for cultural nights in hindi​,n/a,n/a,0,0,,n/a,n/a,n/a,0.00,0.00,n/a,n/a,"For metrics, refresh"
best hosting lines for sangeet nights in hindi,best hosting lines for sangeet nights in hindi​,n/a,n/a,0,0,,n/a,n/a,n/a,0.00,0.00,n/a,n/a,"For metrics, refresh"
best hosting methodology for hosting wcf service,best hosting methodology for hosting wcf service​,n/a,n/a,0,0,,n/a,n/a,n/a,0.00,0.00,n/a,n/a,"For metrics, refresh"
best hosting option for wordpress,best hosting option for wordpress​,n/a,n/a,0,0,,n/a,n/a,n/a,0.00,0.00,n/a,n/a,"For metrics, refresh"
best hosting options for website,best hosting options for website​,n/a,n/a,0,0,,n/a,n/a,n/a,0.00,0.00,n/a,n/a,"For metrics, refresh"
best hosting package for sites with more static data,best hosting package for sites with more static data​,n/a,n/a,0,0,,n/a,n/a,n/a,0.00,0.00,n/a,n/a,"For metrics, refresh"
best hosting package for sites with payment gateway integration,best hosting package for sites with payment gateway integration​,n/a,n/a,0,0,,n/a,n/a,n/a,0.00,0.00,n/a,n/a,"For metrics, refresh"
best hosting package for wordpress,best hosting package for wordpress​,n/a,n/a,0,0,,n/a,n/a,n/a,0.00,0.00,n/a,n/a,"For metrics, refresh"
best hosting panel for centos 7,best hosting panel for centos 7​,n/a,n/a,0,0,,n/a,n/a,n/a,0.00,0.00,n/a,n/a,"For metrics, refresh"
best hosting plan for 300gb data website godaddy,best hosting plan for 300gb data website godaddy​,n/a,n/a,0,0,,n/a,n/a,n/a,0.00,0.00,n/a,n/a,"For metrics, refresh"
best hosting plan for a html site,best hosting plan for a html site​,n/a,n/a,0,0,,n/a,n/a,n/a,0.00,0.00,n/a,n/a,"For metrics, refresh"
best hosting plan for a html site quora,best hosting plan for a html site quora​,n/a,n/a,0,0,,n/a,n/a,n/a,0.00,0.00,n/a,n/a,"For metrics, refresh"
best hosting plan for blog,best hosting plan for blog​,n/a,n/a,0,0,,n/a,n/a,n/a,0.00,0.00,n/a,n/a,"For metrics, refresh"
best hosting plan for coupon website,best hosting plan for coupon website​,n/a,n/a,0,0,,n/a,n/a,n/a,0.00,0.00,n/a,n/a,"For metrics, refresh"
best hosting plan for designers,best hosting plan for designers​,n/a,n/a,0,0,,n/a,n/a,n/a,0.00,0.00,n/a,n/a,"For metrics, refresh"
best hosting plan for ecommerce website in laravel,best hosting plan for ecommerce website in laravel​,n/a,n/a,0,0,,n/a,n/a,n/a,0.00,0.00,n/a,n/a,"For metrics, refresh"
best hosting plan for magento,best hosting plan for magento​,n/a,n/a,0,0,,n/a,n/a,n/a,0.00,0.00,n/a,n/a,"For metrics, refresh"
best hosting plan for multiple large wordpress themes,best hosting plan for multiple large wordpress themes​,n/a,n/a,0,0,,n/a,n/a,n/a,0.00,0.00,n/a,n/a,"For metrics, refresh"
best hosting plan for multiple large wp themes,best hosting plan for multiple large wp themes​,n/a,n/a,0,0,,n/a,n/a,n/a,0.00,0.00,n/a,n/a,"For metrics, refresh"
best hosting plan for multiple wordpress sites,best hosting plan for multiple wordpress sites​,n/a,n/a,0,0,,n/a,n/a,n/a,0.00,0.00,n/a,n/a,"For metrics, refresh"
best hosting plan for starter,best hosting plan for starter​,n/a,n/a,0,0,,n/a,n/a,n/a,0.00,0.00,n/a,n/a,"For metrics, refresh"
best hosting plan for starters,best hosting plan for starters​,n/a,n/a,0,0,,n/a,n/a,n/a,0.00,0.00,n/a,n/a,"For metrics, refresh"
best hosting plan for starting a blog,best hosting plan for starting a blog​,n/a,n/a,0,0,,n/a,n/a,n/a,0.00,0.00,n/a,n/a,"For metrics, refresh"
best hosting plan for starting ecommerce business,best hosting plan for starting ecommerce business​,n/a,n/a,0,0,,n/a,n/a,n/a,0.00,0.00,n/a,n/a,"For metrics, refresh"
best hosting plan for starting ecommerce business india,best hosting plan for starting ecommerce business india​,n/a,n/a,0,0,,n/a,n/a,n/a,0.00,0.00,n/a,n/a,"For metrics, refresh"
best hosting plan for unlimited websites,best hosting plan for unlimited websites​,n/a,n/a,0,0,,n/a,n/a,n/a,0.00,0.00,n/a,n/a,"For metrics, refresh"
best hosting plan for web designers,best hosting plan for web designers​,n/a,n/a,0,0,,n/a,n/a,n/a,0.00,0.00,n/a,n/a,"For metrics, refresh"
best hosting plan for wordpress blog beginner,best hosting plan for wordpress blog beginner​,n/a,n/a,0,0,,n/a,n/a,n/a,0.00,0.00,n/a,n/a,"For metrics, refresh"
best hosting plan for wordpress membership site,best hosting plan for wordpress membership site​,n/a,n/a,0,0,,n/a,n/a,n/a,0.00,0.00,n/a,n/a,"For metrics, refresh"
best hosting plan for wordpress website,best hosting plan for wordpress website​,n/a,n/a,0,0,,n/a,n/a,n/a,0.00,0.00,n/a,n/a,"For metrics, refresh"
best hosting plan for wordpress website cheap rate,best hosting plan for wordpress website cheap rate​,n/a,n/a,0,0,,n/a,n/a,n/a,0.00,0.00,n/a,n/a,"For metrics, refresh"
best hosting plan for wordpress website in godaddy,best hosting plan for wordpress website in godaddy​,n/a,n/a,0,0,,n/a,n/a,n/a,0.00,0.00,n/a,n/a,"For metrics, refresh"
best hosting plan in godaddy for review website,best hosting plan in godaddy for review website​,n/a,n/a,0,0,,n/a,n/a,n/a,0.00,0.00,n/a,n/a,"For metrics, refresh"
best hosting plans for django api,best hosting plans for django api​,n/a,n/a,0,0,,n/a,n/a,n/a,0.00,0.00,n/a,n/a,"For metrics, refresh"
best hosting plans for ecommerce,best hosting plans for ecommerce​,n/a,n/a,0,0,,n/a,n/a,n/a,0.00,0.00,n/a,n/a,"For metrics, refresh"
best hosting plans for small business,best hosting plans for small business​,n/a,n/a,0,0,,n/a,n/a,n/a,0.00,0.86,n/a,n/a,"For metrics, refresh"
best hosting plans for starter,best hosting plans for starter​,n/a,n/a,0,0,,n/a,n/a,n/a,0.00,0.00,n/a,n/a,"For metrics, refresh"
best hosting plans for worpress in india,best hosting plans for worpress in india​,n/a,n/a,0,0,,n/a,n/a,n/a,0.00,0.00,n/a,n/a,"For metrics, refresh"
best hosting plant for sri gandham,best hosting plant for sri gandham​,n/a,n/a,0,0,,n/a,n/a,n/a,0.00,0.00,n/a,n/a,"For metrics, refresh"
best hosting platform for django,best hosting platform for django​,n/a,n/a,0,0,,n/a,n/a,n/a,0.00,0.00,n/a,n/a,"For metrics, refresh"
best hosting platform for java based programming,best hosting platform for java based programming​,n/a,n/a,0,0,,n/a,n/a,n/a,0.00,0.00,n/a,n/a,"For metrics, refresh"
best hosting platform for wordpress in india,best hosting platform for wordpress in india​,n/a,n/a,0,0,,n/a,n/a,n/a,0.00,0.00,n/a,n/a,"For metrics, refresh"
best hosting provider for 3 year,best hosting provider for 3 year​,n/a,n/a,0,0,,n/a,n/a,n/a,0.00,0.00,n/a,n/a,"For metrics, refresh"
best hosting provider for asp net,best hosting provider for asp net​,n/a,n/a,0,0,,n/a,n/a,n/a,0.00,0.00,n/a,n/a,"For metrics, refresh"
best hosting provider for buddypress,best hosting provider for buddypress​,n/a,n/a,0,0,,n/a,n/a,n/a,0.00,0.00,n/a,n/a,"For metrics, refresh"
best hosting provider for ecommerce startup,best hosting provider for ecommerce startup​,n/a,n/a,0,0,,n/a,n/a,n/a,0.00,0.00,n/a,n/a,"For metrics, refresh"
best hosting provider for india 2019,best hosting provider for india 2019​,n/a,n/a,0,0,,n/a,n/a,n/a,0.00,0.00,n/a,n/a,"For metrics, refresh"
best hosting provider for large wordpress,best hosting provider for large wordpress​,n/a,n/a,0,0,,n/a,n/a,n/a,0.00,0.00,n/a,n/a,"For metrics, refresh"
best hosting provider for mailing,best hosting provider for mailing​,n/a,n/a,0,0,,n/a,n/a,n/a,0.00,0.00,n/a,n/a,"For metrics, refresh"
best hosting provider for microsoft dynamics,best hosting provider for microsoft dynamics​,n/a,n/a,0,0,,n/a,n/a,n/a,0.00,0.00,n/a,n/a,"For metrics, refresh"
best hosting provider for opencart,best hosting provider for opencart​,n/a,n/a,0,0,,n/a,n/a,n/a,0.00,0.00,n/a,n/a,"For metrics, refresh"
best hosting provider for php,best hosting provider for php​,n/a,n/a,0,0,,n/a,n/a,n/a,0.00,0.00,n/a,n/a,"For metrics, refresh"
best hosting provider for ruby on rails,best hosting provider for ruby on rails​,n/a,n/a,0,0,,n/a,n/a,n/a,0.00,0.00,n/a,n/a,"For metrics, refresh"
best hosting provider for saas,best hosting provider for saas​,n/a,n/a,0,0,,n/a,n/a,n/a,0.00,0.00,n/a,n/a,"For metrics, refresh"
best hosting provider for static website,best hosting provider for static website​,n/a,n/a,0,0,,n/a,n/a,n/a,0.00,0.00,n/a,n/a,"For metrics, refresh"
best hosting provider for traffic,best hosting provider for traffic​,n/a,n/a,0,0,,n/a,n/a,n/a,0.00,0.00,n/a,n/a,"For metrics, refresh"
best hosting provider for wordpress.org in 2019,best hosting provider for wordpress.org in 2019​,n/a,n/a,0,0,,n/a,n/a,n/a,0.00,0.00,n/a,n/a,"For metrics, refresh"
best hosting provider for wp,best hosting provider for wp​,n/a,n/a,0,0,,n/a,n/a,n/a,0.00,0.00,n/a,n/a,"For metrics, refresh"
best hosting providers for film webhosting,best hosting providers for film webhosting​,n/a,n/a,0,0,,n/a,n/a,n/a,0.00,0.00,n/a,n/a,"For metrics, refresh"
best hosting providers for website and easy customization,best hosting providers for website and easy customization​,n/a,n/a,0,0,,n/a,n/a,n/a,0.00,0.00,n/a,n/a,"For metrics, refresh"
best hosting providers for you,best hosting providers for you​,n/a,n/a,0,0,,n/a,n/a,n/a,0.00,0.00,n/a,n/a,"For metrics, refresh"
best hosting providers for you blog website,best hosting providers for you blog website​,n/a,n/a,0,0,,n/a,n/a,n/a,0.00,0.00,n/a,n/a,"For metrics, refresh"
best hosting requirement for magento 2,best hosting requirement for magento 2​,n/a,n/a,0,0,,n/a,n/a,n/a,0.00,0.00,n/a,n/a,"For metrics, refresh"
best hosting requirements for multiple large wordpress themes,best hosting requirements for multiple large wordpress themes​,n/a,n/a,0,0,,n/a,n/a,n/a,0.00,0.00,n/a,n/a,"For metrics, refresh"
best hosting server for 2 or 3 wordpress sites,best hosting server for 2 or 3 wordpress sites​,n/a,n/a,0,0,,n/a,n/a,n/a,0.00,0.00,n/a,n/a,"For metrics, refresh"
best hosting server for api,best hosting server for api​,n/a,n/a,0,0,,n/a,n/a,n/a,0.00,0.00,n/a,n/a,"For metrics, refresh"
best hosting server for blogging,best hosting server for blogging​,n/a,n/a,0,0,,n/a,n/a,n/a,0.00,0.00,n/a,n/a,"For metrics, refresh"
best hosting server for database,best hosting server for database​,n/a,n/a,0,0,,n/a,n/a,n/a,0.00,0.00,n/a,n/a,"For metrics, refresh"
best hosting server for download speed,best hosting server for download speed​,n/a,n/a,0,0,,n/a,n/a,n/a,0.00,0.00,n/a,n/a,"For metrics, refresh"
best hosting server for enterprise,best hosting server for enterprise​,n/a,n/a,0,0,,n/a,n/a,n/a,0.00,0.00,n/a,n/a,"For metrics, refresh"
best hosting server for erp,best hosting server for erp​,n/a,n/a,0,0,,n/a,n/a,n/a,0.00,0.00,n/a,n/a,"For metrics, refresh"
best hosting server for godaddy,best hosting server for godaddy​,n/a,n/a,0,0,,n/a,n/a,n/a,0.00,0.00,n/a,n/a,"For metrics, refresh"
best hosting server for php,best hosting server for php​,n/a,n/a,0,0,,n/a,n/a,n/a,0.00,0.00,n/a,n/a,"For metrics, refresh"
best hosting server for php and java,best hosting server for php and java​,n/a,n/a,0,0,,n/a,n/a,n/a,0.00,0.00,n/a,n/a,"For metrics, refresh"
best hosting server for php india,best hosting server for php india​,n/a,n/a,0,0,,n/a,n/a,n/a,0.00,0.00,n/a,n/a,"For metrics, refresh"
best hosting server for restaurant,best hosting server for restaurant​,n/a,n/a,0,0,,n/a,n/a,n/a,0.00,0.00,n/a,n/a,"For metrics, refresh"
best hosting servers in the world for fantasy website,best hosting servers in the world for fantasy website​,n/a,n/a,0,0,,n/a,n/a,n/a,0.00,0.00,n/a,n/a,"For metrics, refresh"
best hosting service for affiliate marketing,best hosting service for affiliate marketing​,n/a,n/a,0,0,,n/a,n/a,n/a,0.00,0.00,n/a,n/a,"For metrics, refresh"
best hosting service for bloggers,best hosting service for bloggers​,n/a,n/a,0,0,,n/a,n/a,n/a,0.00,0.00,n/a,n/a,"For metrics, refresh"
best hosting service for developers quora,best hosting service for developers quora​,n/a,n/a,0,0,,n/a,n/a,n/a,0.00,0.00,n/a,n/a,"For metrics, refresh"
best hosting service for drupal,best hosting service for drupal​,n/a,n/a,0,0,,n/a,n/a,n/a,0.00,0.00,n/a,n/a,"For metrics, refresh"
best hosting service for high traffic sites,best hosting service for high traffic sites​,n/a,n/a,0,0,,n/a,n/a,n/a,0.00,0.00,n/a,n/a,"For metrics, refresh"
best hosting service for high volume traffic,best hosting service for high volume traffic​,n/a,n/a,0,0,,n/a,n/a,n/a,0.00,0.00,n/a,n/a,"For metrics, refresh"
best hosting service for indian businesses,best hosting service for indian businesses​,n/a,n/a,0,0,,n/a,n/a,n/a,0.00,0.00,n/a,n/a,"For metrics, refresh"
best hosting service for laravel project,best hosting service for laravel project​,n/a,n/a,0,0,,n/a,n/a,n/a,0.00,0.00,n/a,n/a,"For metrics, refresh"
best hosting service for magento,best hosting service for magento​,n/a,n/a,0,0,,n/a,n/a,n/a,0.00,0.00,n/a,n/a,"For metrics, refresh"
best hosting service for mobile app,best hosting service for mobile app​,n/a,n/a,0,0,,n/a,n/a,n/a,0.00,0.00,n/a,n/a,"For metrics, refresh"
best hosting service for small businesses,best hosting service for small businesses​,n/a,n/a,0,0,,n/a,n/a,n/a,0.00,0.00,n/a,n/a,"For metrics, refresh"
best hosting service for startups,best hosting service for startups​,n/a,n/a,0,0,,n/a,n/a,n/a,0.00,0.00,n/a,n/a,"For metrics, refresh"
best hosting service for wordpress 2015,best hosting service for wordpress 2015​,n/a,n/a,0,0,,n/a,n/a,n/a,0.00,0.00,n/a,n/a,"For metrics, refresh"
best hosting service for wordpress 2017,best hosting service for wordpress 2017​,n/a,n/a,0,0,,n/a,n/a,n/a,0.00,0.00,n/a,n/a,"For metrics, refresh"
best hosting service for wordpress blog,best hosting service for wordpress blog​,n/a,n/a,0,0,,n/a,n/a,n/a,0.00,0.00,n/a,n/a,"For metrics, refresh"
best hosting service for wordpress sites,best hosting service for wordpress sites​,n/a,n/a,0,0,,n/a,n/a,n/a,0.00,0.00,n/a,n/a,"For metrics, refresh"
best hosting service for wordpress sites to prevent hackers,best hosting service for wordpress sites to prevent hackers​,n/a,n/a,0,0,,n/a,n/a,n/a,0.00,0.00,n/a,n/a,"For metrics, refresh"
best hosting service in india for drupal8,best hosting service in india for drupal8​,n/a,n/a,0,0,,n/a,n/a,n/a,0.00,0.00,n/a,n/a,"For metrics, refresh"
best hosting services for pishing page,best hosting services for pishing page​,n/a,n/a,0,0,,n/a,n/a,n/a,0.00,0.00,n/a,n/a,"For metrics, refresh"
best hosting services for seo,best hosting services for seo​,n/a,n/a,0,0,,n/a,n/a,n/a,0.00,0.00,n/a,n/a,"For metrics, refresh"
best hosting services for seo 2020,best hosting services for seo 2020​,n/a,n/a,0,0,,n/a,n/a,n/a,0.00,0.00,n/a,n/a,"For metrics, refresh"
best hosting site for blogging,best hosting site for blogging​,n/a,n/a,0,0,,n/a,n/a,n/a,0.00,0.00,n/a,n/a,"For metrics, refresh"
best hosting site for buddypress,best hosting site for buddypress​,n/a,n/a,0,0,,n/a,n/a,n/a,0.00,0.00,n/a,n/a,"For metrics, refresh"
best hosting site for india,best hosting site for india​,n/a,n/a,0,0,,n/a,n/a,n/a,0.00,0.00,n/a,n/a,"For metrics, refresh"
best hosting site for my blog,best hosting site for my blog​,n/a,n/a,0,0,,n/a,n/a,n/a,0.00,0.00,n/a,n/a,"For metrics, refresh"
best hosting site for opencart,best hosting site for opencart​,n/a,n/a,0,0,,n/a,n/a,n/a,0.00,0.00,n/a,n/a,"For metrics, refresh"
best hosting site for phishing,best hosting site for phishing​,n/a,n/a,0,0,,n/a,n/a,n/a,0.00,0.00,n/a,n/a,"For metrics, refresh"
best hosting site for phishing november 2016,best hosting site for phishing november 2016​,n/a,n/a,0,0,,n/a,n/a,n/a,0.00,0.00,n/a,n/a,"For metrics, refresh"
best hosting site for starting a blog,best hosting site for starting a blog​,n/a,n/a,0,0,,n/a,n/a,n/a,0.00,0.00,n/a,n/a,"For metrics, refresh"
best hosting site for wordpress 2015,best hosting site for wordpress 2015​,n/a,n/a,0,0,,n/a,n/a,n/a,0.00,0.00,n/a,n/a,"For metrics, refresh"
best hosting site for wordpress blog,best hosting site for wordpress blog​,n/a,n/a,0,0,,n/a,n/a,n/a,0.00,0.00,n/a,n/a,"For metrics, refresh"
best hosting site for wordpress uk,best hosting site for wordpress uk​,n/a,n/a,0,0,,n/a,n/a,n/a,0.00,0.00,n/a,n/a,"For metrics, refresh"
best hosting site for wordpress.org,best hosting site for wordpress.org​,n/a,n/a,0,0,,n/a,n/a,n/a,0.00,0.00,n/a,n/a,"For metrics, refresh"
best hosting site india for magento,best hosting site india for magento​,n/a,n/a,0,0,,n/a,n/a,n/a,0.00,0.00,n/a,n/a,"For metrics, refresh"
best hosting sites for,best hosting sites for​,n/a,n/a,0,0,,n/a,n/a,n/a,0.00,0.00,n/a,n/a,"For metrics, refresh"
best hosting sites for asp.net core,best hosting sites for asp.net core​,n/a,n/a,0,0,,n/a,n/a,n/a,0.00,0.00,n/a,n/a,"For metrics, refresh"
best hosting sites for multiple domains,best hosting sites for multiple domains​,n/a,n/a,0,0,,n/a,n/a,n/a,0.00,0.00,n/a,n/a,"For metrics, refresh"
best hosting sites for php,best hosting sites for php​,n/a,n/a,0,0,,n/a,n/a,n/a,0.00,0.00,n/a,n/a,"For metrics, refresh"
best hosting sites for podcasts,best hosting sites for podcasts​,n/a,n/a,0,0,,n/a,n/a,n/a,0.00,0.00,n/a,n/a,"For metrics, refresh"
best hosting sites for small business 2017,best hosting sites for small business 2017​,n/a,n/a,0,0,,n/a,n/a,n/a,0.00,0.00,n/a,n/a,"For metrics, refresh"
best hosting sites for students,best hosting sites for students​,n/a,n/a,0,0,,n/a,n/a,n/a,0.00,0.00,n/a,n/a,"For metrics, refresh"
best hosting sites for woocommerce,best hosting sites for woocommerce​,n/a,n/a,0,0,,n/a,n/a,n/a,0.00,0.00,n/a,n/a,"For metrics, refresh"
best hosting sites for wordpress 2014,best hosting sites for wordpress 2014​,n/a,n/a,0,0,,n/a,n/a,n/a,0.00,0.00,n/a,n/a,"For metrics, refresh"
best hosting sites for wordpress 2015,best hosting sites for wordpress 2015​,n/a,n/a,0,0,,n/a,n/a,n/a,0.00,0.00,n/a,n/a,"For metrics, refresh"
best hosting sites for wordpress 2016,best hosting sites for wordpress 2016​,n/a,n/a,0,0,,n/a,n/a,n/a,0.00,0.00,n/a,n/a,"For metrics, refresh"
best hosting sites for wordpress 2017,best hosting sites for wordpress 2017​,n/a,n/a,0,0,,n/a,n/a,n/a,0.00,0.00,n/a,n/a,"For metrics, refresh"
best hosting sites for wordpress 2018,best hosting sites for wordpress 2018​,n/a,n/a,0,0,,n/a,n/a,n/a,0.00,0.00,n/a,n/a,"For metrics, refresh"
best hosting sites for wordpress 2018 reddit,best hosting sites for wordpress 2018 reddit​,n/a,n/a,0,0,,n/a,n/a,n/a,0.00,0.00,n/a,n/a,"For metrics, refresh"
best hosting sites for wordpress integrated google,best hosting sites for wordpress integrated google​,n/a,n/a,0,0,,n/a,n/a,n/a,0.00,0.00,n/a,n/a,"For metrics, refresh"
best hosting sites for wordpress uk,best hosting sites for wordpress uk​,n/a,n/a,0,0,,n/a,n/a,n/a,0.00,0.00,n/a,n/a,"For metrics, refresh"
best hosting sites for wordpress.org,best hosting sites for wordpress.org​,n/a,n/a,0,0,,n/a,n/a,n/a,0.00,0.00,n/a,n/a,"For metrics, refresh"
best hosting solution for ecommerce,best hosting solution for ecommerce​,n/a,n/a,0,0,,n/a,n/a,n/a,0.00,0.00,n/a,n/a,"For metrics, refresh"
best hosting solution for java web application,best hosting solution for java web application​,n/a,n/a,0,0,,n/a,n/a,n/a,0.00,0.00,n/a,n/a,"For metrics, refresh"
best hosting solution for mobile apps,best hosting solution for mobile apps​,n/a,n/a,0,0,,n/a,n/a,n/a,0.00,0.00,n/a,n/a,"For metrics, refresh"
best hosting solution for website,best hosting solution for website​,n/a,n/a,0,0,,n/a,n/a,n/a,0.00,0.00,n/a,n/a,"For metrics, refresh"
best hosting solution for websites,best hosting solution for websites​,n/a,n/a,0,0,,n/a,n/a,n/a,0.00,0.00,n/a,n/a,"For metrics, refresh"
best hosting solutions for videos,best hosting solutions for videos​,n/a,n/a,0,0,,n/a,n/a,n/a,0.00,0.00,n/a,n/a,"For metrics, refresh"
best hosting theme for wordpress,best hosting theme for wordpress​,n/a,n/a,0,0,,n/a,n/a,n/a,0.00,0.00,n/a,n/a,"For metrics, refresh"
best hosting theme for wordpress 2017,best hosting theme for wordpress 2017​,n/a,n/a,0,0,,n/a,n/a,n/a,0.00,0.00,n/a,n/a,"For metrics, refresh"
best hosting theme with whmcs integration for wordpress,best hosting theme with whmcs integration for wordpress​,n/a,n/a,0,0,,n/a,n/a,n/a,0.00,0.00,n/a,n/a,"For metrics, refresh"
best hosting tips for school cultural programme,best hosting tips for school cultural programme​,n/a,n/a,0,0,,n/a,n/a,n/a,0.00,0.00,n/a,n/a,"For metrics, refresh"
best hosting to choose for making free website,best hosting to choose for making free website​,n/a,n/a,0,0,,n/a,n/a,n/a,0.00,0.00,n/a,n/a,"For metrics, refresh"
best hosting to use for mysql db,best hosting to use for mysql db​,n/a,n/a,0,0,,n/a,n/a,n/a,0.00,0.00,n/a,n/a,"For metrics, refresh"
best hosting type for businesses,best hosting type for businesses​,n/a,n/a,0,0,,n/a,n/a,n/a,0.00,0.00,n/a,n/a,"For metrics, refresh"
best hosting type for businesses shared or cloud,best hosting type for businesses shared or cloud​,n/a,n/a,0,0,,n/a,n/a,n/a,0.00,0.00,n/a,n/a,"For metrics, refresh"
best hosting type for ecommerce,best hosting type for ecommerce​,n/a,n/a,0,0,,n/a,n/a,n/a,0.00,0.00,n/a,n/a,"For metrics, refresh"
best hosting types for wordpress,best hosting types for wordpress​,n/a,n/a,0,0,,n/a,n/a,n/a,0.00,0.00,n/a,n/a,"For metrics, refresh"
best hosting website for blogs,best hosting website for blogs​,n/a,n/a,0,0,,n/a,n/a,n/a,0.00,0.00,n/a,n/a,"For metrics, refresh"
best hosting website for programmer,best hosting website for programmer​,n/a,n/a,0,0,,n/a,n/a,n/a,0.00,0.00,n/a,n/a,"For metrics, refresh"
best hosting websites for students,best hosting websites for students​,n/a,n/a,0,0,,n/a,n/a,n/a,0.00,0.00,n/a,n/a,"For metrics, refresh"
best hosting wordpress themes for domain providers site inkthemes,best hosting wordpress themes for domain providers site inkthemes​,n/a,n/a,0,0,,n/a,n/a,n/a,0.00,0.00,n/a,n/a,"For metrics, refresh"
best hosting wordpress themes for domain providers site inkthemes.com,best hosting wordpress themes for domain providers site inkthemes.com​,n/a,n/a,0,0,,n/a,n/a,n/a,0.00,0.00,n/a,n/a,"For metrics, refresh"
best hosts artists for concert,best hosts artists for concert​,n/a,n/a,0,0,,n/a,n/a,n/a,0.00,0.00,n/a,n/a,"For metrics, refresh"
best hosts for a wordpress site,best hosts for a wordpress site​,n/a,n/a,0,0,,n/a,n/a,n/a,0.00,0.00,n/a,n/a,"For metrics, refresh"
best hosts for concert,best hosts for concert​,n/a,n/a,0,0,,n/a,n/a,n/a,0.00,0.00,n/a,n/a,"For metrics, refresh"
best hosts for wordpress uk,best hosts for wordpress uk​,n/a,n/a,0,0,,n/a,n/a,n/a,0.00,0.00,n/a,n/a,"For metrics, refresh"
best hosts for wordpress websites,best hosts for wordpress websites​,n/a,n/a,0,0,,n/a,n/a,n/a,0.00,0.00,n/a,n/a,"For metrics, refresh"
best hosts for wordpress.org,best hosts for wordpress.org​,n/a,n/a,0,0,,n/a,n/a,n/a,0.00,0.00,n/a,n/a,"For metrics, refresh"
best hosts in india for wordpress,best hosts in india for wordpress​,n/a,n/a,0,0,,n/a,n/a,n/a,0.00,0.00,n/a,n/a,"For metrics, refresh"
best http server for vps hosting,best http server for vps hosting​,n/a,n/a,0,0,,n/a,n/a,n/a,0.00,0.00,n/a,n/a,"For metrics, refresh"
best hypervisor type 1 for hosting,best hypervisor type 1 for hosting​,n/a,n/a,0,0,,n/a,n/a,n/a,0.00,0.00,n/a,n/a,"For metrics, refresh"
best image host site for videohive,best image host site for videohive​,n/a,n/a,0,0,,n/a,n/a,n/a,0.00,0.00,n/a,n/a,"For metrics, refresh"
best image hosting for codepn,best image hosting for codepn​,n/a,n/a,0,0,,n/a,n/a,n/a,0.00,0.00,n/a,n/a,"For metrics, refresh"
best image hosting for ebay,best image hosting for ebay​,n/a,n/a,0,0,,n/a,n/a,n/a,0.00,0.00,n/a,n/a,"For metrics, refresh"
best image hosting for ebay sellers,best image hosting for ebay sellers​,n/a,n/a,0,0,,n/a,n/a,n/a,0.00,0.00,n/a,n/a,"For metrics, refresh"
best image hosting for wordpress,best image hosting for wordpress​,n/a,n/a,0,0,,n/a,n/a,n/a,0.00,0.00,n/a,n/a,"For metrics, refresh"
best image hosting services for websites,best image hosting services for websites​,n/a,n/a,0,0,,n/a,n/a,n/a,0.00,0.00,n/a,n/a,"For metrics, refresh"
best image hosting site for ebay,best image hosting site for ebay​,n/a,n/a,0,0,,n/a,n/a,n/a,0.00,0.00,n/a,n/a,"For metrics, refresh"
best image hosting site for forums,best image hosting site for forums​,n/a,n/a,0,0,,n/a,n/a,n/a,0.00,0.00,n/a,n/a,"For metrics, refresh"
best india data centers for web hosting,best india data centers for web hosting​,n/a,n/a,0,0,,n/a,n/a,n/a,0.00,0.00,n/a,n/a,"For metrics, refresh"
best india data centre for web hosting,best india data centre for web hosting​,n/a,n/a,0,0,,n/a,n/a,n/a,0.00,0.00,n/a,n/a,"For metrics, refresh"
best indian hosting company for html website,best indian hosting company for html website​,n/a,n/a,0,0,,n/a,n/a,n/a,0.00,0.00,n/a,n/a,"For metrics, refresh"
best indian hosting provider for ecommerce startup,best indian hosting provider for ecommerce startup​,n/a,n/a,0,0,,n/a,n/a,n/a,0.00,0.00,n/a,n/a,"For metrics, refresh"
best insurance for airbnb hosts,best insurance for airbnb hosts​,n/a,n/a,0,0,,n/a,n/a,n/a,0.00,0.00,n/a,n/a,"For metrics, refresh"
best intro for singing event hosting,best intro for singing event hosting​,n/a,n/a,0,0,,n/a,n/a,n/a,0.00,0.00,n/a,n/a,"For metrics, refresh"
best isp for web hosting,best isp for web hosting​,n/a,n/a,0,0,,n/a,n/a,n/a,0.00,0.00,n/a,n/a,"For metrics, refresh"
best kabir doha for hosting,best kabir doha for hosting​,n/a,n/a,0,0,,n/a,n/a,n/a,0.00,0.00,n/a,n/a,"For metrics, refresh"
best kabir dohe for hosting,best kabir dohe for hosting​,n/a,n/a,0,0,,n/a,n/a,n/a,0.00,0.00,n/a,n/a,"For metrics, refresh"
best keywords for hosting companies,best keywords for hosting companies​,n/a,n/a,0,0,,n/a,n/a,n/a,0.00,0.00,n/a,n/a,"For metrics, refresh"
best lady host for mumbai weddding,best lady host for mumbai weddding​,n/a,n/a,0,0,,n/a,n/a,n/a,0.00,0.00,n/a,n/a,"For metrics, refresh"
best lady host for mumbai wedding,best lady host for mumbai wedding​,n/a,n/a,0,0,,n/a,n/a,n/a,0.00,0.00,n/a,n/a,"For metrics, refresh"
best linux distro for testing hosting virtual machines,best linux distro for testing hosting virtual machines​,n/a,n/a,0,0,,n/a,n/a,n/a,0.00,0.00,n/a,n/a,"For metrics, refresh"
best linux distro for vmware host,best linux distro for vmware host​,n/a,n/a,0,0,,n/a,n/a,n/a,0.00,0.00,n/a,n/a,"For metrics, refresh"
best linux distro for web hosting,best linux distro for web hosting​,n/a,n/a,0,0,,n/a,n/a,n/a,0.00,0.00,n/a,n/a,"For metrics, refresh"
best linux for hosting server,best linux for hosting server​,n/a,n/a,0,0,,n/a,n/a,n/a,0.00,0.00,n/a,n/a,"For metrics, refresh"
best linux hosting service for schools,best linux hosting service for schools​,n/a,n/a,0,0,,n/a,n/a,n/a,0.00,0.00,n/a,n/a,"For metrics, refresh"
best linux operating system for hosting,best linux operating system for hosting​,n/a,n/a,0,0,,n/a,n/a,n/a,0.00,0.00,n/a,n/a,"For metrics, refresh"
best linux os for hosting server,best linux os for hosting server​,n/a,n/a,0,0,,n/a,n/a,n/a,0.00,0.00,n/a,n/a,"For metrics, refresh"
best linux server for social network hosting,best linux server for social network hosting​,n/a,n/a,0,0,,n/a,n/a,n/a,0.00,0.00,n/a,n/a,"For metrics, refresh"
best loaction for hosting asia europ north amarica,best loaction for hosting asia europ north amarica​,n/a,n/a,0,0,,n/a,n/a,n/a,0.00,0.00,n/a,n/a,"For metrics, refresh"
best local host for php learning,best local host for php learning​,n/a,n/a,0,0,,n/a,n/a,n/a,0.00,0.00,n/a,n/a,"For metrics, refresh"
best local host for windows,best local host for windows​,n/a,n/a,0,0,,n/a,n/a,n/a,0.00,0.00,n/a,n/a,"For metrics, refresh"
best local host server for javascript,best local host server for javascript​,n/a,n/a,0,0,,n/a,n/a,n/a,0.00,0.00,n/a,n/a,"For metrics, refresh"
best location for buying domain and hosting,best location for buying domain and hosting​,n/a,n/a,0,0,,n/a,n/a,n/a,0.00,0.00,n/a,n/a,"For metrics, refresh"
best location for hosting asia europe north america,best location for hosting asia europe north america​,n/a,n/a,0,0,,n/a,n/a,n/a,0.00,0.00,n/a,n/a,"For metrics, refresh"
best location to host rally for child rights,best location to host rally for child rights​,n/a,n/a,0,0,,n/a,n/a,n/a,0.00,0.00,n/a,n/a,"For metrics, refresh"
best mac hosting for wordpress,best mac hosting for wordpress​,n/a,n/a,0,0,,n/a,n/a,n/a,0.00,0.00,n/a,n/a,"For metrics, refresh"
best managed cloud hosting for wordpress,best managed cloud hosting for wordpress​,n/a,n/a,0,0,,n/a,n/a,n/a,0.00,0.00,n/a,n/a,"For metrics, refresh"
best managed dedicated hosting for wordpress big sites,best managed dedicated hosting for wordpress big sites​,n/a,n/a,0,0,,n/a,n/a,n/a,0.00,0.00,n/a,n/a,"For metrics, refresh"
best managed vps hosting for wordpress,best managed vps hosting for wordpress​,n/a,n/a,0,0,,n/a,n/a,n/a,0.00,0.00,n/a,n/a,"For metrics, refresh"
best managed wordpress hosting 2018 best cloud hosting for wordpress,best managed wordpress hosting 2018 best cloud hosting for wordpress​,n/a,n/a,0,0,,n/a,n/a,n/a,0.00,0.00,n/a,n/a,"For metrics, refresh"
best managed wordpress hosting 2018 host for wordpress,best managed wordpress hosting 2018 host for wordpress​,n/a,n/a,0,0,,n/a,n/a,n/a,0.00,0.00,n/a,n/a,"For metrics, refresh"
best managed wordpress hosting 2018 optimization for wordpress,best managed wordpress hosting 2018 optimization for wordpress​,n/a,n/a,0,0,,n/a,n/a,n/a,0.00,0.00,n/a,n/a,"For metrics, refresh"
best media host for podcast,best media host for podcast​,n/a,n/a,0,0,,n/a,n/a,n/a,0.00,0.00,n/a,n/a,"For metrics, refresh"
best module select for hosting asp.net core application,best module select for hosting asp.net core application​,n/a,n/a,0,0,,n/a,n/a,n/a,0.00,0.00,n/a,n/a,"For metrics, refresh"
best names for the video hosting application,best names for the video hosting application​,n/a,n/a,0,0,,n/a,n/a,n/a,0.00,0.00,n/a,n/a,"For metrics, refresh"
best net hosting providers for free,best net hosting providers for free​,n/a,n/a,0,0,,n/a,n/a,n/a,0.00,0.00,n/a,n/a,"For metrics, refresh"
best niche for hosting my website,best niche for hosting my website​,n/a,n/a,0,0,,n/a,n/a,n/a,0.00,0.00,n/a,n/a,"For metrics, refresh"
best offshore hosting for movie sites,best offshore hosting for movie sites​,n/a,n/a,0,0,,n/a,n/a,n/a,0.00,0.00,n/a,n/a,"For metrics, refresh"
best online site for hotel owners for hosting,best online site for hotel owners for hosting​,n/a,n/a,0,0,,n/a,n/a,n/a,0.00,0.00,n/a,n/a,"For metrics, refresh"
best open source software for web hosting,best open source software for web hosting​,n/a,n/a,0,0,,n/a,n/a,n/a,0.00,0.00,n/a,n/a,"For metrics, refresh"
best opensource hosting control panel for windows,best opensource hosting control panel for windows​,n/a,n/a,0,0,,n/a,n/a,n/a,0.00,0.00,n/a,n/a,"For metrics, refresh"
best operating system for hosting server,best operating system for hosting server​,n/a,n/a,0,0,,n/a,n/a,n/a,0.00,0.00,n/a,n/a,"For metrics, refresh"
best option for wordpress hosting,best option for wordpress hosting​,n/a,n/a,0,0,,n/a,n/a,n/a,0.00,0.00,n/a,n/a,"For metrics, refresh"
best os for virtualization host,best os for virtualization host​,n/a,n/a,0,0,,n/a,n/a,n/a,0.00,0.00,n/a,n/a,"For metrics, refresh"
best os for website hosting,best os for website hosting​,n/a,n/a,0,0,,n/a,n/a,n/a,0.00,0.00,n/a,n/a,"For metrics, refresh"
best os for wordpress hosting,best os for wordpress hosting​,n/a,n/a,0,0,,n/a,n/a,n/a,0.00,0.00,n/a,n/a,"For metrics, refresh"
best os server for social network hosting,best os server for social network hosting​,n/a,n/a,0,0,,n/a,n/a,n/a,0.00,0.00,n/a,n/a,"For metrics, refresh"
best outfit for outbound activities host,best outfit for outbound activities host​,n/a,n/a,0,0,,n/a,n/a,n/a,0.00,0.00,n/a,n/a,"For metrics, refresh"
best outfit for outbound activitiess host,best outfit for outbound activitiess host​,n/a,n/a,0,0,,n/a,n/a,n/a,0.00,0.00,n/a,n/a,"For metrics, refresh"
best paid hosting for affiliate site,best paid hosting for affiliate site​,n/a,n/a,0,0,,n/a,n/a,n/a,0.00,0.00,n/a,n/a,"For metrics, refresh"
best photo hosting site for professional photographers,best photo hosting site for professional photographers​,n/a,n/a,0,0,,n/a,n/a,n/a,0.00,0.00,n/a,n/a,"For metrics, refresh"
best photo hosting sites for photographers,best photo hosting sites for photographers​,n/a,n/a,0,0,,n/a,n/a,n/a,0.00,0.00,n/a,n/a,"For metrics, refresh"
best place for digital marketing and hosting,best place for digital marketing and hosting​,n/a,n/a,0,0,,n/a,n/a,n/a,0.00,0.00,n/a,n/a,"For metrics, refresh"
best place for hosting,best place for hosting​,n/a,n/a,0,0,,n/a,n/a,n/a,0.00,0.00,n/a,n/a,"For metrics, refresh"
best place to host images and videos for website link,best place to host images and videos for website link​,n/a,n/a,0,0,,n/a,n/a,n/a,0.00,0.00,n/a,n/a,"For metrics, refresh"
best places for hosting bachelorette party,best places for hosting bachelorette party​,n/a,n/a,0,0,,n/a,n/a,n/a,0.00,0.00,n/a,n/a,"For metrics, refresh"
best places for hosting bachelorette party in delhi,best places for hosting bachelorette party in delhi​,n/a,n/a,0,0,,n/a,n/a,n/a,0.00,0.00,n/a,n/a,"For metrics, refresh"
best plan for 300gb data website hosting,best plan for 300gb data website hosting​,n/a,n/a,0,0,,n/a,n/a,n/a,0.00,0.00,n/a,n/a,"For metrics, refresh"
best plan for audio hosting on amazon server,best plan for audio hosting on amazon server​,n/a,n/a,0,0,,n/a,n/a,n/a,0.00,0.00,n/a,n/a,"For metrics, refresh"
best plan for hosting in hostgator,best plan for hosting in hostgator​,n/a,n/a,0,0,,n/a,n/a,n/a,0.00,0.00,n/a,n/a,"For metrics, refresh"
best plan for php mysql android app hosting,best plan for php mysql android app hosting​,n/a,n/a,0,0,,n/a,n/a,n/a,0.00,0.00,n/a,n/a,"For metrics, refresh"
best plan for web hosting,best plan for web hosting​,n/a,n/a,0,0,,n/a,n/a,n/a,0.00,0.00,n/a,n/a,"For metrics, refresh"
best plan for web hosting in indai,best plan for web hosting in indai​,n/a,n/a,0,0,,n/a,n/a,n/a,0.00,0.00,n/a,n/a,"For metrics, refresh"
best plan for website hosting,best plan for website hosting​,n/a,n/a,0,0,,n/a,n/a,n/a,0.00,0.00,n/a,n/a,"For metrics, refresh"
best platform for hosting podcasts,best platform for hosting podcasts​,n/a,n/a,0,0,,n/a,n/a,n/a,0.00,0.00,n/a,n/a,"For metrics, refresh"
best platform for java based web hosting,best platform for java based web hosting​,n/a,n/a,0,0,,n/a,n/a,n/a,0.00,0.00,n/a,n/a,"For metrics, refresh"
best platform for java based web hosting free tier,best platform for java based web hosting free tier​,n/a,n/a,0,0,,n/a,n/a,n/a,0.00,0.00,n/a,n/a,"For metrics, refresh"
best platform for java based web hosting free tir,best platform for java based web hosting free tir​,n/a,n/a,0,0,,n/a,n/a,n/a,0.00,0.00,n/a,n/a,"For metrics, refresh"
best platform for magento jewelry site hosting webhostingtalk,best platform for magento jewelry site hosting webhostingtalk​,n/a,n/a,0,0,,n/a,n/a,n/a,0.00,0.00,n/a,n/a,"For metrics, refresh"
best platform for small website hosting,best platform for small website hosting​,n/a,n/a,0,0,,n/a,n/a,n/a,0.00,0.00,n/a,n/a,"For metrics, refresh"
best platforms for hosting your website,best platforms for hosting your website​,n/a,n/a,0,0,,n/a,n/a,n/a,0.00,0.00,n/a,n/a,"For metrics, refresh"
best podcast host for churches,best podcast host for churches​,n/a,n/a,0,0,,n/a,n/a,n/a,0.00,0.00,n/a,n/a,"For metrics, refresh"
best portflood for shared hosting,best portflood for shared hosting​,n/a,n/a,0,0,,n/a,n/a,n/a,0.00,0.00,n/a,n/a,"For metrics, refresh"
best practice for bastian host ssh,best practice for bastian host ssh​,n/a,n/a,0,0,,n/a,n/a,n/a,0.00,0.00,n/a,n/a,"For metrics, refresh"
best practice for host machine running hyperview manager,best practice for host machine running hyperview manager​,n/a,n/a,0,0,,n/a,n/a,n/a,0.00,0.00,n/a,n/a,"For metrics, refresh"
best practices for co-hosting dr center,best practices for co-hosting dr center​,n/a,n/a,0,0,,n/a,n/a,n/a,0.00,0.00,n/a,n/a,"For metrics, refresh"
best practices for hosted urls for payment,best practices for hosted urls for payment​,n/a,n/a,0,0,,n/a,n/a,n/a,0.00,0.00,n/a,n/a,"For metrics, refresh"
best practices for hosting an online meeting,best practices for hosting an online meeting​,n/a,n/a,0,0,,n/a,n/a,n/a,0.00,0.00,n/a,n/a,"For metrics, refresh"
best rate for web hosting,best rate for web hosting​,n/a,n/a,0,0,,n/a,n/a,n/a,0.00,0.00,n/a,n/a,"For metrics, refresh"
best realaiable hosting for free,best realaiable hosting for free​,n/a,n/a,0,0,,n/a,n/a,n/a,0.00,0.00,n/a,n/a,"For metrics, refresh"
best resort for hosting pre wedding functions,best resort for hosting pre wedding functions​,n/a,n/a,0,0,,n/a,n/a,n/a,0.00,0.00,n/a,n/a,"For metrics, refresh"
best resort for hosting pre wedding functions in himalayas,best resort for hosting pre wedding functions in himalayas​,n/a,n/a,0,0,,n/a,n/a,n/a,0.00,0.00,n/a,n/a,"For metrics, refresh"
best resort for hosting pre wedding functions in mountains,best resort for hosting pre wedding functions in mountains​,n/a,n/a,0,0,,n/a,n/a,n/a,0.00,0.00,n/a,n/a,"For metrics, refresh"
best review site for web hosting business,best review site for web hosting business​,n/a,n/a,0,0,,n/a,n/a,n/a,0.00,0.00,n/a,n/a,"For metrics, refresh"
best scalable hosting for nodejs,best scalable hosting for nodejs​,n/a,n/a,0,0,,n/a,n/a,n/a,0.00,0.00,n/a,n/a,"For metrics, refresh"
best scalable hosting with high performance for node js,best scalable hosting with high performance for node js​,n/a,n/a,0,0,,n/a,n/a,n/a,0.00,0.00,n/a,n/a,"For metrics, refresh"
best scalable hosting with high performance for nodejs,best scalable hosting with high performance for nodejs​,n/a,n/a,0,0,,n/a,n/a,n/a,0.00,0.00,n/a,n/a,"For metrics, refresh"
best search engine for file hosting sites,best search engine for file hosting sites​,n/a,n/a,0,0,,n/a,n/a,n/a,0.00,0.00,n/a,n/a,"For metrics, refresh"
best secure hosting for wordpress,best secure hosting for wordpress​,n/a,n/a,0,0,,n/a,n/a,n/a,0.00,0.00,n/a,n/a,"For metrics, refresh"
best secured economical hosting for small busienss,best secured economical hosting for small busienss​,n/a,n/a,0,0,,n/a,n/a,n/a,0.00,0.00,n/a,n/a,"For metrics, refresh"
best secured economical reseller hosting for small business,best secured economical reseller hosting for small business​,n/a,n/a,0,0,,n/a,n/a,n/a,0.00,0.00,n/a,n/a,"For metrics, refresh"
best self hosted cms for ecommerce,best self hosted cms for ecommerce​,n/a,n/a,0,0,,n/a,n/a,n/a,0.00,0.00,n/a,n/a,"For metrics, refresh"
best self hosted ecommerce cms for developers,best self hosted ecommerce cms for developers​,n/a,n/a,0,0,,n/a,n/a,n/a,0.00,0.00,n/a,n/a,"For metrics, refresh"
best self hosting for wordpress,best self hosting for wordpress​,n/a,n/a,0,0,,n/a,n/a,n/a,0.00,0.00,n/a,n/a,"For metrics, refresh"